transaction_id,store_id,date,transaction_time,day_of_week,num_items,subtotal_sar,discount_sar,tax_sar,total_sar,payment_method,order_channel,customer_satisfaction,wait_time_mins
TXN100000,S001,2024-10-01,11:47,Tuesday,2,56.0,0.0,8.4,64.4,MADA,DINE_IN,4,5
TXN100001,S001,2024-10-01,09:13,Tuesday,2,46.0,0.0,6.9,52.9,MADA,TAKEAWAY,4,14
TXN100002,S001,2024-10-01,13:55,Tuesday,1,26.0,0.0,3.9,29.9,DEBIT_CARD,DELIVERY,3,30
TXN100003,S001,2024-10-01,11:24,Tuesday,1,10.0,0.0,1.5,11.5,CASH,TAKEAWAY,4,11
TXN100004,S001,2024-10-01,11:18,Tuesday,4,68.0,0.0,10.2,78.2,CASH,DRIVE_THRU,5,3
TXN100005,S001,2024-10-01,19:55,Tuesday,2,37.0,0.0,5.55,42.55,DEBIT_CARD,DRIVE_THRU,4,4
TXN100006,S001,2024-10-01,18:44,Tuesday,4,88.0,0.0,13.2,101.2,CREDIT_CARD,DRIVE_THRU,4,5
TXN100007,S001,2024-10-01,23:40,Tuesday,3,52.0,0.0,7.8,59.8,CASH,DRIVE_THRU,5,5
TXN100008,S001,2024-10-01,14:04,Tuesday,2,28.0,0.0,4.2,32.2,DIGITAL_WALLET,TAKEAWAY,5,15
TXN100009,S001,2024-10-01,15:16,Tuesday,2,18.0,0.0,2.7,20.7,MADA,TAKEAWAY,5,11
TXN100010,S001,2024-10-01,13:08,Tuesday,3,70.0,0.0,10.5,80.5,CREDIT_CARD,TAKEAWAY,4,11
TXN100011,S001,2024-10-01,13:29,Tuesday,3,68.0,0.0,10.2,78.2,MADA,DELIVERY,5,30
TXN100012,S001,2024-10-01,11:27,Tuesday,2,53.0,0.0,7.95,60.95,CREDIT_CARD,DINE_IN,5,9
TXN100013,S001,2024-10-01,19:32,Tuesday,3,46.0,0.0,6.9,52.9,MADA,DINE_IN,4,12
TXN100014,S001,2024-10-01,09:59,Tuesday,2,55.0,5.5,7.42,56.92,MADA,DINE_IN,3,12
TXN100015,S001,2024-10-01,19:48,Tuesday,3,48.0,0.0,7.2,55.2,CREDIT_CARD,DELIVERY,4,39
TXN100016,S001,2024-10-01,14:13,Tuesday,4,80.0,0.0,12.0,92.0,DEBIT_CARD,TAKEAWAY,5,12
TXN100017,S001,2024-10-01,12:14,Tuesday,1,28.0,0.0,4.2,32.2,CREDIT_CARD,DRIVE_THRU,1,8
TXN100018,S001,2024-10-01,18:14,Tuesday,1,28.0,0.0,4.2,32.2,CASH,DRIVE_THRU,4,6
TXN100019,S001,2024-10-01,12:08,Tuesday,3,40.0,0.0,6.0,46.0,DIGITAL_WALLET,TAKEAWAY,3,6
TXN100020,S001,2024-10-01,18:22,Tuesday,3,72.0,7.2,9.72,74.52,DEBIT_CARD,DINE_IN,4,8
TXN100021,S001,2024-10-01,17:08,Tuesday,3,67.0,0.0,10.05,77.05,CASH,TAKEAWAY,5,13
TXN100022,S001,2024-10-01,11:41,Tuesday,5,131.0,0.0,19.65,150.65,CREDIT_CARD,TAKEAWAY,5,7
TXN100023,S001,2024-10-01,13:24,Tuesday,2,37.0,0.0,5.55,42.55,MADA,TAKEAWAY,3,9
TXN100024,S001,2024-10-01,12:03,Tuesday,3,46.0,4.6,6.21,47.61,MADA,TAKEAWAY,4,13
TXN100025,S001,2024-10-01,12:32,Tuesday,1,26.0,2.6,3.51,26.91,CASH,DRIVE_THRU,4,7
TXN100026,S001,2024-10-01,12:38,Tuesday,1,32.0,0.0,4.8,36.8,MADA,DELIVERY,5,26
TXN100027,S001,2024-10-01,18:20,Tuesday,2,41.0,0.0,6.15,47.15,DEBIT_CARD,TAKEAWAY,4,6
TXN100028,S001,2024-10-01,08:39,Tuesday,5,105.0,0.0,15.75,120.75,DEBIT_CARD,DINE_IN,5,10
TXN100029,S001,2024-10-01,13:28,Tuesday,4,61.0,6.1,8.23,63.13,MADA,DELIVERY,5,23
TXN100030,S001,2024-10-01,21:08,Tuesday,2,40.0,0.0,6.0,46.0,DEBIT_CARD,DRIVE_THRU,5,4
TXN100031,S001,2024-10-01,18:54,Tuesday,2,37.0,0.0,5.55,42.55,CASH,DINE_IN,5,9
TXN100032,S001,2024-10-01,10:21,Tuesday,4,75.0,0.0,11.25,86.25,DIGITAL_WALLET,DINE_IN,3,7
TXN100033,S001,2024-10-01,17:53,Tuesday,2,34.0,0.0,5.1,39.1,CASH,DELIVERY,4,21
TXN100034,S001,2024-10-01,20:13,Tuesday,3,54.0,0.0,8.1,62.1,DIGITAL_WALLET,DRIVE_THRU,5,4
TXN100035,S001,2024-10-01,19:51,Tuesday,4,79.0,0.0,11.85,90.85,DIGITAL_WALLET,DRIVE_THRU,4,8
TXN100036,S001,2024-10-01,11:55,Tuesday,1,12.0,0.0,1.8,13.8,DIGITAL_WALLET,DELIVERY,4,27
TXN100037,S001,2024-10-01,12:42,Tuesday,2,35.0,0.0,5.25,40.25,DEBIT_CARD,DELIVERY,5,32
TXN100038,S001,2024-10-01,18:53,Tuesday,3,85.0,0.0,12.75,97.75,DEBIT_CARD,DINE_IN,3,11
TXN100039,S001,2024-10-01,13:50,Tuesday,2,26.0,0.0,3.9,29.9,MADA,DRIVE_THRU,4,8
TXN100040,S001,2024-10-01,14:33,Tuesday,4,60.0,0.0,9.0,69.0,DEBIT_CARD,DELIVERY,5,23
TXN100041,S001,2024-10-01,19:19,Tuesday,3,37.0,0.0,5.55,42.55,DEBIT_CARD,DRIVE_THRU,3,8
TXN100042,S001,2024-10-01,21:43,Tuesday,3,56.0,0.0,8.4,64.4,MADA,DINE_IN,4,8
TXN100043,S001,2024-10-01,14:37,Tuesday,3,34.0,0.0,5.1,39.1,CREDIT_CARD,TAKEAWAY,5,7
TXN100044,S001,2024-10-01,18:18,Tuesday,3,40.0,4.0,5.4,41.4,CREDIT_CARD,DELIVERY,4,26
TXN100045,S001,2024-10-01,12:02,Tuesday,2,30.0,0.0,4.5,34.5,CASH,TAKEAWAY,4,15
TXN100046,S001,2024-10-01,18:45,Tuesday,3,57.0,0.0,8.55,65.55,CASH,DINE_IN,5,8
TXN100047,S001,2024-10-01,12:44,Tuesday,3,66.0,0.0,9.9,75.9,CASH,TAKEAWAY,3,12
TXN100048,S001,2024-10-01,18:35,Tuesday,3,38.0,0.0,5.7,43.7,MADA,TAKEAWAY,5,12
TXN100049,S001,2024-10-01,15:48,Tuesday,2,37.0,0.0,5.55,42.55,MADA,TAKEAWAY,5,9
TXN100050,S001,2024-10-01,14:45,Tuesday,2,35.0,0.0,5.25,40.25,MADA,DINE_IN,3,8
TXN100051,S001,2024-10-01,13:09,Tuesday,3,59.0,0.0,8.85,67.85,DIGITAL_WALLET,TAKEAWAY,2,11
TXN100052,S001,2024-10-01,13:49,Tuesday,3,56.0,0.0,8.4,64.4,CASH,DELIVERY,4,32
TXN100053,S001,2024-10-01,19:53,Tuesday,3,36.0,0.0,5.4,41.4,DIGITAL_WALLET,DRIVE_THRU,4,6
TXN100054,S001,2024-10-01,09:21,Tuesday,3,53.0,0.0,7.95,60.95,MADA,DINE_IN,5,14
TXN100055,S001,2024-10-01,17:01,Tuesday,1,15.0,0.0,2.25,17.25,DIGITAL_WALLET,DRIVE_THRU,2,6
TXN100056,S001,2024-10-01,13:29,Tuesday,2,40.0,0.0,6.0,46.0,DIGITAL_WALLET,DELIVERY,5,35
TXN100057,S001,2024-10-01,09:34,Tuesday,1,10.0,0.0,1.5,11.5,CASH,DINE_IN,5,8
TXN100058,S001,2024-10-01,12:01,Tuesday,3,68.0,0.0,10.2,78.2,MADA,DRIVE_THRU,4,5
TXN100059,S001,2024-10-01,19:10,Tuesday,3,68.0,0.0,10.2,78.2,CASH,DINE_IN,5,14
TXN100060,S001,2024-10-01,18:24,Tuesday,2,40.0,4.0,5.4,41.4,CREDIT_CARD,DINE_IN,5,9
TXN100061,S001,2024-10-01,19:38,Tuesday,4,64.0,0.0,9.6,73.6,DEBIT_CARD,DINE_IN,4,10
TXN100062,S001,2024-10-01,08:26,Tuesday,4,69.0,0.0,10.35,79.35,DIGITAL_WALLET,DRIVE_THRU,5,8
TXN100063,S001,2024-10-01,13:51,Tuesday,4,62.0,0.0,9.3,71.3,CREDIT_CARD,DINE_IN,4,12
TXN100064,S001,2024-10-01,12:29,Tuesday,3,37.0,3.7,4.99,38.29,DEBIT_CARD,DRIVE_THRU,4,5
TXN100065,S001,2024-10-01,19:21,Tuesday,2,43.0,0.0,6.45,49.45,MADA,DRIVE_THRU,3,8
TXN100066,S001,2024-10-01,14:35,Tuesday,4,52.0,0.0,7.8,59.8,CASH,DELIVERY,4,27
TXN100067,S001,2024-10-01,13:37,Tuesday,2,18.0,0.0,2.7,20.7,MADA,DELIVERY,4,34
TXN100068,S001,2024-10-01,13:16,Tuesday,2,40.0,0.0,6.0,46.0,MADA,DRIVE_THRU,3,8
TXN100069,S001,2024-10-01,16:46,Tuesday,3,51.0,0.0,7.65,58.65,CREDIT_CARD,DELIVERY,4,25
TXN100070,S001,2024-10-01,13:45,Tuesday,3,65.0,0.0,9.75,74.75,CREDIT_CARD,TAKEAWAY,3,5
TXN100071,S001,2024-10-01,18:30,Tuesday,3,64.0,0.0,9.6,73.6,DIGITAL_WALLET,DINE_IN,5,11
TXN100072,S001,2024-10-01,16:36,Tuesday,3,66.0,0.0,9.9,75.9,DEBIT_CARD,DINE_IN,5,6
TXN100073,S001,2024-10-01,17:26,Tuesday,3,56.0,0.0,8.4,64.4,DIGITAL_WALLET,DELIVERY,5,33
TXN100074,S001,2024-10-01,13:39,Tuesday,1,10.0,1.0,1.35,10.35,CREDIT_CARD,DRIVE_THRU,4,3
TXN100075,S001,2024-10-01,12:11,Tuesday,3,69.0,0.0,10.35,79.35,MADA,TAKEAWAY,4,8
TXN100076,S001,2024-10-01,13:18,Tuesday,3,74.0,0.0,11.1,85.1,MADA,DRIVE_THRU,4,7
TXN100077,S001,2024-10-01,12:09,Tuesday,4,96.0,0.0,14.4,110.4,MADA,DELIVERY,4,34
TXN100078,S001,2024-10-01,18:44,Tuesday,3,45.0,0.0,6.75,51.75,CASH,DINE_IN,5,10
TXN100079,S001,2024-10-01,18:01,Tuesday,1,12.0,0.0,1.8,13.8,MADA,DINE_IN,5,15
TXN100080,S001,2024-10-01,19:36,Tuesday,1,26.0,0.0,3.9,29.9,DIGITAL_WALLET,DELIVERY,3,38
TXN100081,S001,2024-10-01,14:52,Tuesday,3,54.0,0.0,8.1,62.1,DEBIT_CARD,DINE_IN,5,10
TXN100082,S001,2024-10-01,14:31,Tuesday,2,23.0,2.3,3.1,23.8,CASH,DELIVERY,4,23
TXN100083,S001,2024-10-01,22:25,Tuesday,4,60.0,0.0,9.0,69.0,CREDIT_CARD,DELIVERY,5,35
TXN100084,S001,2024-10-01,18:48,Tuesday,1,25.0,0.0,3.75,28.75,DEBIT_CARD,TAKEAWAY,5,12
TXN100085,S001,2024-10-01,12:40,Tuesday,3,81.0,0.0,12.15,93.15,MADA,TAKEAWAY,3,6
TXN100086,S001,2024-10-01,15:07,Tuesday,3,63.0,0.0,9.45,72.45,DEBIT_CARD,TAKEAWAY,5,12
TXN100087,S001,2024-10-01,12:35,Tuesday,2,48.0,0.0,7.2,55.2,CREDIT_CARD,DINE_IN,4,11
TXN100088,S001,2024-10-01,13:50,Tuesday,3,65.0,0.0,9.75,74.75,MADA,TAKEAWAY,5,12
TXN100089,S001,2024-10-01,17:22,Tuesday,2,23.0,0.0,3.45,26.45,DEBIT_CARD,DRIVE_THRU,5,4
TXN100090,S001,2024-10-01,18:14,Tuesday,4,65.0,0.0,9.75,74.75,DIGITAL_WALLET,TAKEAWAY,5,15
TXN100091,S001,2024-10-01,22:31,Tuesday,5,94.0,0.0,14.1,108.1,DIGITAL_WALLET,DINE_IN,4,12
TXN100092,S001,2024-10-01,08:09,Tuesday,3,70.0,0.0,10.5,80.5,DEBIT_CARD,DELIVERY,5,32
TXN100093,S001,2024-10-01,18:54,Tuesday,2,20.0,0.0,3.0,23.0,DEBIT_CARD,TAKEAWAY,5,5
TXN100094,S001,2024-10-01,18:15,Tuesday,3,87.0,0.0,13.05,100.05,CASH,DINE_IN,4,9
TXN100095,S001,2024-10-01,20:02,Tuesday,2,53.0,0.0,7.95,60.95,DIGITAL_WALLET,DRIVE_THRU,4,6
TXN100096,S001,2024-10-01,17:50,Tuesday,2,58.0,0.0,8.7,66.7,DIGITAL_WALLET,DRIVE_THRU,4,7
TXN100097,S001,2024-10-01,12:29,Tuesday,3,65.0,0.0,9.75,74.75,DIGITAL_WALLET,DELIVERY,5,25
TXN100098,S001,2024-10-01,11:22,Tuesday,5,74.0,0.0,11.1,85.1,CREDIT_CARD,TAKEAWAY,5,6
TXN100099,S001,2024-10-01,12:36,Tuesday,2,35.0,3.5,4.72,36.22,DIGITAL_WALLET,DELIVERY,1,21
TXN100100,S001,2024-10-01,20:47,Tuesday,3,73.0,0.0,10.95,83.95,CREDIT_CARD,DRIVE_THRU,5,8
TXN100101,S001,2024-10-01,19:49,Tuesday,3,70.0,0.0,10.5,80.5,CASH,DELIVERY,5,21
TXN100102,S001,2024-10-01,18:46,Tuesday,2,35.0,0.0,5.25,40.25,CREDIT_CARD,DRIVE_THRU,3,7
TXN100103,S001,2024-10-01,19:23,Tuesday,3,61.0,0.0,9.15,70.15,DIGITAL_WALLET,DELIVERY,5,30
TXN100104,S001,2024-10-01,19:29,Tuesday,5,89.0,8.9,12.01,92.11,DIGITAL_WALLET,DINE_IN,4,6
TXN100105,S001,2024-10-01,15:43,Tuesday,3,58.0,0.0,8.7,66.7,DEBIT_CARD,DINE_IN,5,12
TXN100106,S001,2024-10-01,09:56,Tuesday,4,90.0,0.0,13.5,103.5,DIGITAL_WALLET,DELIVERY,5,23
TXN100107,S001,2024-10-01,12:02,Tuesday,2,44.0,4.4,5.94,45.54,MADA,DRIVE_THRU,4,5
TXN100108,S001,2024-10-01,18:47,Tuesday,3,41.0,0.0,6.15,47.15,CREDIT_CARD,TAKEAWAY,5,12
TXN100109,S001,2024-10-01,18:17,Tuesday,1,10.0,0.0,1.5,11.5,DIGITAL_WALLET,DRIVE_THRU,5,3
TXN100110,S001,2024-10-01,22:23,Tuesday,3,50.0,0.0,7.5,57.5,CREDIT_CARD,DINE_IN,5,12
TXN100111,S001,2024-10-01,11:13,Tuesday,3,58.0,0.0,8.7,66.7,CREDIT_CARD,DRIVE_THRU,5,4
TXN100112,S001,2024-10-01,10:48,Tuesday,3,60.0,0.0,9.0,69.0,CREDIT_CARD,DINE_IN,4,7
TXN100113,S001,2024-10-01,23:34,Tuesday,2,58.0,0.0,8.7,66.7,CASH,DRIVE_THRU,1,4
TXN100114,S001,2024-10-01,18:01,Tuesday,2,54.0,0.0,8.1,62.1,MADA,DINE_IN,5,12
TXN100115,S001,2024-10-01,14:23,Tuesday,3,52.0,0.0,7.8,59.8,MADA,DINE_IN,5,15
TXN100116,S001,2024-10-01,17:29,Tuesday,3,50.0,0.0,7.5,57.5,DIGITAL_WALLET,DINE_IN,4,12
TXN100117,S001,2024-10-01,11:05,Tuesday,2,58.0,0.0,8.7,66.7,MADA,DELIVERY,4,39
TXN100118,S001,2024-10-01,17:29,Tuesday,3,59.0,0.0,8.85,67.85,MADA,DRIVE_THRU,4,4
TXN100119,S001,2024-10-01,14:52,Tuesday,3,57.0,0.0,8.55,65.55,DEBIT_CARD,DELIVERY,5,35
TXN100120,S001,2024-10-01,10:53,Tuesday,1,15.0,1.5,2.02,15.52,DEBIT_CARD,DRIVE_THRU,4,7
TXN100121,S001,2024-10-01,21:35,Tuesday,2,47.0,0.0,7.05,54.05,DIGITAL_WALLET,DINE_IN,5,14
TXN100122,S001,2024-10-01,13:06,Tuesday,3,68.0,0.0,10.2,78.2,CASH,DELIVERY,5,31
TXN100123,S001,2024-10-01,11:17,Tuesday,3,41.0,0.0,6.15,47.15,MADA,DINE_IN,4,15
TXN100124,S001,2024-10-01,19:17,Tuesday,1,25.0,0.0,3.75,28.75,DEBIT_CARD,DELIVERY,4,25
TXN100125,S001,2024-10-01,19:36,Tuesday,3,86.0,8.6,11.61,89.01,MADA,DRIVE_THRU,4,6
TXN100126,S001,2024-10-01,13:23,Tuesday,2,28.0,0.0,4.2,32.2,CASH,DRIVE_THRU,3,7
TXN100127,S001,2024-10-01,10:05,Tuesday,2,27.0,0.0,4.05,31.05,DIGITAL_WALLET,TAKEAWAY,4,13
TXN100128,S001,2024-10-01,11:27,Tuesday,2,22.0,0.0,3.3,25.3,MADA,DELIVERY,2,32
TXN100129,S001,2024-10-01,23:03,Tuesday,1,25.0,0.0,3.75,28.75,CREDIT_CARD,DELIVERY,4,23
TXN100130,S001,2024-10-01,08:47,Tuesday,3,49.0,0.0,7.35,56.35,MADA,DELIVERY,3,21
TXN100131,S001,2024-10-01,14:29,Tuesday,4,55.0,0.0,8.25,63.25,DIGITAL_WALLET,DELIVERY,3,20
TXN100132,S001,2024-10-01,22:10,Tuesday,4,72.0,0.0,10.8,82.8,CASH,DRIVE_THRU,4,6
TXN100133,S001,2024-10-01,17:25,Tuesday,4,62.0,0.0,9.3,71.3,CASH,DINE_IN,4,8
TXN100134,S001,2024-10-01,20:22,Tuesday,2,38.0,0.0,5.7,43.7,CREDIT_CARD,DELIVERY,3,39
TXN100135,S001,2024-10-01,12:48,Tuesday,3,50.0,0.0,7.5,57.5,MADA,TAKEAWAY,5,14
TXN100136,S001,2024-10-01,18:39,Tuesday,2,22.0,0.0,3.3,25.3,CASH,TAKEAWAY,4,9
TXN100137,S001,2024-10-01,19:37,Tuesday,1,8.0,0.8,1.08,8.28,DIGITAL_WALLET,TAKEAWAY,2,10
TXN100138,S001,2024-10-01,19:04,Tuesday,3,62.0,0.0,9.3,71.3,DIGITAL_WALLET,DINE_IN,4,14
TXN100139,S001,2024-10-01,18:20,Tuesday,3,62.0,0.0,9.3,71.3,DEBIT_CARD,DINE_IN,4,7
TXN100140,S001,2024-10-01,10:45,Tuesday,3,32.0,0.0,4.8,36.8,DEBIT_CARD,DELIVERY,5,32
TXN100141,S001,2024-10-01,14:21,Tuesday,3,50.0,5.0,6.75,51.75,CASH,TAKEAWAY,4,15
TXN100142,S001,2024-10-01,21:38,Tuesday,4,86.0,0.0,12.9,98.9,DEBIT_CARD,TAKEAWAY,3,6
TXN100143,S001,2024-10-01,13:24,Tuesday,3,44.0,4.4,5.94,45.54,DIGITAL_WALLET,DELIVERY,1,29
TXN100144,S001,2024-10-01,12:13,Tuesday,2,42.0,0.0,6.3,48.3,CREDIT_CARD,DRIVE_THRU,3,3
TXN100145,S001,2024-10-01,16:34,Tuesday,4,72.0,0.0,10.8,82.8,CREDIT_CARD,DRIVE_THRU,3,8
TXN100146,S001,2024-10-01,19:51,Tuesday,4,65.0,0.0,9.75,74.75,CREDIT_CARD,TAKEAWAY,4,12
TXN100147,S001,2024-10-01,12:15,Tuesday,2,42.0,0.0,6.3,48.3,MADA,TAKEAWAY,4,9
TXN100148,S001,2024-10-01,19:32,Tuesday,3,74.0,0.0,11.1,85.1,DEBIT_CARD,DINE_IN,5,10
TXN100149,S001,2024-10-01,17:06,Tuesday,3,65.0,6.5,8.78,67.28,CREDIT_CARD,DELIVERY,4,36
TXN100150,S001,2024-10-01,12:27,Tuesday,1,30.0,0.0,4.5,34.5,DEBIT_CARD,DINE_IN,4,11
TXN100151,S001,2024-10-01,16:15,Tuesday,2,42.0,0.0,6.3,48.3,DEBIT_CARD,DINE_IN,5,15
TXN100152,S001,2024-10-01,13:09,Tuesday,2,37.0,0.0,5.55,42.55,CREDIT_CARD,TAKEAWAY,4,5
TXN100153,S001,2024-10-01,20:01,Tuesday,2,34.0,0.0,5.1,39.1,MADA,TAKEAWAY,3,9
TXN100154,S001,2024-10-01,12:07,Tuesday,1,15.0,0.0,2.25,17.25,MADA,TAKEAWAY,2,12
TXN100155,S001,2024-10-01,18:01,Tuesday,3,74.0,0.0,11.1,85.1,CASH,DELIVERY,4,33
TXN100156,S001,2024-10-01,12:42,Tuesday,1,10.0,1.0,1.35,10.35,MADA,DINE_IN,4,12
TXN100157,S001,2024-10-01,10:24,Tuesday,5,113.0,0.0,16.95,129.95,CASH,DELIVERY,3,31
TXN100158,S001,2024-10-01,17:52,Tuesday,3,34.0,0.0,5.1,39.1,CREDIT_CARD,DINE_IN,5,12
TXN100159,S001,2024-10-01,10:12,Tuesday,1,30.0,0.0,4.5,34.5,DEBIT_CARD,DELIVERY,4,37
TXN100160,S001,2024-10-01,15:02,Tuesday,4,93.0,0.0,13.95,106.95,DEBIT_CARD,DELIVERY,3,31
TXN100161,S001,2024-10-01,14:25,Tuesday,3,51.0,0.0,7.65,58.65,DIGITAL_WALLET,DELIVERY,5,36
TXN100162,S001,2024-10-01,13:05,Tuesday,3,65.0,0.0,9.75,74.75,CREDIT_CARD,DELIVERY,4,22
TXN100163,S001,2024-10-01,13:18,Tuesday,2,33.0,0.0,4.95,37.95,DIGITAL_WALLET,DELIVERY,4,31
TXN100164,S001,2024-10-01,18:27,Tuesday,2,60.0,0.0,9.0,69.0,DIGITAL_WALLET,DELIVERY,4,25
TXN100165,S001,2024-10-01,21:09,Tuesday,4,78.0,7.8,10.53,80.73,DEBIT_CARD,DELIVERY,4,38
TXN100166,S001,2024-10-01,09:09,Tuesday,3,32.0,0.0,4.8,36.8,MADA,DRIVE_THRU,4,6
TXN100167,S001,2024-10-01,13:17,Tuesday,2,60.0,0.0,9.0,69.0,DIGITAL_WALLET,TAKEAWAY,5,6
TXN100168,S001,2024-10-01,13:16,Tuesday,3,73.0,0.0,10.95,83.95,DIGITAL_WALLET,DRIVE_THRU,3,3
TXN100169,S001,2024-10-01,15:57,Tuesday,3,54.0,0.0,8.1,62.1,CASH,DELIVERY,5,25
TXN100170,S001,2024-10-01,19:59,Tuesday,3,44.0,0.0,6.6,50.6,CREDIT_CARD,DRIVE_THRU,4,6
TXN100171,S001,2024-10-01,09:35,Tuesday,3,46.0,0.0,6.9,52.9,CASH,DINE_IN,4,12
TXN100172,S001,2024-10-01,17:49,Tuesday,3,76.0,0.0,11.4,87.4,CASH,TAKEAWAY,4,13
TXN100173,S001,2024-10-01,13:56,Tuesday,4,64.0,0.0,9.6,73.6,CREDIT_CARD,TAKEAWAY,4,5
TXN100174,S001,2024-10-01,19:33,Tuesday,2,36.0,0.0,5.4,41.4,CREDIT_CARD,DELIVERY,5,36
TXN100175,S001,2024-10-01,20:54,Tuesday,1,30.0,0.0,4.5,34.5,MADA,DELIVERY,3,29
TXN100176,S001,2024-10-01,18:05,Tuesday,3,56.0,0.0,8.4,64.4,MADA,DELIVERY,5,38
TXN100177,S001,2024-10-01,10:55,Tuesday,1,28.0,0.0,4.2,32.2,MADA,DELIVERY,5,38
TXN100178,S001,2024-10-01,14:40,Tuesday,1,12.0,0.0,1.8,13.8,DEBIT_CARD,TAKEAWAY,4,15
TXN100179,S001,2024-10-01,14:29,Tuesday,1,28.0,0.0,4.2,32.2,DIGITAL_WALLET,TAKEAWAY,4,10
TXN100180,S001,2024-10-01,18:20,Tuesday,4,61.0,0.0,9.15,70.15,MADA,DINE_IN,4,12
TXN100181,S001,2024-10-01,12:28,Tuesday,2,60.0,0.0,9.0,69.0,DIGITAL_WALLET,TAKEAWAY,4,7
TXN100182,S001,2024-10-01,19:59,Tuesday,3,66.0,0.0,9.9,75.9,MADA,TAKEAWAY,4,9
TXN100183,S001,2024-10-01,16:05,Tuesday,4,68.0,0.0,10.2,78.2,CASH,DINE_IN,4,14
TXN100184,S001,2024-10-01,20:41,Tuesday,3,61.0,0.0,9.15,70.15,DIGITAL_WALLET,DRIVE_THRU,5,8
TXN100185,S001,2024-10-01,13:25,Tuesday,2,43.0,0.0,6.45,49.45,CREDIT_CARD,DELIVERY,4,22
TXN100186,S001,2024-10-01,13:28,Tuesday,4,87.0,0.0,13.05,100.05,CASH,TAKEAWAY,4,10
TXN100187,S001,2024-10-01,17:23,Tuesday,4,71.0,0.0,10.65,81.65,CASH,DINE_IN,3,10
TXN100188,S001,2024-10-01,19:33,Tuesday,3,52.0,0.0,7.8,59.8,MADA,DELIVERY,3,39
TXN100189,S001,2024-10-01,19:19,Tuesday,3,30.0,0.0,4.5,34.5,MADA,DELIVERY,4,20
TXN100190,S001,2024-10-01,13:43,Tuesday,2,33.0,0.0,4.95,37.95,CASH,TAKEAWAY,4,15
TXN100191,S001,2024-10-01,19:49,Tuesday,3,76.0,0.0,11.4,87.4,MADA,TAKEAWAY,3,15
TXN100192,S001,2024-10-01,12:36,Tuesday,4,102.0,0.0,15.3,117.3,CREDIT_CARD,TAKEAWAY,5,11
TXN100193,S001,2024-10-01,16:39,Tuesday,4,72.0,0.0,10.8,82.8,DEBIT_CARD,TAKEAWAY,4,10
TXN100194,S001,2024-10-01,21:29,Tuesday,4,53.0,0.0,7.95,60.95,CREDIT_CARD,DRIVE_THRU,4,5
TXN100195,S001,2024-10-01,12:19,Tuesday,4,62.0,0.0,9.3,71.3,MADA,DELIVERY,4,38
TXN100196,S001,2024-10-01,18:24,Tuesday,4,76.0,7.6,10.26,78.66,CASH,DELIVERY,5,40
TXN100197,S001,2024-10-01,12:30,Tuesday,2,33.0,0.0,4.95,37.95,DEBIT_CARD,DRIVE_THRU,3,8
TXN100198,S001,2024-10-01,18:15,Tuesday,1,8.0,0.0,1.2,9.2,CREDIT_CARD,DINE_IN,3,10
TXN100199,S001,2024-10-01,19:06,Tuesday,3,62.0,0.0,9.3,71.3,CREDIT_CARD,TAKEAWAY,5,12
TXN100200,S001,2024-10-01,15:12,Tuesday,4,73.0,0.0,10.95,83.95,CASH,DRIVE_THRU,4,8
TXN100201,S001,2024-10-01,19:02,Tuesday,4,79.0,0.0,11.85,90.85,DIGITAL_WALLET,TAKEAWAY,3,9
TXN100202,S001,2024-10-01,19:00,Tuesday,2,50.0,0.0,7.5,57.5,DEBIT_CARD,DELIVERY,4,40
TXN100203,S001,2024-10-01,17:31,Tuesday,4,71.0,0.0,10.65,81.65,CASH,DELIVERY,3,34
TXN100204,S001,2024-10-01,18:45,Tuesday,2,20.0,0.0,3.0,23.0,MADA,DRIVE_THRU,3,8
TXN100205,S001,2024-10-01,20:52,Tuesday,3,57.0,0.0,8.55,65.55,CREDIT_CARD,DRIVE_THRU,4,4
TXN100206,S001,2024-10-01,08:24,Tuesday,2,35.0,0.0,5.25,40.25,MADA,DINE_IN,4,10
TXN100207,S001,2024-10-01,18:03,Tuesday,3,63.0,0.0,9.45,72.45,MADA,DELIVERY,5,40
TXN100208,S001,2024-10-01,20:18,Tuesday,2,40.0,0.0,6.0,46.0,DIGITAL_WALLET,DRIVE_THRU,4,7
TXN100209,S001,2024-10-01,13:44,Tuesday,3,50.0,0.0,7.5,57.5,MADA,DINE_IN,4,13
TXN100210,S001,2024-10-01,18:04,Tuesday,4,86.0,0.0,12.9,98.9,MADA,DRIVE_THRU,3,7
TXN100211,S001,2024-10-01,14:43,Tuesday,2,30.0,3.0,4.05,31.05,MADA,TAKEAWAY,5,12
TXN100212,S001,2024-10-01,12:26,Tuesday,3,48.0,0.0,7.2,55.2,DEBIT_CARD,DINE_IN,4,5
TXN100213,S001,2024-10-01,19:37,Tuesday,1,15.0,0.0,2.25,17.25,CASH,DINE_IN,5,6
TXN100214,S001,2024-10-01,23:30,Tuesday,1,15.0,0.0,2.25,17.25,CREDIT_CARD,TAKEAWAY,4,11
TXN100215,S001,2024-10-01,15:58,Tuesday,4,81.0,0.0,12.15,93.15,DEBIT_CARD,DINE_IN,3,13
TXN100216,S001,2024-10-01,13:08,Tuesday,3,70.0,0.0,10.5,80.5,DIGITAL_WALLET,TAKEAWAY,4,8
TXN100217,S001,2024-10-01,12:22,Tuesday,2,62.0,6.2,8.37,64.17,DIGITAL_WALLET,DINE_IN,4,6
TXN100218,S001,2024-10-01,11:02,Tuesday,3,70.0,0.0,10.5,80.5,DIGITAL_WALLET,TAKEAWAY,4,8
TXN100219,S001,2024-10-01,19:49,Tuesday,1,8.0,0.0,1.2,9.2,CREDIT_CARD,DELIVERY,4,30
TXN100220,S001,2024-10-01,12:56,Tuesday,2,20.0,0.0,3.0,23.0,DEBIT_CARD,DELIVERY,2,38
TXN100221,S001,2024-10-01,20:58,Tuesday,2,27.0,0.0,4.05,31.05,CASH,DELIVERY,5,32
TXN100222,S001,2024-10-01,19:20,Tuesday,3,66.0,0.0,9.9,75.9,MADA,TAKEAWAY,4,8
TXN100223,S001,2024-10-01,13:45,Tuesday,2,40.0,0.0,6.0,46.0,DIGITAL_WALLET,DRIVE_THRU,4,5
TXN100224,S001,2024-10-01,12:41,Tuesday,1,12.0,0.0,1.8,13.8,CASH,DRIVE_THRU,2,6
TXN100225,S001,2024-10-01,18:38,Tuesday,1,32.0,0.0,4.8,36.8,MADA,DRIVE_THRU,4,5
TXN100226,S001,2024-10-01,13:58,Tuesday,1,30.0,0.0,4.5,34.5,CASH,TAKEAWAY,5,14
TXN100227,S001,2024-10-01,18:25,Tuesday,4,58.0,0.0,8.7,66.7,DEBIT_CARD,DELIVERY,4,36
TXN100228,S001,2024-10-01,20:29,Tuesday,1,10.0,0.0,1.5,11.5,DEBIT_CARD,DRIVE_THRU,4,6
TXN100229,S001,2024-10-01,10:55,Tuesday,2,54.0,0.0,8.1,62.1,MADA,TAKEAWAY,4,8
TXN100230,S001,2024-10-01,13:24,Tuesday,3,50.0,0.0,7.5,57.5,DEBIT_CARD,DELIVERY,5,35
TXN100231,S001,2024-10-01,22:41,Tuesday,3,48.0,0.0,7.2,55.2,MADA,TAKEAWAY,3,13
TXN100232,S001,2024-10-01,23:03,Tuesday,3,72.0,0.0,10.8,82.8,DIGITAL_WALLET,DRIVE_THRU,5,4
TXN100233,S001,2024-10-01,10:09,Tuesday,1,8.0,0.0,1.2,9.2,CASH,TAKEAWAY,5,5
TXN100234,S001,2024-10-01,08:35,Tuesday,3,61.0,0.0,9.15,70.15,DEBIT_CARD,DINE_IN,4,15
TXN100235,S001,2024-10-01,14:58,Tuesday,2,40.0,0.0,6.0,46.0,CREDIT_CARD,DELIVERY,5,28
TXN100236,S001,2024-10-01,19:05,Tuesday,2,27.0,0.0,4.05,31.05,CREDIT_CARD,DELIVERY,5,22
TXN100237,S001,2024-10-01,18:54,Tuesday,3,75.0,0.0,11.25,86.25,MADA,TAKEAWAY,2,5
TXN100238,S001,2024-10-01,18:05,Tuesday,3,37.0,0.0,5.55,42.55,CASH,DINE_IN,4,14
TXN100239,S001,2024-10-01,15:02,Tuesday,4,73.0,0.0,10.95,83.95,DEBIT_CARD,DINE_IN,5,14
TXN100240,S001,2024-10-01,12:52,Tuesday,3,72.0,0.0,10.8,82.8,CREDIT_CARD,TAKEAWAY,5,13
TXN100241,S001,2024-10-01,13:48,Tuesday,3,50.0,0.0,7.5,57.5,DEBIT_CARD,DINE_IN,3,8
TXN100242,S001,2024-10-01,19:21,Tuesday,3,43.0,0.0,6.45,49.45,DEBIT_CARD,DINE_IN,5,12
TXN100243,S001,2024-10-01,16:22,Tuesday,3,51.0,0.0,7.65,58.65,DIGITAL_WALLET,DINE_IN,5,9
TXN100244,S001,2024-10-01,19:45,Tuesday,1,25.0,0.0,3.75,28.75,CREDIT_CARD,TAKEAWAY,4,6
TXN100245,S001,2024-10-01,11:19,Tuesday,3,83.0,8.3,11.21,85.91,DIGITAL_WALLET,TAKEAWAY,4,13
TXN100246,S001,2024-10-01,14:01,Tuesday,1,8.0,0.8,1.08,8.28,MADA,DELIVERY,5,20
TXN100247,S001,2024-10-01,13:24,Tuesday,4,60.0,0.0,9.0,69.0,DIGITAL_WALLET,DRIVE_THRU,3,5
TXN100248,S001,2024-10-01,13:09,Tuesday,1,15.0,0.0,2.25,17.25,DEBIT_CARD,TAKEAWAY,5,10
TXN100249,S001,2024-10-01,12:15,Tuesday,3,42.0,0.0,6.3,48.3,CASH,DRIVE_THRU,4,6
TXN100250,S001,2024-10-01,13:39,Tuesday,2,22.0,0.0,3.3,25.3,MADA,DRIVE_THRU,4,7
TXN100251,S001,2024-10-01,21:12,Tuesday,3,51.0,0.0,7.65,58.65,DIGITAL_WALLET,DRIVE_THRU,4,5
TXN100252,S001,2024-10-01,19:25,Tuesday,2,48.0,0.0,7.2,55.2,MADA,DRIVE_THRU,5,7
TXN100253,S001,2024-10-01,09:46,Tuesday,3,52.0,0.0,7.8,59.8,CASH,TAKEAWAY,5,7
TXN100254,S001,2024-10-01,18:15,Tuesday,2,41.0,0.0,6.15,47.15,CASH,TAKEAWAY,5,12
TXN100255,S001,2024-10-01,18:34,Tuesday,3,33.0,3.3,4.46,34.16,DEBIT_CARD,DINE_IN,3,8
TXN100256,S001,2024-10-01,18:22,Tuesday,2,46.0,0.0,6.9,52.9,DIGITAL_WALLET,DELIVERY,5,33
TXN100257,S001,2024-10-01,11:06,Tuesday,2,18.0,0.0,2.7,20.7,MADA,DRIVE_THRU,4,6
TXN100258,S001,2024-10-01,15:43,Tuesday,3,44.0,0.0,6.6,50.6,DIGITAL_WALLET,DINE_IN,4,6
TXN100259,S001,2024-10-01,11:46,Tuesday,2,35.0,0.0,5.25,40.25,CREDIT_CARD,TAKEAWAY,4,6
TXN100260,S001,2024-10-01,14:44,Tuesday,3,85.0,0.0,12.75,97.75,CASH,DINE_IN,5,15
TXN100261,S001,2024-10-01,11:51,Tuesday,2,40.0,0.0,6.0,46.0,MADA,DRIVE_THRU,4,6
TXN100262,S001,2024-10-01,21:14,Tuesday,4,63.0,0.0,9.45,72.45,MADA,DRIVE_THRU,4,6
TXN100263,S001,2024-10-01,13:45,Tuesday,2,57.0,0.0,8.55,65.55,MADA,DRIVE_THRU,4,4
TXN100264,S001,2024-10-01,15:16,Tuesday,3,30.0,0.0,4.5,34.5,MADA,TAKEAWAY,4,10
TXN100265,S001,2024-10-01,13:29,Tuesday,3,55.0,0.0,8.25,63.25,CREDIT_CARD,DELIVERY,3,29
TXN100266,S001,2024-10-01,11:23,Tuesday,3,35.0,0.0,5.25,40.25,MADA,TAKEAWAY,4,12
TXN100267,S001,2024-10-01,18:44,Tuesday,4,56.0,0.0,8.4,64.4,CREDIT_CARD,DELIVERY,5,39
TXN100268,S001,2024-10-01,10:22,Tuesday,5,93.0,0.0,13.95,106.95,DIGITAL_WALLET,TAKEAWAY,5,12
TXN100269,S001,2024-10-01,16:05,Tuesday,3,83.0,0.0,12.45,95.45,MADA,DELIVERY,3,34
TXN100270,S001,2024-10-01,17:49,Tuesday,4,68.0,0.0,10.2,78.2,MADA,DELIVERY,4,21
TXN100271,S001,2024-10-01,19:28,Tuesday,3,77.0,0.0,11.55,88.55,CASH,TAKEAWAY,4,6
TXN100272,S001,2024-10-01,14:07,Tuesday,4,68.0,0.0,10.2,78.2,MADA,TAKEAWAY,3,7
TXN100273,S001,2024-10-01,19:52,Tuesday,2,46.0,0.0,6.9,52.9,DEBIT_CARD,DRIVE_THRU,4,8
TXN100274,S001,2024-10-01,13:36,Tuesday,2,20.0,0.0,3.0,23.0,CREDIT_CARD,TAKEAWAY,5,9
TXN100275,S001,2024-10-01,19:08,Tuesday,3,66.0,0.0,9.9,75.9,CREDIT_CARD,TAKEAWAY,4,14
TXN100276,S001,2024-10-01,18:40,Tuesday,3,56.0,0.0,8.4,64.4,DEBIT_CARD,DELIVERY,4,35
TXN100277,S001,2024-10-01,13:00,Tuesday,4,64.0,0.0,9.6,73.6,MADA,TAKEAWAY,3,11
TXN100278,S001,2024-10-01,19:31,Tuesday,2,35.0,0.0,5.25,40.25,CREDIT_CARD,TAKEAWAY,5,15
TXN100279,S001,2024-10-01,19:02,Tuesday,1,12.0,1.2,1.62,12.42,CREDIT_CARD,TAKEAWAY,4,11
TXN100280,S001,2024-10-01,12:44,Tuesday,4,73.0,7.3,9.86,75.56,DEBIT_CARD,DELIVERY,3,40
TXN100281,S002,2024-10-01,10:40,Tuesday,2,40.0,0.0,6.0,46.0,CASH,DINE_IN,1,12
TXN100282,S002,2024-10-01,11:37,Tuesday,2,24.0,2.4,3.24,24.84,DEBIT_CARD,DINE_IN,5,11
TXN100283,S002,2024-10-01,18:30,Tuesday,1,15.0,1.5,2.02,15.52,CASH,DINE_IN,4,9
TXN100284,S002,2024-10-01,12:49,Tuesday,4,80.0,0.0,12.0,92.0,CASH,DRIVE_THRU,4,8
TXN100285,S002,2024-10-01,12:47,Tuesday,2,33.0,0.0,4.95,37.95,CREDIT_CARD,DINE_IN,5,7
TXN100286,S002,2024-10-01,19:37,Tuesday,3,35.0,0.0,5.25,40.25,CREDIT_CARD,DELIVERY,5,27
TXN100287,S002,2024-10-01,17:38,Tuesday,3,63.0,0.0,9.45,72.45,MADA,DRIVE_THRU,5,5
TXN100288,S002,2024-10-01,18:50,Tuesday,4,89.0,0.0,13.35,102.35,MADA,DINE_IN,4,5
TXN100289,S002,2024-10-01,23:59,Tuesday,2,33.0,0.0,4.95,37.95,MADA,DRIVE_THRU,5,3
TXN100290,S002,2024-10-01,08:04,Tuesday,1,30.0,3.0,4.05,31.05,CASH,TAKEAWAY,4,15
TXN100291,S002,2024-10-01,19:49,Tuesday,3,57.0,0.0,8.55,65.55,MADA,DRIVE_THRU,4,5
TXN100292,S002,2024-10-01,11:58,Tuesday,2,34.0,0.0,5.1,39.1,MADA,DINE_IN,4,11
TXN100293,S002,2024-10-01,19:54,Tuesday,2,62.0,0.0,9.3,71.3,CASH,TAKEAWAY,4,5
TXN100294,S002,2024-10-01,13:47,Tuesday,3,86.0,0.0,12.9,98.9,CASH,DRIVE_THRU,4,5
TXN100295,S002,2024-10-01,17:50,Tuesday,4,73.0,0.0,10.95,83.95,DEBIT_CARD,DINE_IN,5,5
TXN100296,S002,2024-10-01,13:27,Tuesday,2,57.0,0.0,8.55,65.55,MADA,DINE_IN,4,13
TXN100297,S002,2024-10-01,13:31,Tuesday,4,71.0,0.0,10.65,81.65,MADA,DINE_IN,4,13
TXN100298,S002,2024-10-01,08:54,Tuesday,4,80.0,0.0,12.0,92.0,CREDIT_CARD,DRIVE_THRU,5,3
TXN100299,S002,2024-10-01,17:58,Tuesday,3,57.0,0.0,8.55,65.55,DIGITAL_WALLET,DELIVERY,4,22
TXN100300,S002,2024-10-01,18:07,Tuesday,3,84.0,0.0,12.6,96.6,CASH,TAKEAWAY,2,12
TXN100301,S002,2024-10-01,19:49,Tuesday,4,62.0,6.2,8.37,64.17,CREDIT_CARD,DELIVERY,4,29
TXN100302,S002,2024-10-01,19:15,Tuesday,3,60.0,0.0,9.0,69.0,MADA,DRIVE_THRU,3,6
TXN100303,S002,2024-10-01,09:34,Tuesday,2,38.0,0.0,5.7,43.7,CASH,TAKEAWAY,5,9
TXN100304,S002,2024-10-01,11:33,Tuesday,5,106.0,10.6,14.31,109.71,CREDIT_CARD,TAKEAWAY,5,10
TXN100305,S002,2024-10-01,15:47,Tuesday,1,32.0,0.0,4.8,36.8,DIGITAL_WALLET,DINE_IN,4,5
TXN100306,S002,2024-10-01,14:08,Tuesday,2,35.0,0.0,5.25,40.25,DIGITAL_WALLET,DELIVERY,4,28
TXN100307,S002,2024-10-01,12:12,Tuesday,2,50.0,0.0,7.5,57.5,CREDIT_CARD,TAKEAWAY,4,11
TXN100308,S002,2024-10-01,12:22,Tuesday,5,97.0,0.0,14.55,111.55,CASH,DRIVE_THRU,5,5
TXN100309,S002,2024-10-01,19:44,Tuesday,3,66.0,6.6,8.91,68.31,CREDIT_CARD,DELIVERY,4,21
TXN100310,S002,2024-10-01,18:16,Tuesday,4,81.0,0.0,12.15,93.15,MADA,DRIVE_THRU,3,3
TXN100311,S002,2024-10-01,19:08,Tuesday,2,58.0,0.0,8.7,66.7,DIGITAL_WALLET,DELIVERY,5,40
TXN100312,S002,2024-10-01,11:37,Tuesday,2,60.0,0.0,9.0,69.0,CREDIT_CARD,TAKEAWAY,5,6
TXN100313,S002,2024-10-01,20:53,Tuesday,4,84.0,0.0,12.6,96.6,MADA,TAKEAWAY,5,11
TXN100314,S002,2024-10-01,16:24,Tuesday,3,66.0,0.0,9.9,75.9,DEBIT_CARD,DELIVERY,4,24
TXN100315,S002,2024-10-01,10:39,Tuesday,3,49.0,0.0,7.35,56.35,MADA,TAKEAWAY,2,9
TXN100316,S002,2024-10-01,13:26,Tuesday,2,38.0,0.0,5.7,43.7,MADA,DINE_IN,5,10
TXN100317,S002,2024-10-01,15:50,Tuesday,3,36.0,0.0,5.4,41.4,CREDIT_CARD,DINE_IN,4,8
TXN100318,S002,2024-10-01,09:51,Tuesday,4,58.0,0.0,8.7,66.7,CREDIT_CARD,DRIVE_THRU,3,8
TXN100319,S002,2024-10-01,12:34,Tuesday,4,83.0,0.0,12.45,95.45,CREDIT_CARD,DRIVE_THRU,4,5
TXN100320,S002,2024-10-01,19:44,Tuesday,2,46.0,0.0,6.9,52.9,DEBIT_CARD,DRIVE_THRU,4,4
TXN100321,S002,2024-10-01,19:51,Tuesday,4,71.0,0.0,10.65,81.65,CASH,DINE_IN,4,8
TXN100322,S002,2024-10-01,09:30,Tuesday,1,18.0,0.0,2.7,20.7,CREDIT_CARD,DELIVERY,5,30
TXN100323,S002,2024-10-01,10:09,Tuesday,3,66.0,0.0,9.9,75.9,CASH,DELIVERY,5,32
TXN100324,S002,2024-10-01,18:21,Tuesday,2,36.0,0.0,5.4,41.4,DIGITAL_WALLET,TAKEAWAY,5,7
TXN100325,S002,2024-10-01,19:35,Tuesday,3,58.0,0.0,8.7,66.7,CREDIT_CARD,TAKEAWAY,4,9
TXN100326,S002,2024-10-01,12:46,Tuesday,1,10.0,0.0,1.5,11.5,DIGITAL_WALLET,DINE_IN,3,10
TXN100327,S002,2024-10-01,20:39,Tuesday,2,50.0,0.0,7.5,57.5,CREDIT_CARD,DELIVERY,5,27
TXN100328,S002,2024-10-01,13:20,Tuesday,2,44.0,0.0,6.6,50.6,DEBIT_CARD,TAKEAWAY,1,8
TXN100329,S002,2024-10-01,12:04,Tuesday,2,60.0,6.0,8.1,62.1,DIGITAL_WALLET,TAKEAWAY,5,11
TXN100330,S002,2024-10-01,16:24,Tuesday,2,47.0,0.0,7.05,54.05,MADA,DRIVE_THRU,3,3
TXN100331,S002,2024-10-01,19:02,Tuesday,2,35.0,0.0,5.25,40.25,CASH,DELIVERY,3,32
TXN100332,S002,2024-10-01,12:04,Tuesday,3,60.0,0.0,9.0,69.0,DIGITAL_WALLET,DINE_IN,4,15
TXN100333,S002,2024-10-01,12:56,Tuesday,3,70.0,0.0,10.5,80.5,CREDIT_CARD,TAKEAWAY,5,13
TXN100334,S002,2024-10-01,13:18,Tuesday,2,60.0,0.0,9.0,69.0,MADA,TAKEAWAY,3,10
TXN100335,S002,2024-10-01,08:05,Tuesday,2,22.0,0.0,3.3,25.3,CREDIT_CARD,DINE_IN,2,7
TXN100336,S002,2024-10-01,18:05,Tuesday,3,72.0,0.0,10.8,82.8,DEBIT_CARD,DINE_IN,5,11
TXN100337,S002,2024-10-01,12:56,Tuesday,2,38.0,3.8,5.13,39.33,DIGITAL_WALLET,TAKEAWAY,4,9
TXN100338,S002,2024-10-01,17:09,Tuesday,4,64.0,0.0,9.6,73.6,DIGITAL_WALLET,DRIVE_THRU,4,6
TXN100339,S002,2024-10-01,19:26,Tuesday,5,82.0,0.0,12.3,94.3,DIGITAL_WALLET,DINE_IN,4,13
TXN100340,S002,2024-10-01,19:43,Tuesday,5,88.0,0.0,13.2,101.2,CREDIT_CARD,DRIVE_THRU,2,3
TXN100341,S002,2024-10-01,23:27,Tuesday,2,38.0,0.0,5.7,43.7,DEBIT_CARD,DELIVERY,5,22
TXN100342,S002,2024-10-01,11:35,Tuesday,2,35.0,0.0,5.25,40.25,CASH,TAKEAWAY,3,7
TXN100343,S002,2024-10-01,12:37,Tuesday,3,60.0,0.0,9.0,69.0,DEBIT_CARD,DELIVERY,5,28
TXN100344,S002,2024-10-01,13:31,Tuesday,3,66.0,0.0,9.9,75.9,CREDIT_CARD,TAKEAWAY,2,10
TXN100345,S002,2024-10-01,18:03,Tuesday,3,63.0,0.0,9.45,72.45,DEBIT_CARD,DELIVERY,4,35
TXN100346,S002,2024-10-01,19:43,Tuesday,1,30.0,0.0,4.5,34.5,DIGITAL_WALLET,DELIVERY,4,33
TXN100347,S002,2024-10-01,18:05,Tuesday,2,45.0,0.0,6.75,51.75,MADA,DELIVERY,5,36
TXN100348,S002,2024-10-01,19:04,Tuesday,2,23.0,0.0,3.45,26.45,MADA,DINE_IN,3,8
TXN100349,S002,2024-10-01,19:15,Tuesday,1,28.0,0.0,4.2,32.2,CREDIT_CARD,DELIVERY,4,34
TXN100350,S002,2024-10-01,16:40,Tuesday,4,80.0,0.0,12.0,92.0,DIGITAL_WALLET,DRIVE_THRU,5,6
TXN100351,S002,2024-10-01,18:22,Tuesday,2,57.0,0.0,8.55,65.55,DIGITAL_WALLET,DINE_IN,3,14
TXN100352,S002,2024-10-01,19:13,Tuesday,4,77.0,0.0,11.55,88.55,MADA,DINE_IN,5,15
TXN100353,S002,2024-10-01,08:58,Tuesday,2,44.0,0.0,6.6,50.6,CREDIT_CARD,DELIVERY,4,29
TXN100354,S002,2024-10-01,19:45,Tuesday,3,35.0,0.0,5.25,40.25,CREDIT_CARD,TAKEAWAY,4,13
TXN100355,S002,2024-10-01,19:25,Tuesday,3,46.0,0.0,6.9,52.9,MADA,DELIVERY,4,23
TXN100356,S002,2024-10-01,15:21,Tuesday,5,73.0,0.0,10.95,83.95,MADA,DRIVE_THRU,5,7
TXN100357,S002,2024-10-01,14:20,Tuesday,3,50.0,0.0,7.5,57.5,DEBIT_CARD,TAKEAWAY,4,5
TXN100358,S002,2024-10-01,18:36,Tuesday,4,60.0,0.0,9.0,69.0,DEBIT_CARD,DELIVERY,5,37
TXN100359,S002,2024-10-01,12:06,Tuesday,3,43.0,0.0,6.45,49.45,CREDIT_CARD,DELIVERY,5,27
TXN100360,S002,2024-10-01,13:47,Tuesday,4,62.0,0.0,9.3,71.3,DIGITAL_WALLET,DINE_IN,4,15
TXN100361,S002,2024-10-01,18:39,Tuesday,1,30.0,0.0,4.5,34.5,DIGITAL_WALLET,DELIVERY,4,24
TXN100362,S002,2024-10-01,12:12,Tuesday,2,30.0,0.0,4.5,34.5,CREDIT_CARD,DINE_IN,4,15
TXN100363,S002,2024-10-01,23:20,Tuesday,3,65.0,0.0,9.75,74.75,CREDIT_CARD,DRIVE_THRU,4,3
TXN100364,S002,2024-10-01,12:27,Tuesday,3,37.0,0.0,5.55,42.55,CASH,DRIVE_THRU,5,3
TXN100365,S002,2024-10-01,20:48,Tuesday,4,80.0,0.0,12.0,92.0,DEBIT_CARD,DELIVERY,3,32
TXN100366,S002,2024-10-01,16:19,Tuesday,2,53.0,0.0,7.95,60.95,DIGITAL_WALLET,DELIVERY,4,24
TXN100367,S002,2024-10-01,13:57,Tuesday,3,71.0,7.1,9.58,73.48,CREDIT_CARD,DRIVE_THRU,3,3
TXN100368,S002,2024-10-01,18:10,Tuesday,2,22.0,0.0,3.3,25.3,DIGITAL_WALLET,DELIVERY,5,39
TXN100369,S002,2024-10-01,10:03,Tuesday,3,50.0,0.0,7.5,57.5,DIGITAL_WALLET,TAKEAWAY,4,13
TXN100370,S002,2024-10-01,12:44,Tuesday,2,22.0,0.0,3.3,25.3,DEBIT_CARD,TAKEAWAY,5,15
TXN100371,S002,2024-10-01,17:39,Tuesday,3,73.0,0.0,10.95,83.95,MADA,DINE_IN,4,6
TXN100372,S002,2024-10-01,16:38,Tuesday,2,33.0,0.0,4.95,37.95,DEBIT_CARD,TAKEAWAY,4,5
TXN100373,S002,2024-10-01,17:58,Tuesday,2,22.0,0.0,3.3,25.3,CASH,DINE_IN,5,14
TXN100374,S002,2024-10-01,18:09,Tuesday,4,77.0,0.0,11.55,88.55,DIGITAL_WALLET,DELIVERY,4,21
TXN100375,S002,2024-10-01,11:11,Tuesday,4,62.0,0.0,9.3,71.3,CASH,DINE_IN,1,7
TXN100376,S002,2024-10-01,18:10,Tuesday,2,30.0,0.0,4.5,34.5,CASH,DELIVERY,5,25
TXN100377,S002,2024-10-01,11:25,Tuesday,5,90.0,0.0,13.5,103.5,CASH,DRIVE_THRU,3,7
TXN100378,S002,2024-10-01,15:36,Tuesday,3,59.0,0.0,8.85,67.85,MADA,DINE_IN,5,7
TXN100379,S002,2024-10-01,16:31,Tuesday,2,27.0,2.7,3.65,27.95,DEBIT_CARD,DELIVERY,1,36
TXN100380,S002,2024-10-01,19:36,Tuesday,3,52.0,0.0,7.8,59.8,MADA,DINE_IN,4,8
TXN100381,S002,2024-10-01,15:42,Tuesday,3,49.0,0.0,7.35,56.35,MADA,DINE_IN,1,7
TXN100382,S002,2024-10-01,16:30,Tuesday,4,80.0,0.0,12.0,92.0,DEBIT_CARD,DINE_IN,4,13
TXN100383,S002,2024-10-01,18:25,Tuesday,4,74.0,7.4,9.99,76.59,DIGITAL_WALLET,TAKEAWAY,4,12
TXN100384,S002,2024-10-01,19:01,Tuesday,2,43.0,0.0,6.45,49.45,CASH,DINE_IN,5,14
TXN100385,S002,2024-10-01,18:56,Tuesday,3,54.0,0.0,8.1,62.1,DEBIT_CARD,DINE_IN,5,12
TXN100386,S002,2024-10-01,13:49,Tuesday,3,34.0,0.0,5.1,39.1,CASH,DINE_IN,5,8
TXN100387,S002,2024-10-01,08:22,Tuesday,4,55.0,0.0,8.25,63.25,CASH,DRIVE_THRU,4,8
TXN100388,S002,2024-10-01,19:26,Tuesday,2,48.0,0.0,7.2,55.2,DIGITAL_WALLET,DRIVE_THRU,4,4
TXN100389,S002,2024-10-01,19:06,Tuesday,4,90.0,0.0,13.5,103.5,DIGITAL_WALLET,TAKEAWAY,5,13
TXN100390,S002,2024-10-01,12:31,Tuesday,1,10.0,1.0,1.35,10.35,DIGITAL_WALLET,TAKEAWAY,5,7
TXN100391,S002,2024-10-01,18:11,Tuesday,3,73.0,0.0,10.95,83.95,MADA,DELIVERY,4,32
TXN100392,S002,2024-10-01,14:38,Tuesday,4,80.0,0.0,12.0,92.0,DIGITAL_WALLET,DRIVE_THRU,3,7
TXN100393,S002,2024-10-01,18:47,Tuesday,3,28.0,0.0,4.2,32.2,MADA,DRIVE_THRU,3,7
TXN100394,S002,2024-10-01,19:43,Tuesday,2,38.0,0.0,5.7,43.7,CREDIT_CARD,DELIVERY,5,31
TXN100395,S002,2024-10-01,17:37,Tuesday,3,35.0,0.0,5.25,40.25,DIGITAL_WALLET,DINE_IN,4,5
TXN100396,S002,2024-10-01,13:03,Tuesday,3,81.0,0.0,12.15,93.15,DEBIT_CARD,DRIVE_THRU,5,8
TXN100397,S002,2024-10-01,19:13,Tuesday,4,82.0,0.0,12.3,94.3,MADA,DRIVE_THRU,5,7
TXN100398,S002,2024-10-01,13:32,Tuesday,4,78.0,0.0,11.7,89.7,DEBIT_CARD,DINE_IN,1,9
TXN100399,S002,2024-10-01,12:55,Tuesday,4,60.0,0.0,9.0,69.0,CREDIT_CARD,DRIVE_THRU,4,4
TXN100400,S002,2024-10-01,23:04,Tuesday,2,34.0,0.0,5.1,39.1,CASH,TAKEAWAY,4,9
TXN100401,S002,2024-10-01,12:37,Tuesday,4,76.0,7.6,10.26,78.66,DEBIT_CARD,DINE_IN,5,15
TXN100402,S002,2024-10-01,18:42,Tuesday,2,26.0,0.0,3.9,29.9,DEBIT_CARD,DRIVE_THRU,5,7
TXN100403,S002,2024-10-01,10:32,Tuesday,2,18.0,0.0,2.7,20.7,DEBIT_CARD,DRIVE_THRU,5,8
TXN100404,S002,2024-10-01,13:23,Tuesday,2,26.0,0.0,3.9,29.9,MADA,DINE_IN,3,10
TXN100405,S002,2024-10-01,14:57,Tuesday,3,76.0,0.0,11.4,87.4,DEBIT_CARD,TAKEAWAY,5,6
TXN100406,S002,2024-10-01,13:34,Tuesday,3,46.0,0.0,6.9,52.9,MADA,TAKEAWAY,4,9
TXN100407,S002,2024-10-01,20:12,Tuesday,2,42.0,0.0,6.3,48.3,MADA,DINE_IN,5,8
TXN100408,S002,2024-10-01,18:49,Tuesday,2,27.0,0.0,4.05,31.05,CREDIT_CARD,TAKEAWAY,5,6
TXN100409,S002,2024-10-01,19:09,Tuesday,1,10.0,0.0,1.5,11.5,CASH,DINE_IN,2,9
TXN100410,S002,2024-10-01,17:36,Tuesday,4,64.0,0.0,9.6,73.6,DIGITAL_WALLET,DELIVERY,1,23
TXN100411,S002,2024-10-01,17:41,Tuesday,3,78.0,0.0,11.7,89.7,CASH,DELIVERY,5,23
TXN100412,S002,2024-10-01,13:43,Tuesday,2,57.0,0.0,8.55,65.55,DIGITAL_WALLET,TAKEAWAY,4,15
TXN100413,S002,2024-10-01,09:10,Tuesday,3,49.0,0.0,7.35,56.35,CREDIT_CARD,DELIVERY,5,40
TXN100414,S002,2024-10-01,13:00,Tuesday,3,66.0,6.6,8.91,68.31,MADA,TAKEAWAY,4,6
TXN100415,S002,2024-10-01,13:47,Tuesday,3,50.0,0.0,7.5,57.5,MADA,DRIVE_THRU,3,4
TXN100416,S002,2024-10-01,18:16,Tuesday,2,38.0,0.0,5.7,43.7,CASH,TAKEAWAY,5,6
TXN100417,S002,2024-10-01,13:04,Tuesday,2,48.0,0.0,7.2,55.2,DEBIT_CARD,DELIVERY,3,40
TXN100418,S002,2024-10-01,12:18,Tuesday,3,52.0,0.0,7.8,59.8,MADA,DELIVERY,5,24
TXN100419,S002,2024-10-01,17:23,Tuesday,4,79.0,0.0,11.85,90.85,CREDIT_CARD,TAKEAWAY,4,10
TXN100420,S002,2024-10-01,12:46,Tuesday,2,22.0,0.0,3.3,25.3,DEBIT_CARD,TAKEAWAY,4,7
TXN100421,S002,2024-10-01,18:05,Tuesday,4,89.0,0.0,13.35,102.35,CASH,DINE_IN,5,13
TXN100422,S002,2024-10-01,18:52,Tuesday,3,63.0,0.0,9.45,72.45,MADA,DELIVERY,4,37
TXN100423,S002,2024-10-01,15:49,Tuesday,2,45.0,0.0,6.75,51.75,MADA,DELIVERY,3,36
TXN100424,S002,2024-10-01,16:25,Tuesday,2,40.0,0.0,6.0,46.0,MADA,DRIVE_THRU,5,4
TXN100425,S002,2024-10-01,14:11,Tuesday,3,56.0,0.0,8.4,64.4,DIGITAL_WALLET,DELIVERY,2,35
TXN100426,S002,2024-10-01,12:16,Tuesday,2,40.0,0.0,6.0,46.0,DEBIT_CARD,TAKEAWAY,4,12
TXN100427,S002,2024-10-01,20:02,Tuesday,5,93.0,0.0,13.95,106.95,MADA,DRIVE_THRU,4,6
TXN100428,S002,2024-10-01,13:41,Tuesday,4,80.0,0.0,12.0,92.0,CREDIT_CARD,TAKEAWAY,4,10
TXN100429,S002,2024-10-01,16:30,Tuesday,4,74.0,0.0,11.1,85.1,CASH,DELIVERY,3,25
TXN100430,S002,2024-10-01,12:38,Tuesday,3,74.0,0.0,11.1,85.1,DEBIT_CARD,DINE_IN,4,12
TXN100431,S002,2024-10-01,15:37,Tuesday,2,43.0,0.0,6.45,49.45,CREDIT_CARD,DRIVE_THRU,3,7
TXN100432,S002,2024-10-01,10:36,Tuesday,2,51.0,0.0,7.65,58.65,MADA,TAKEAWAY,4,14
TXN100433,S002,2024-10-01,18:56,Tuesday,3,69.0,0.0,10.35,79.35,MADA,TAKEAWAY,5,7
TXN100434,S002,2024-10-01,12:26,Tuesday,3,54.0,0.0,8.1,62.1,DEBIT_CARD,DRIVE_THRU,5,5
TXN100435,S002,2024-10-01,20:38,Tuesday,3,57.0,0.0,8.55,65.55,CASH,DRIVE_THRU,4,7
TXN100436,S002,2024-10-01,18:52,Tuesday,2,58.0,0.0,8.7,66.7,MADA,DINE_IN,5,13
TXN100437,S002,2024-10-01,16:07,Tuesday,1,12.0,0.0,1.8,13.8,MADA,DINE_IN,5,15
TXN100438,S002,2024-10-01,18:33,Tuesday,3,51.0,0.0,7.65,58.65,DIGITAL_WALLET,TAKEAWAY,4,14
TXN100439,S002,2024-10-01,11:08,Tuesday,2,62.0,0.0,9.3,71.3,MADA,TAKEAWAY,4,5
TXN100440,S002,2024-10-01,19:50,Tuesday,1,8.0,0.0,1.2,9.2,CASH,TAKEAWAY,5,10
TXN100441,S002,2024-10-01,14:06,Tuesday,2,30.0,0.0,4.5,34.5,MADA,TAKEAWAY,4,14
TXN100442,S002,2024-10-01,13:43,Tuesday,2,45.0,0.0,6.75,51.75,MADA,TAKEAWAY,3,13
TXN100443,S002,2024-10-01,17:16,Tuesday,5,101.0,0.0,15.15,116.15,DIGITAL_WALLET,DRIVE_THRU,3,7
TXN100444,S002,2024-10-01,14:21,Tuesday,4,84.0,0.0,12.6,96.6,CASH,DINE_IN,5,12
TXN100445,S002,2024-10-01,20:27,Tuesday,1,25.0,0.0,3.75,28.75,CASH,DINE_IN,5,11
TXN100446,S002,2024-10-01,18:33,Tuesday,2,46.0,0.0,6.9,52.9,CREDIT_CARD,TAKEAWAY,4,8
TXN100447,S002,2024-10-01,19:59,Tuesday,4,91.0,0.0,13.65,104.65,CREDIT_CARD,DRIVE_THRU,5,5
TXN100448,S002,2024-10-01,12:00,Tuesday,5,100.0,0.0,15.0,115.0,CREDIT_CARD,DINE_IN,5,6
TXN100449,S002,2024-10-01,20:35,Tuesday,2,26.0,0.0,3.9,29.9,DEBIT_CARD,DRIVE_THRU,4,4
TXN100450,S002,2024-10-01,15:25,Tuesday,3,66.0,0.0,9.9,75.9,MADA,DINE_IN,4,10
TXN100451,S002,2024-10-01,21:51,Tuesday,3,51.0,0.0,7.65,58.65,DIGITAL_WALLET,TAKEAWAY,4,8
TXN100452,S002,2024-10-01,19:49,Tuesday,3,58.0,0.0,8.7,66.7,DEBIT_CARD,DINE_IN,4,8
TXN100453,S002,2024-10-01,18:14,Tuesday,4,51.0,5.1,6.88,52.78,DEBIT_CARD,DRIVE_THRU,4,6
TXN100454,S002,2024-10-01,18:52,Tuesday,2,34.0,0.0,5.1,39.1,DEBIT_CARD,DRIVE_THRU,5,5
TXN100455,S002,2024-10-01,12:47,Tuesday,3,52.0,0.0,7.8,59.8,CREDIT_CARD,DELIVERY,3,26
TXN100456,S002,2024-10-01,19:53,Tuesday,3,70.0,0.0,10.5,80.5,DIGITAL_WALLET,DINE_IN,5,13
TXN100457,S002,2024-10-01,21:54,Tuesday,3,40.0,0.0,6.0,46.0,MADA,DELIVERY,4,36
TXN100458,S002,2024-10-01,13:14,Tuesday,4,77.0,0.0,11.55,88.55,MADA,DINE_IN,4,11
TXN100459,S002,2024-10-01,19:49,Tuesday,2,40.0,0.0,6.0,46.0,CASH,DINE_IN,5,11
TXN100460,S002,2024-10-01,18:20,Tuesday,2,51.0,0.0,7.65,58.65,CREDIT_CARD,DELIVERY,4,39
TXN100461,S002,2024-10-01,13:11,Tuesday,3,55.0,0.0,8.25,63.25,DIGITAL_WALLET,DELIVERY,4,38
TXN100462,S002,2024-10-01,12:36,Tuesday,3,87.0,0.0,13.05,100.05,DIGITAL_WALLET,DRIVE_THRU,3,8
TXN100463,S002,2024-10-01,12:51,Tuesday,1,15.0,0.0,2.25,17.25,MADA,DELIVERY,5,29
TXN100464,S002,2024-10-01,12:54,Tuesday,3,73.0,7.3,9.86,75.56,DEBIT_CARD,TAKEAWAY,5,6
TXN100465,S002,2024-10-01,15:21,Tuesday,2,18.0,0.0,2.7,20.7,DEBIT_CARD,DELIVERY,1,23
TXN100466,S002,2024-10-01,13:43,Tuesday,5,94.0,0.0,14.1,108.1,DEBIT_CARD,DELIVERY,4,36
TXN100467,S002,2024-10-01,16:47,Tuesday,3,65.0,0.0,9.75,74.75,CREDIT_CARD,DRIVE_THRU,5,5
TXN100468,S002,2024-10-01,14:39,Tuesday,3,68.0,0.0,10.2,78.2,DEBIT_CARD,DELIVERY,5,28
TXN100469,S002,2024-10-01,18:25,Tuesday,2,22.0,0.0,3.3,25.3,MADA,TAKEAWAY,4,7
TXN100470,S002,2024-10-01,19:08,Tuesday,3,69.0,0.0,10.35,79.35,DIGITAL_WALLET,DINE_IN,3,12
TXN100471,S002,2024-10-01,17:01,Tuesday,4,77.0,0.0,11.55,88.55,CASH,TAKEAWAY,4,8
TXN100472,S002,2024-10-01,19:28,Tuesday,3,44.0,4.4,5.94,45.54,DEBIT_CARD,DELIVERY,5,34
TXN100473,S002,2024-10-01,22:34,Tuesday,4,56.0,0.0,8.4,64.4,MADA,TAKEAWAY,5,15
TXN100474,S002,2024-10-01,19:27,Tuesday,3,45.0,0.0,6.75,51.75,DIGITAL_WALLET,DRIVE_THRU,5,6
TXN100475,S002,2024-10-01,13:26,Tuesday,2,53.0,5.3,7.16,54.86,CREDIT_CARD,DELIVERY,4,37
TXN100476,S002,2024-10-01,08:59,Tuesday,3,65.0,0.0,9.75,74.75,DEBIT_CARD,DRIVE_THRU,5,7
TXN100477,S002,2024-10-01,13:26,Tuesday,4,81.0,0.0,12.15,93.15,DIGITAL_WALLET,TAKEAWAY,4,6
TXN100478,S002,2024-10-01,14:15,Tuesday,3,55.0,0.0,8.25,63.25,MADA,DELIVERY,4,22
TXN100479,S002,2024-10-01,12:18,Tuesday,2,30.0,0.0,4.5,34.5,MADA,TAKEAWAY,3,5
TXN100480,S002,2024-10-01,12:34,Tuesday,1,32.0,0.0,4.8,36.8,CREDIT_CARD,TAKEAWAY,5,8
TXN100481,S002,2024-10-01,11:00,Tuesday,3,50.0,0.0,7.5,57.5,DIGITAL_WALLET,DELIVERY,4,21
TXN100482,S002,2024-10-01,13:53,Tuesday,4,94.0,9.4,12.69,97.29,DIGITAL_WALLET,DRIVE_THRU,3,5
TXN100483,S002,2024-10-01,19:53,Tuesday,1,10.0,0.0,1.5,11.5,DIGITAL_WALLET,DRIVE_THRU,5,3
TXN100484,S002,2024-10-01,12:47,Tuesday,4,62.0,0.0,9.3,71.3,DEBIT_CARD,DELIVERY,3,21
TXN100485,S002,2024-10-01,19:35,Tuesday,3,47.0,0.0,7.05,54.05,CASH,DRIVE_THRU,5,4
TXN100486,S002,2024-10-01,18:20,Tuesday,1,25.0,0.0,3.75,28.75,DIGITAL_WALLET,DRIVE_THRU,1,3
TXN100487,S002,2024-10-01,18:44,Tuesday,3,54.0,0.0,8.1,62.1,CREDIT_CARD,DRIVE_THRU,4,8
TXN100488,S002,2024-10-01,18:59,Tuesday,5,86.0,0.0,12.9,98.9,CASH,DRIVE_THRU,4,5
TXN100489,S002,2024-10-01,22:50,Tuesday,3,52.0,5.2,7.02,53.82,DIGITAL_WALLET,DELIVERY,5,28
TXN100490,S002,2024-10-01,20:31,Tuesday,3,43.0,0.0,6.45,49.45,CREDIT_CARD,DRIVE_THRU,4,5
TXN100491,S002,2024-10-01,19:17,Tuesday,4,84.0,0.0,12.6,96.6,DIGITAL_WALLET,DELIVERY,5,37
TXN100492,S002,2024-10-01,13:00,Tuesday,4,77.0,0.0,11.55,88.55,DEBIT_CARD,DRIVE_THRU,4,3
TXN100493,S002,2024-10-01,18:34,Tuesday,4,62.0,0.0,9.3,71.3,DEBIT_CARD,DELIVERY,4,30
TXN100494,S002,2024-10-01,11:33,Tuesday,3,66.0,0.0,9.9,75.9,CREDIT_CARD,DINE_IN,4,6
TXN100495,S002,2024-10-01,09:41,Tuesday,4,57.0,5.7,7.69,58.99,CREDIT_CARD,DINE_IN,1,8
TXN100496,S002,2024-10-01,18:59,Tuesday,4,82.0,0.0,12.3,94.3,DIGITAL_WALLET,DELIVERY,5,21
TXN100497,S002,2024-10-01,19:17,Tuesday,3,67.0,6.7,9.04,69.34,CREDIT_CARD,DINE_IN,3,8
TXN100498,S002,2024-10-01,17:12,Tuesday,2,42.0,0.0,6.3,48.3,CREDIT_CARD,TAKEAWAY,5,15
TXN100499,S002,2024-10-01,18:43,Tuesday,3,59.0,0.0,8.85,67.85,CREDIT_CARD,TAKEAWAY,4,15
TXN100500,S002,2024-10-01,12:38,Tuesday,3,28.0,0.0,4.2,32.2,DEBIT_CARD,DELIVERY,4,40
TXN100501,S002,2024-10-01,14:46,Tuesday,2,48.0,0.0,7.2,55.2,DIGITAL_WALLET,DELIVERY,4,34
TXN100502,S003,2024-10-01,21:00,Tuesday,3,71.0,0.0,10.65,81.65,DEBIT_CARD,DINE_IN,4,8
TXN100503,S003,2024-10-01,12:20,Tuesday,1,10.0,0.0,1.5,11.5,MADA,DRIVE_THRU,3,6
TXN100504,S003,2024-10-01,13:08,Tuesday,2,48.0,0.0,7.2,55.2,DEBIT_CARD,DINE_IN,4,14
TXN100505,S003,2024-10-01,20:46,Tuesday,1,10.0,0.0,1.5,11.5,CREDIT_CARD,TAKEAWAY,5,14
TXN100506,S003,2024-10-01,19:06,Tuesday,3,71.0,0.0,10.65,81.65,CASH,DELIVERY,4,33
TXN100507,S003,2024-10-01,14:55,Tuesday,2,42.0,0.0,6.3,48.3,CASH,TAKEAWAY,2,13
TXN100508,S003,2024-10-01,10:34,Tuesday,3,48.0,0.0,7.2,55.2,DIGITAL_WALLET,TAKEAWAY,5,14
TXN100509,S003,2024-10-01,16:14,Tuesday,3,53.0,0.0,7.95,60.95,DIGITAL_WALLET,DINE_IN,4,9
TXN100510,S003,2024-10-01,11:32,Tuesday,3,48.0,0.0,7.2,55.2,CREDIT_CARD,TAKEAWAY,4,14
TXN100511,S003,2024-10-01,12:39,Tuesday,5,107.0,0.0,16.05,123.05,DEBIT_CARD,DINE_IN,3,11
TXN100512,S003,2024-10-01,14:22,Tuesday,2,28.0,0.0,4.2,32.2,DEBIT_CARD,DRIVE_THRU,5,7
TXN100513,S003,2024-10-01,19:51,Tuesday,3,66.0,0.0,9.9,75.9,CREDIT_CARD,DRIVE_THRU,5,4
TXN100514,S003,2024-10-01,19:54,Tuesday,1,10.0,1.0,1.35,10.35,MADA,DRIVE_THRU,5,5
TXN100515,S003,2024-10-01,08:44,Tuesday,4,77.0,0.0,11.55,88.55,MADA,DRIVE_THRU,3,7
TXN100516,S003,2024-10-01,19:35,Tuesday,3,64.0,0.0,9.6,73.6,MADA,DINE_IN,4,5
TXN100517,S003,2024-10-01,13:50,Tuesday,3,65.0,0.0,9.75,74.75,CASH,DINE_IN,4,9
TXN100518,S003,2024-10-01,18:58,Tuesday,3,85.0,0.0,12.75,97.75,DIGITAL_WALLET,DRIVE_THRU,5,7
TXN100519,S003,2024-10-01,22:06,Tuesday,4,70.0,0.0,10.5,80.5,MADA,TAKEAWAY,4,5
TXN100520,S003,2024-10-01,10:59,Tuesday,3,37.0,0.0,5.55,42.55,CASH,DELIVERY,5,31
TXN100521,S003,2024-10-01,18:15,Tuesday,5,88.0,0.0,13.2,101.2,CASH,DELIVERY,4,30
TXN100522,S003,2024-10-01,20:42,Tuesday,2,25.0,0.0,3.75,28.75,MADA,DRIVE_THRU,4,7
TXN100523,S003,2024-10-01,12:19,Tuesday,4,56.0,0.0,8.4,64.4,CREDIT_CARD,DRIVE_THRU,5,5
TXN100524,S003,2024-10-01,18:57,Tuesday,3,51.0,0.0,7.65,58.65,MADA,DRIVE_THRU,4,7
TXN100525,S003,2024-10-01,17:46,Tuesday,2,36.0,0.0,5.4,41.4,DEBIT_CARD,TAKEAWAY,5,9
TXN100526,S003,2024-10-01,14:59,Tuesday,4,93.0,0.0,13.95,106.95,CREDIT_CARD,DINE_IN,5,14
TXN100527,S003,2024-10-01,18:38,Tuesday,3,58.0,0.0,8.7,66.7,CASH,DELIVERY,3,35
TXN100528,S003,2024-10-01,12:54,Tuesday,3,32.0,0.0,4.8,36.8,DIGITAL_WALLET,TAKEAWAY,4,7
TXN100529,S003,2024-10-01,12:02,Tuesday,3,68.0,0.0,10.2,78.2,CREDIT_CARD,DRIVE_THRU,2,6
TXN100530,S003,2024-10-01,19:31,Tuesday,3,57.0,0.0,8.55,65.55,CASH,TAKEAWAY,5,11
TXN100531,S003,2024-10-01,18:47,Tuesday,3,46.0,0.0,6.9,52.9,DIGITAL_WALLET,TAKEAWAY,5,5
TXN100532,S003,2024-10-01,19:15,Tuesday,3,51.0,0.0,7.65,58.65,CASH,DRIVE_THRU,4,6
TXN100533,S003,2024-10-01,20:49,Tuesday,4,78.0,0.0,11.7,89.7,CASH,DRIVE_THRU,4,8
TXN100534,S003,2024-10-01,15:46,Tuesday,3,52.0,0.0,7.8,59.8,DIGITAL_WALLET,DELIVERY,4,25
TXN100535,S003,2024-10-01,15:57,Tuesday,3,74.0,0.0,11.1,85.1,CREDIT_CARD,DINE_IN,3,12
TXN100536,S003,2024-10-01,18:05,Tuesday,3,41.0,0.0,6.15,47.15,DIGITAL_WALLET,TAKEAWAY,2,7
TXN100537,S003,2024-10-01,20:36,Tuesday,4,66.0,0.0,9.9,75.9,CASH,TAKEAWAY,4,12
TXN100538,S003,2024-10-01,13:11,Tuesday,2,56.0,5.6,7.56,57.96,DEBIT_CARD,DINE_IN,4,12
TXN100539,S003,2024-10-01,17:00,Tuesday,3,54.0,0.0,8.1,62.1,DIGITAL_WALLET,TAKEAWAY,4,6
TXN100540,S003,2024-10-01,18:00,Tuesday,2,33.0,0.0,4.95,37.95,MADA,DRIVE_THRU,2,4
TXN100541,S003,2024-10-01,10:22,Tuesday,1,28.0,0.0,4.2,32.2,MADA,DELIVERY,4,22
TXN100542,S003,2024-10-01,10:26,Tuesday,5,81.0,0.0,12.15,93.15,MADA,DELIVERY,5,22
TXN100543,S003,2024-10-01,19:20,Tuesday,2,47.0,0.0,7.05,54.05,MADA,DINE_IN,4,7
TXN100544,S003,2024-10-01,12:55,Tuesday,2,23.0,0.0,3.45,26.45,CREDIT_CARD,DINE_IN,3,15
TXN100545,S003,2024-10-01,17:05,Tuesday,3,53.0,0.0,7.95,60.95,DEBIT_CARD,DELIVERY,4,39
TXN100546,S003,2024-10-01,13:08,Tuesday,3,30.0,0.0,4.5,34.5,CREDIT_CARD,DRIVE_THRU,5,4
TXN100547,S003,2024-10-01,08:01,Tuesday,3,80.0,0.0,12.0,92.0,DIGITAL_WALLET,DINE_IN,4,13
TXN100548,S003,2024-10-01,19:13,Tuesday,1,30.0,0.0,4.5,34.5,DEBIT_CARD,DINE_IN,4,13
TXN100549,S003,2024-10-01,17:49,Tuesday,1,12.0,0.0,1.8,13.8,DIGITAL_WALLET,DINE_IN,5,8
TXN100550,S003,2024-10-01,13:21,Tuesday,4,76.0,0.0,11.4,87.4,DIGITAL_WALLET,DELIVERY,4,33
TXN100551,S003,2024-10-01,20:03,Tuesday,4,61.0,0.0,9.15,70.15,CREDIT_CARD,DELIVERY,5,31
TXN100552,S003,2024-10-01,10:09,Tuesday,2,38.0,0.0,5.7,43.7,MADA,DRIVE_THRU,4,6
TXN100553,S003,2024-10-01,12:07,Tuesday,4,73.0,0.0,10.95,83.95,DIGITAL_WALLET,DRIVE_THRU,4,5
TXN100554,S003,2024-10-01,12:19,Tuesday,2,38.0,0.0,5.7,43.7,CASH,TAKEAWAY,4,12
TXN100555,S003,2024-10-01,20:09,Tuesday,2,20.0,0.0,3.0,23.0,DEBIT_CARD,DRIVE_THRU,5,3
TXN100556,S003,2024-10-01,19:33,Tuesday,3,84.0,0.0,12.6,96.6,MADA,DINE_IN,1,5
TXN100557,S003,2024-10-01,18:38,Tuesday,4,82.0,0.0,12.3,94.3,DEBIT_CARD,DINE_IN,4,9
TXN100558,S003,2024-10-01,18:13,Tuesday,2,55.0,0.0,8.25,63.25,DEBIT_CARD,TAKEAWAY,5,9
TXN100559,S003,2024-10-01,12:17,Tuesday,2,26.0,0.0,3.9,29.9,CREDIT_CARD,DELIVERY,4,28
TXN100560,S003,2024-10-01,12:45,Tuesday,4,106.0,0.0,15.9,121.9,DEBIT_CARD,TAKEAWAY,2,5
TXN100561,S003,2024-10-01,15:43,Tuesday,1,15.0,1.5,2.02,15.52,DIGITAL_WALLET,TAKEAWAY,3,14
TXN100562,S003,2024-10-01,20:40,Tuesday,4,50.0,0.0,7.5,57.5,CREDIT_CARD,DINE_IN,5,12
TXN100563,S003,2024-10-01,17:05,Tuesday,4,66.0,0.0,9.9,75.9,DIGITAL_WALLET,TAKEAWAY,4,8
TXN100564,S003,2024-10-01,12:57,Tuesday,3,51.0,0.0,7.65,58.65,DEBIT_CARD,DELIVERY,4,20
TXN100565,S003,2024-10-01,10:07,Tuesday,2,38.0,0.0,5.7,43.7,DEBIT_CARD,DRIVE_THRU,4,6
TXN100566,S003,2024-10-01,19:50,Tuesday,2,20.0,2.0,2.7,20.7,DEBIT_CARD,TAKEAWAY,4,11
TXN100567,S003,2024-10-01,12:15,Tuesday,3,59.0,0.0,8.85,67.85,MADA,TAKEAWAY,5,11
TXN100568,S003,2024-10-01,17:21,Tuesday,3,88.0,0.0,13.2,101.2,MADA,TAKEAWAY,3,14
TXN100569,S003,2024-10-01,15:35,Tuesday,1,12.0,0.0,1.8,13.8,DIGITAL_WALLET,DINE_IN,4,15
TXN100570,S003,2024-10-01,19:49,Tuesday,4,82.0,0.0,12.3,94.3,CREDIT_CARD,DINE_IN,5,15
TXN100571,S003,2024-10-01,12:34,Tuesday,2,28.0,0.0,4.2,32.2,CREDIT_CARD,DELIVERY,4,29
TXN100572,S003,2024-10-01,20:59,Tuesday,3,60.0,6.0,8.1,62.1,MADA,TAKEAWAY,5,9
TXN100573,S003,2024-10-01,10:57,Tuesday,3,46.0,0.0,6.9,52.9,DEBIT_CARD,DINE_IN,5,5
TXN100574,S003,2024-10-01,12:44,Tuesday,3,37.0,0.0,5.55,42.55,DIGITAL_WALLET,DRIVE_THRU,5,6
TXN100575,S003,2024-10-01,12:35,Tuesday,2,25.0,0.0,3.75,28.75,CREDIT_CARD,DRIVE_THRU,1,8
TXN100576,S003,2024-10-01,08:46,Tuesday,4,85.0,0.0,12.75,97.75,DIGITAL_WALLET,TAKEAWAY,5,14
TXN100577,S003,2024-10-01,20:39,Tuesday,2,23.0,0.0,3.45,26.45,DIGITAL_WALLET,TAKEAWAY,4,7
TXN100578,S003,2024-10-01,14:00,Tuesday,3,48.0,0.0,7.2,55.2,MADA,DELIVERY,2,21
TXN100579,S003,2024-10-01,17:45,Tuesday,2,30.0,0.0,4.5,34.5,CASH,DRIVE_THRU,5,7
TXN100580,S003,2024-10-01,23:48,Tuesday,4,64.0,0.0,9.6,73.6,CASH,DRIVE_THRU,4,8
TXN100581,S003,2024-10-01,18:42,Tuesday,1,12.0,0.0,1.8,13.8,MADA,DELIVERY,4,30
TXN100582,S003,2024-10-01,17:00,Tuesday,3,38.0,0.0,5.7,43.7,DIGITAL_WALLET,DELIVERY,5,29
TXN100583,S003,2024-10-01,13:02,Tuesday,3,53.0,0.0,7.95,60.95,DIGITAL_WALLET,DRIVE_THRU,4,8
TXN100584,S003,2024-10-01,23:51,Tuesday,3,65.0,6.5,8.78,67.28,MADA,DINE_IN,5,9
TXN100585,S003,2024-10-01,12:39,Tuesday,2,53.0,0.0,7.95,60.95,MADA,DRIVE_THRU,5,8
TXN100586,S003,2024-10-01,12:28,Tuesday,2,51.0,0.0,7.65,58.65,CREDIT_CARD,TAKEAWAY,3,13
TXN100587,S003,2024-10-01,19:21,Tuesday,5,81.0,0.0,12.15,93.15,CREDIT_CARD,TAKEAWAY,5,7
TXN100588,S003,2024-10-01,12:46,Tuesday,4,97.0,9.7,13.09,100.39,DIGITAL_WALLET,TAKEAWAY,4,12
TXN100589,S003,2024-10-01,19:48,Tuesday,4,69.0,0.0,10.35,79.35,MADA,TAKEAWAY,1,12
TXN100590,S003,2024-10-01,13:20,Tuesday,5,90.0,0.0,13.5,103.5,DIGITAL_WALLET,DELIVERY,4,28
TXN100591,S003,2024-10-01,19:16,Tuesday,3,57.0,0.0,8.55,65.55,MADA,DRIVE_THRU,4,8
TXN100592,S003,2024-10-01,18:11,Tuesday,2,40.0,4.0,5.4,41.4,CASH,DINE_IN,4,13
TXN100593,S003,2024-10-01,11:28,Tuesday,2,35.0,0.0,5.25,40.25,CASH,DINE_IN,4,5
TXN100594,S003,2024-10-01,21:42,Tuesday,4,92.0,9.2,12.42,95.22,MADA,DRIVE_THRU,4,8
TXN100595,S003,2024-10-01,17:11,Tuesday,4,79.0,0.0,11.85,90.85,CASH,TAKEAWAY,5,9
TXN100596,S003,2024-10-01,19:44,Tuesday,4,93.0,0.0,13.95,106.95,CASH,TAKEAWAY,4,5
TXN100597,S003,2024-10-01,12:52,Tuesday,2,44.0,0.0,6.6,50.6,CREDIT_CARD,TAKEAWAY,3,12
TXN100598,S003,2024-10-01,11:34,Tuesday,4,92.0,0.0,13.8,105.8,CASH,DINE_IN,3,14
TXN100599,S003,2024-10-01,19:49,Tuesday,3,66.0,0.0,9.9,75.9,DIGITAL_WALLET,DELIVERY,3,30
TXN100600,S003,2024-10-01,20:36,Tuesday,1,10.0,0.0,1.5,11.5,DIGITAL_WALLET,TAKEAWAY,4,6
TXN100601,S003,2024-10-01,17:00,Tuesday,2,22.0,0.0,3.3,25.3,MADA,DELIVERY,4,29
TXN100602,S003,2024-10-01,14:40,Tuesday,5,80.0,8.0,10.8,82.8,DIGITAL_WALLET,DELIVERY,5,25
TXN100603,S003,2024-10-01,17:24,Tuesday,3,72.0,0.0,10.8,82.8,DEBIT_CARD,TAKEAWAY,3,15
TXN100604,S003,2024-10-01,14:12,Tuesday,2,58.0,0.0,8.7,66.7,MADA,DRIVE_THRU,4,3
TXN100605,S003,2024-10-01,19:41,Tuesday,2,20.0,0.0,3.0,23.0,CASH,DINE_IN,4,10
TXN100606,S003,2024-10-01,19:02,Tuesday,3,50.0,0.0,7.5,57.5,MADA,DRIVE_THRU,5,4
TXN100607,S003,2024-10-01,20:02,Tuesday,3,52.0,0.0,7.8,59.8,MADA,DINE_IN,4,15
TXN100608,S003,2024-10-01,12:11,Tuesday,3,69.0,0.0,10.35,79.35,MADA,DINE_IN,5,6
TXN100609,S003,2024-10-01,11:38,Tuesday,4,87.0,0.0,13.05,100.05,DIGITAL_WALLET,DELIVERY,3,38
TXN100610,S003,2024-10-01,17:20,Tuesday,4,102.0,0.0,15.3,117.3,CASH,DELIVERY,3,33
TXN100611,S003,2024-10-01,12:23,Tuesday,3,60.0,6.0,8.1,62.1,CASH,TAKEAWAY,5,5
TXN100612,S003,2024-10-01,20:05,Tuesday,1,26.0,0.0,3.9,29.9,MADA,DELIVERY,4,35
TXN100613,S003,2024-10-01,18:13,Tuesday,2,33.0,0.0,4.95,37.95,CREDIT_CARD,DRIVE_THRU,4,3
TXN100614,S003,2024-10-01,18:45,Tuesday,3,69.0,0.0,10.35,79.35,CASH,DRIVE_THRU,3,7
TXN100615,S003,2024-10-01,22:39,Tuesday,2,18.0,0.0,2.7,20.7,CREDIT_CARD,DELIVERY,2,23
TXN100616,S003,2024-10-01,19:43,Tuesday,4,66.0,0.0,9.9,75.9,CASH,DINE_IN,5,9
TXN100617,S003,2024-10-01,12:16,Tuesday,2,40.0,0.0,6.0,46.0,CASH,DRIVE_THRU,3,3
TXN100618,S003,2024-10-01,16:07,Tuesday,1,30.0,0.0,4.5,34.5,MADA,DELIVERY,4,30
TXN100619,S003,2024-10-01,12:07,Tuesday,2,62.0,0.0,9.3,71.3,CREDIT_CARD,TAKEAWAY,5,6
TXN100620,S003,2024-10-01,15:31,Tuesday,1,15.0,0.0,2.25,17.25,MADA,TAKEAWAY,3,10
TXN100621,S003,2024-10-01,12:46,Tuesday,2,35.0,0.0,5.25,40.25,CREDIT_CARD,DINE_IN,5,5
TXN100622,S003,2024-10-01,13:07,Tuesday,4,63.0,0.0,9.45,72.45,DEBIT_CARD,DRIVE_THRU,5,8
TXN100623,S003,2024-10-01,21:57,Tuesday,2,38.0,3.8,5.13,39.33,MADA,TAKEAWAY,5,8
TXN100624,S003,2024-10-01,18:53,Tuesday,3,73.0,0.0,10.95,83.95,DIGITAL_WALLET,DRIVE_THRU,5,7
TXN100625,S003,2024-10-01,21:58,Tuesday,3,53.0,5.3,7.16,54.86,DIGITAL_WALLET,DINE_IN,4,11
TXN100626,S003,2024-10-01,15:51,Tuesday,3,56.0,0.0,8.4,64.4,MADA,DINE_IN,5,11
TXN100627,S003,2024-10-01,21:08,Tuesday,2,42.0,0.0,6.3,48.3,CASH,TAKEAWAY,5,7
TXN100628,S003,2024-10-01,18:54,Tuesday,3,58.0,0.0,8.7,66.7,CREDIT_CARD,TAKEAWAY,3,10
TXN100629,S003,2024-10-01,18:45,Tuesday,3,59.0,0.0,8.85,67.85,DEBIT_CARD,DINE_IN,4,9
TXN100630,S003,2024-10-01,18:39,Tuesday,3,74.0,0.0,11.1,85.1,DEBIT_CARD,DINE_IN,4,15
TXN100631,S003,2024-10-01,13:03,Tuesday,2,22.0,0.0,3.3,25.3,DEBIT_CARD,DELIVERY,3,37
TXN100632,S003,2024-10-01,18:35,Tuesday,3,66.0,0.0,9.9,75.9,CASH,TAKEAWAY,5,14
TXN100633,S003,2024-10-01,19:44,Tuesday,2,40.0,0.0,6.0,46.0,DEBIT_CARD,TAKEAWAY,4,6
TXN100634,S003,2024-10-01,13:28,Tuesday,3,52.0,0.0,7.8,59.8,MADA,DELIVERY,4,31
TXN100635,S003,2024-10-01,19:44,Tuesday,4,84.0,8.4,11.34,86.94,CREDIT_CARD,DELIVERY,5,22
TXN100636,S003,2024-10-01,11:17,Tuesday,2,38.0,0.0,5.7,43.7,CREDIT_CARD,DINE_IN,4,15
TXN100637,S003,2024-10-01,17:08,Tuesday,3,55.0,0.0,8.25,63.25,CASH,DINE_IN,5,8
TXN100638,S003,2024-10-01,19:33,Tuesday,3,43.0,0.0,6.45,49.45,DEBIT_CARD,TAKEAWAY,4,13
TXN100639,S003,2024-10-01,19:28,Tuesday,3,69.0,0.0,10.35,79.35,DEBIT_CARD,DRIVE_THRU,4,5
TXN100640,S003,2024-10-01,19:03,Tuesday,2,37.0,0.0,5.55,42.55,MADA,DRIVE_THRU,5,5
TXN100641,S003,2024-10-01,12:11,Tuesday,4,66.0,0.0,9.9,75.9,CASH,DELIVERY,4,34
TXN100642,S003,2024-10-01,13:11,Tuesday,2,38.0,0.0,5.7,43.7,DEBIT_CARD,DRIVE_THRU,4,7
TXN100643,S003,2024-10-01,22:34,Tuesday,2,43.0,0.0,6.45,49.45,CREDIT_CARD,TAKEAWAY,5,7
TXN100644,S003,2024-10-01,08:47,Tuesday,3,43.0,0.0,6.45,49.45,DEBIT_CARD,DRIVE_THRU,5,8
TXN100645,S003,2024-10-01,20:28,Tuesday,2,44.0,0.0,6.6,50.6,CREDIT_CARD,DINE_IN,4,11
TXN100646,S003,2024-10-01,18:14,Tuesday,3,70.0,0.0,10.5,80.5,CREDIT_CARD,DRIVE_THRU,5,5
TXN100647,S003,2024-10-01,12:05,Tuesday,3,56.0,0.0,8.4,64.4,DIGITAL_WALLET,DRIVE_THRU,4,7
TXN100648,S003,2024-10-01,18:03,Tuesday,4,63.0,0.0,9.45,72.45,DEBIT_CARD,DINE_IN,4,10
TXN100649,S003,2024-10-01,13:28,Tuesday,4,89.0,0.0,13.35,102.35,DEBIT_CARD,DRIVE_THRU,5,6
TXN100650,S003,2024-10-01,19:26,Tuesday,2,28.0,2.8,3.78,28.98,CREDIT_CARD,DELIVERY,4,36
TXN100651,S003,2024-10-01,23:04,Tuesday,4,93.0,0.0,13.95,106.95,DEBIT_CARD,TAKEAWAY,3,12
TXN100652,S003,2024-10-01,19:48,Tuesday,4,96.0,0.0,14.4,110.4,CASH,DELIVERY,5,29
TXN100653,S003,2024-10-01,16:47,Tuesday,3,64.0,0.0,9.6,73.6,DIGITAL_WALLET,DINE_IN,5,9
TXN100654,S003,2024-10-01,14:31,Tuesday,4,102.0,0.0,15.3,117.3,DIGITAL_WALLET,DINE_IN,4,10
TXN100655,S003,2024-10-01,18:36,Tuesday,3,49.0,0.0,7.35,56.35,CASH,DELIVERY,4,38
TXN100656,S003,2024-10-01,09:16,Tuesday,2,54.0,0.0,8.1,62.1,CREDIT_CARD,DELIVERY,3,28
TXN100657,S003,2024-10-01,13:40,Tuesday,4,81.0,0.0,12.15,93.15,CASH,DRIVE_THRU,5,4
TXN100658,S003,2024-10-01,19:38,Tuesday,4,55.0,0.0,8.25,63.25,DEBIT_CARD,DINE_IN,4,10
TXN100659,S003,2024-10-01,19:00,Tuesday,2,35.0,0.0,5.25,40.25,DIGITAL_WALLET,DELIVERY,5,25
TXN100660,S003,2024-10-01,11:09,Tuesday,3,56.0,0.0,8.4,64.4,MADA,DINE_IN,4,6
TXN100661,S003,2024-10-01,11:08,Tuesday,4,59.0,0.0,8.85,67.85,DIGITAL_WALLET,DELIVERY,3,29
TXN100662,S003,2024-10-01,09:52,Tuesday,2,36.0,0.0,5.4,41.4,DEBIT_CARD,DRIVE_THRU,3,3
TXN100663,S003,2024-10-01,14:48,Tuesday,4,87.0,8.7,11.74,90.04,CASH,DINE_IN,5,13
TXN100664,S003,2024-10-01,18:30,Tuesday,2,53.0,5.3,7.16,54.86,CASH,DINE_IN,5,14
TXN100665,S003,2024-10-01,12:57,Tuesday,2,22.0,2.2,2.97,22.77,CREDIT_CARD,DELIVERY,5,31
TXN100666,S003,2024-10-01,13:54,Tuesday,3,58.0,0.0,8.7,66.7,CASH,DINE_IN,5,5
TXN100667,S003,2024-10-01,17:45,Tuesday,2,51.0,0.0,7.65,58.65,MADA,DINE_IN,5,6
TXN100668,S003,2024-10-01,20:58,Tuesday,3,32.0,0.0,4.8,36.8,CREDIT_CARD,TAKEAWAY,5,6
TXN100669,S003,2024-10-01,12:22,Tuesday,5,75.0,0.0,11.25,86.25,DEBIT_CARD,DINE_IN,4,13
TXN100670,S003,2024-10-01,12:48,Tuesday,2,33.0,0.0,4.95,37.95,CASH,DELIVERY,4,32
TXN100671,S003,2024-10-01,13:38,Tuesday,3,54.0,0.0,8.1,62.1,DEBIT_CARD,TAKEAWAY,3,6
TXN100672,S003,2024-10-01,20:51,Tuesday,3,48.0,4.8,6.48,49.68,DIGITAL_WALLET,DINE_IN,4,13
TXN100673,S003,2024-10-01,18:05,Tuesday,2,25.0,0.0,3.75,28.75,CASH,DRIVE_THRU,2,4
TXN100674,S003,2024-10-01,13:38,Tuesday,4,87.0,0.0,13.05,100.05,DEBIT_CARD,DELIVERY,5,40
TXN100675,S003,2024-10-01,21:22,Tuesday,3,45.0,0.0,6.75,51.75,CREDIT_CARD,TAKEAWAY,3,9
TXN100676,S003,2024-10-01,16:14,Tuesday,3,86.0,0.0,12.9,98.9,CASH,TAKEAWAY,5,7
TXN100677,S003,2024-10-01,13:43,Tuesday,2,43.0,0.0,6.45,49.45,CASH,TAKEAWAY,5,8
TXN100678,S003,2024-10-01,13:31,Tuesday,3,43.0,0.0,6.45,49.45,MADA,DINE_IN,5,5
TXN100679,S003,2024-10-01,23:56,Tuesday,4,47.0,0.0,7.05,54.05,CASH,DINE_IN,3,15
TXN100680,S003,2024-10-01,19:19,Tuesday,4,63.0,0.0,9.45,72.45,DIGITAL_WALLET,TAKEAWAY,5,14
TXN100681,S003,2024-10-01,18:42,Tuesday,3,38.0,0.0,5.7,43.7,CREDIT_CARD,DINE_IN,4,12
TXN100682,S003,2024-10-01,18:24,Tuesday,3,45.0,4.5,6.08,46.58,MADA,DINE_IN,3,10
TXN100683,S003,2024-10-01,13:47,Tuesday,3,37.0,3.7,4.99,38.29,DEBIT_CARD,DELIVERY,4,21
TXN100684,S003,2024-10-01,18:15,Tuesday,2,43.0,4.3,5.81,44.51,CASH,DELIVERY,3,25
TXN100685,S003,2024-10-01,09:20,Tuesday,1,12.0,0.0,1.8,13.8,MADA,TAKEAWAY,4,12
TXN100686,S003,2024-10-01,18:20,Tuesday,2,25.0,0.0,3.75,28.75,DIGITAL_WALLET,DINE_IN,5,8
TXN100687,S003,2024-10-01,13:32,Tuesday,4,73.0,0.0,10.95,83.95,DIGITAL_WALLET,DRIVE_THRU,4,3
TXN100688,S003,2024-10-01,19:34,Tuesday,2,53.0,0.0,7.95,60.95,MADA,TAKEAWAY,5,14
TXN100689,S003,2024-10-01,19:05,Tuesday,3,60.0,0.0,9.0,69.0,CASH,TAKEAWAY,4,10
TXN100690,S003,2024-10-01,19:41,Tuesday,4,58.0,0.0,8.7,66.7,DIGITAL_WALLET,TAKEAWAY,4,13
TXN100691,S003,2024-10-01,15:48,Tuesday,3,48.0,0.0,7.2,55.2,MADA,TAKEAWAY,3,12
TXN100692,S003,2024-10-01,13:40,Tuesday,3,43.0,0.0,6.45,49.45,CASH,DRIVE_THRU,4,4
TXN100693,S003,2024-10-01,12:47,Tuesday,3,52.0,0.0,7.8,59.8,CASH,DRIVE_THRU,5,5
TXN100694,S003,2024-10-01,19:41,Tuesday,2,30.0,0.0,4.5,34.5,CREDIT_CARD,DINE_IN,3,5
TXN100695,S003,2024-10-01,12:52,Tuesday,2,20.0,0.0,3.0,23.0,DIGITAL_WALLET,DINE_IN,3,9
TXN100696,S003,2024-10-01,12:16,Tuesday,4,71.0,0.0,10.65,81.65,CASH,TAKEAWAY,5,5
TXN100697,S003,2024-10-01,19:05,Tuesday,2,57.0,0.0,8.55,65.55,DIGITAL_WALLET,DELIVERY,5,22
TXN100698,S003,2024-10-01,14:53,Tuesday,3,88.0,0.0,13.2,101.2,MADA,DINE_IN,4,14
TXN100699,S003,2024-10-01,21:59,Tuesday,3,74.0,0.0,11.1,85.1,DEBIT_CARD,DELIVERY,5,32
TXN100700,S003,2024-10-01,19:47,Tuesday,2,45.0,0.0,6.75,51.75,CREDIT_CARD,DRIVE_THRU,5,6
TXN100701,S003,2024-10-01,14:55,Tuesday,3,30.0,0.0,4.5,34.5,CASH,DELIVERY,4,35
TXN100702,S003,2024-10-01,18:17,Tuesday,4,60.0,0.0,9.0,69.0,CASH,DINE_IN,5,15
TXN100703,S003,2024-10-01,19:03,Tuesday,3,67.0,0.0,10.05,77.05,DEBIT_CARD,DELIVERY,5,23
TXN100704,S003,2024-10-01,17:15,Tuesday,4,78.0,0.0,11.7,89.7,CREDIT_CARD,DELIVERY,3,25
TXN100705,S003,2024-10-01,20:40,Tuesday,2,27.0,0.0,4.05,31.05,DEBIT_CARD,DINE_IN,5,12
TXN100706,S003,2024-10-01,15:26,Tuesday,4,83.0,0.0,12.45,95.45,MADA,DINE_IN,4,14
TXN100707,S003,2024-10-01,19:35,Tuesday,3,52.0,0.0,7.8,59.8,CREDIT_CARD,TAKEAWAY,5,7
TXN100708,S003,2024-10-01,08:12,Tuesday,3,60.0,0.0,9.0,69.0,CREDIT_CARD,DRIVE_THRU,5,8
TXN100709,S003,2024-10-01,14:20,Tuesday,3,61.0,0.0,9.15,70.15,MADA,DELIVERY,5,26
TXN100710,S003,2024-10-01,11:23,Tuesday,2,33.0,0.0,4.95,37.95,CASH,DRIVE_THRU,5,6
TXN100711,S003,2024-10-01,12:44,Tuesday,4,73.0,0.0,10.95,83.95,CREDIT_CARD,DINE_IN,5,7
TXN100712,S003,2024-10-01,21:07,Tuesday,1,8.0,0.0,1.2,9.2,DIGITAL_WALLET,TAKEAWAY,3,8
TXN100713,S003,2024-10-01,12:55,Tuesday,4,62.0,0.0,9.3,71.3,CREDIT_CARD,DRIVE_THRU,5,5
TXN100714,S003,2024-10-01,19:12,Tuesday,3,69.0,0.0,10.35,79.35,DEBIT_CARD,DRIVE_THRU,4,4
TXN100715,S003,2024-10-01,13:43,Tuesday,3,72.0,0.0,10.8,82.8,DEBIT_CARD,TAKEAWAY,5,11
TXN100716,S003,2024-10-01,19:47,Tuesday,3,50.0,5.0,6.75,51.75,DEBIT_CARD,DRIVE_THRU,4,5
TXN100717,S003,2024-10-01,23:42,Tuesday,5,98.0,0.0,14.7,112.7,DIGITAL_WALLET,DELIVERY,3,37
TXN100718,S003,2024-10-01,10:11,Tuesday,2,20.0,0.0,3.0,23.0,DIGITAL_WALLET,DRIVE_THRU,3,8
TXN100719,S003,2024-10-01,17:09,Tuesday,2,38.0,0.0,5.7,43.7,DIGITAL_WALLET,DELIVERY,5,33
TXN100720,S003,2024-10-01,13:56,Tuesday,2,33.0,0.0,4.95,37.95,CREDIT_CARD,DELIVERY,5,35
TXN100721,S003,2024-10-01,19:09,Tuesday,3,34.0,3.4,4.59,35.19,CREDIT_CARD,DINE_IN,4,5
TXN100722,S003,2024-10-01,15:10,Tuesday,3,59.0,5.9,7.96,61.06,DEBIT_CARD,TAKEAWAY,4,6
TXN100723,S003,2024-10-01,19:55,Tuesday,2,42.0,0.0,6.3,48.3,DEBIT_CARD,DRIVE_THRU,5,8
TXN100724,S003,2024-10-01,16:17,Tuesday,3,60.0,0.0,9.0,69.0,CASH,DRIVE_THRU,4,3
TXN100725,S003,2024-10-01,12:31,Tuesday,3,63.0,0.0,9.45,72.45,CASH,TAKEAWAY,4,6
TXN100726,S003,2024-10-01,19:09,Tuesday,1,12.0,0.0,1.8,13.8,DIGITAL_WALLET,TAKEAWAY,5,9
TXN100727,S003,2024-10-01,18:00,Tuesday,2,40.0,0.0,6.0,46.0,DIGITAL_WALLET,DELIVERY,5,38
TXN100728,S003,2024-10-01,12:55,Tuesday,1,12.0,0.0,1.8,13.8,CASH,DINE_IN,4,14
TXN100729,S003,2024-10-01,13:25,Tuesday,2,45.0,4.5,6.08,46.58,CREDIT_CARD,DRIVE_THRU,4,6
TXN100730,S003,2024-10-01,13:48,Tuesday,5,110.0,0.0,16.5,126.5,DEBIT_CARD,DRIVE_THRU,4,3
TXN100731,S003,2024-10-01,19:32,Tuesday,2,27.0,0.0,4.05,31.05,MADA,TAKEAWAY,3,11
TXN100732,S003,2024-10-01,19:39,Tuesday,2,27.0,2.7,3.65,27.95,MADA,DELIVERY,5,27
TXN100733,S003,2024-10-01,18:45,Tuesday,2,20.0,0.0,3.0,23.0,MADA,DINE_IN,4,11
TXN100734,S003,2024-10-01,11:51,Tuesday,3,61.0,0.0,9.15,70.15,MADA,TAKEAWAY,4,5
TXN100735,S003,2024-10-01,17:58,Tuesday,1,32.0,0.0,4.8,36.8,DIGITAL_WALLET,DINE_IN,4,14
TXN100736,S003,2024-10-01,19:22,Tuesday,2,40.0,4.0,5.4,41.4,DIGITAL_WALLET,DRIVE_THRU,5,6
TXN100737,S003,2024-10-01,10:26,Tuesday,4,65.0,0.0,9.75,74.75,DIGITAL_WALLET,DELIVERY,4,25
TXN100738,S003,2024-10-01,12:05,Tuesday,3,75.0,0.0,11.25,86.25,CASH,DINE_IN,4,5
TXN100739,S003,2024-10-01,12:30,Tuesday,3,45.0,0.0,6.75,51.75,DEBIT_CARD,DELIVERY,5,32
TXN100740,S003,2024-10-01,19:05,Tuesday,2,58.0,0.0,8.7,66.7,CASH,DRIVE_THRU,5,4
TXN100741,S003,2024-10-01,15:09,Tuesday,3,35.0,0.0,5.25,40.25,DEBIT_CARD,TAKEAWAY,3,11
TXN100742,S003,2024-10-01,09:10,Tuesday,4,52.0,5.2,7.02,53.82,DIGITAL_WALLET,DRIVE_THRU,3,7
TXN100743,S003,2024-10-01,19:25,Tuesday,1,28.0,0.0,4.2,32.2,DIGITAL_WALLET,TAKEAWAY,5,14
TXN100744,S003,2024-10-01,18:35,Tuesday,5,75.0,0.0,11.25,86.25,CASH,DINE_IN,4,10
TXN100745,S003,2024-10-01,17:17,Tuesday,4,71.0,0.0,10.65,81.65,DEBIT_CARD,TAKEAWAY,5,5
TXN100746,S003,2024-10-01,12:46,Tuesday,2,22.0,0.0,3.3,25.3,CREDIT_CARD,DELIVERY,5,34
TXN100747,S003,2024-10-01,12:18,Tuesday,3,35.0,0.0,5.25,40.25,CREDIT_CARD,DRIVE_THRU,4,8
TXN100748,S003,2024-10-01,11:30,Tuesday,2,56.0,0.0,8.4,64.4,CASH,TAKEAWAY,5,12
TXN100749,S003,2024-10-01,13:13,Tuesday,3,63.0,0.0,9.45,72.45,CREDIT_CARD,DRIVE_THRU,5,7
TXN100750,S003,2024-10-01,09:04,Tuesday,2,50.0,0.0,7.5,57.5,MADA,DRIVE_THRU,4,5
TXN100751,S003,2024-10-01,19:49,Tuesday,1,8.0,0.0,1.2,9.2,CREDIT_CARD,DINE_IN,5,12
TXN100752,S003,2024-10-01,19:53,Tuesday,4,72.0,0.0,10.8,82.8,CASH,DINE_IN,3,6
TXN100753,S003,2024-10-01,19:58,Tuesday,2,35.0,0.0,5.25,40.25,MADA,TAKEAWAY,5,6
TXN100754,S003,2024-10-01,12:23,Tuesday,2,58.0,0.0,8.7,66.7,DIGITAL_WALLET,TAKEAWAY,5,5
TXN100755,S003,2024-10-01,12:51,Tuesday,3,59.0,5.9,7.96,61.06,DEBIT_CARD,TAKEAWAY,4,15
TXN100756,S003,2024-10-01,12:48,Tuesday,4,81.0,0.0,12.15,93.15,DIGITAL_WALLET,TAKEAWAY,5,13
TXN100757,S003,2024-10-01,19:23,Tuesday,4,74.0,0.0,11.1,85.1,CASH,DELIVERY,4,25
TXN100758,S003,2024-10-01,14:25,Tuesday,4,76.0,0.0,11.4,87.4,MADA,DELIVERY,4,37
TXN100759,S004,2024-10-01,19:20,Tuesday,4,87.0,0.0,13.05,100.05,DIGITAL_WALLET,DRIVE_THRU,5,7
TXN100760,S004,2024-10-01,19:41,Tuesday,3,37.0,0.0,5.55,42.55,DEBIT_CARD,DINE_IN,2,10
TXN100761,S004,2024-10-01,13:46,Tuesday,3,46.0,0.0,6.9,52.9,CASH,DELIVERY,4,40
TXN100762,S004,2024-10-01,12:01,Tuesday,4,81.0,0.0,12.15,93.15,DEBIT_CARD,TAKEAWAY,5,6
TXN100763,S004,2024-10-01,19:53,Tuesday,2,20.0,0.0,3.0,23.0,CASH,DINE_IN,4,14
TXN100764,S004,2024-10-01,19:29,Tuesday,2,48.0,0.0,7.2,55.2,MADA,DRIVE_THRU,4,5
TXN100765,S004,2024-10-01,18:52,Tuesday,3,53.0,0.0,7.95,60.95,CREDIT_CARD,DINE_IN,4,14
TXN100766,S004,2024-10-01,12:49,Tuesday,2,58.0,0.0,8.7,66.7,DIGITAL_WALLET,DINE_IN,3,11
TXN100767,S004,2024-10-01,20:30,Tuesday,2,42.0,0.0,6.3,48.3,DIGITAL_WALLET,TAKEAWAY,5,14
TXN100768,S004,2024-10-01,16:27,Tuesday,5,71.0,0.0,10.65,81.65,DIGITAL_WALLET,TAKEAWAY,3,13
TXN100769,S004,2024-10-01,19:07,Tuesday,3,50.0,0.0,7.5,57.5,MADA,DELIVERY,5,23
TXN100770,S004,2024-10-01,18:26,Tuesday,2,28.0,0.0,4.2,32.2,MADA,DRIVE_THRU,3,5
TXN100771,S004,2024-10-01,23:19,Tuesday,2,54.0,0.0,8.1,62.1,MADA,TAKEAWAY,2,9
TXN100772,S004,2024-10-01,20:13,Tuesday,2,22.0,2.2,2.97,22.77,MADA,DELIVERY,2,21
TXN100773,S004,2024-10-01,14:36,Tuesday,2,22.0,0.0,3.3,25.3,DIGITAL_WALLET,DRIVE_THRU,5,7
TXN100774,S004,2024-10-01,18:48,Tuesday,3,48.0,4.8,6.48,49.68,MADA,TAKEAWAY,4,11
TXN100775,S004,2024-10-01,13:02,Tuesday,5,123.0,0.0,18.45,141.45,DEBIT_CARD,DINE_IN,5,6
TXN100776,S004,2024-10-01,12:39,Tuesday,3,54.0,0.0,8.1,62.1,DIGITAL_WALLET,DINE_IN,3,13
TXN100777,S004,2024-10-01,12:01,Tuesday,2,40.0,0.0,6.0,46.0,MADA,TAKEAWAY,3,13
TXN100778,S004,2024-10-01,18:25,Tuesday,3,50.0,0.0,7.5,57.5,DIGITAL_WALLET,DINE_IN,5,10
TXN100779,S004,2024-10-01,13:05,Tuesday,2,40.0,0.0,6.0,46.0,CREDIT_CARD,DRIVE_THRU,4,3
TXN100780,S004,2024-10-01,12:26,Tuesday,3,56.0,0.0,8.4,64.4,CASH,DELIVERY,4,30
TXN100781,S004,2024-10-01,12:57,Tuesday,2,47.0,4.7,6.34,48.64,CREDIT_CARD,DRIVE_THRU,4,7
TXN100782,S004,2024-10-01,13:07,Tuesday,2,22.0,0.0,3.3,25.3,CASH,TAKEAWAY,2,15
TXN100783,S004,2024-10-01,12:56,Tuesday,1,8.0,0.0,1.2,9.2,CASH,DRIVE_THRU,5,8
TXN100784,S004,2024-10-01,19:19,Tuesday,3,52.0,0.0,7.8,59.8,CREDIT_CARD,DELIVERY,4,25
TXN100785,S004,2024-10-01,19:34,Tuesday,5,78.0,0.0,11.7,89.7,MADA,DELIVERY,5,25
TXN100786,S004,2024-10-01,08:59,Tuesday,4,68.0,0.0,10.2,78.2,CREDIT_CARD,DELIVERY,2,37
TXN100787,S004,2024-10-01,17:19,Tuesday,1,10.0,0.0,1.5,11.5,CREDIT_CARD,DELIVERY,5,26
TXN100788,S004,2024-10-01,18:51,Tuesday,2,22.0,0.0,3.3,25.3,DIGITAL_WALLET,DELIVERY,4,30
TXN100789,S004,2024-10-01,13:29,Tuesday,5,88.0,8.8,11.88,91.08,CASH,DRIVE_THRU,4,8
TXN100790,S004,2024-10-01,18:48,Tuesday,2,44.0,0.0,6.6,50.6,MADA,DINE_IN,5,15
TXN100791,S004,2024-10-01,14:07,Tuesday,2,33.0,0.0,4.95,37.95,CREDIT_CARD,DINE_IN,3,10
TXN100792,S004,2024-10-01,21:28,Tuesday,1,10.0,1.0,1.35,10.35,DEBIT_CARD,DELIVERY,3,39
TXN100793,S004,2024-10-01,18:51,Tuesday,3,52.0,5.2,7.02,53.82,DIGITAL_WALLET,DRIVE_THRU,1,8
TXN100794,S004,2024-10-01,13:55,Tuesday,2,20.0,0.0,3.0,23.0,CREDIT_CARD,DRIVE_THRU,2,4
TXN100795,S004,2024-10-01,19:08,Tuesday,2,48.0,0.0,7.2,55.2,DEBIT_CARD,DRIVE_THRU,5,3
TXN100796,S004,2024-10-01,23:44,Tuesday,3,51.0,0.0,7.65,58.65,CASH,TAKEAWAY,5,15
TXN100797,S004,2024-10-01,10:20,Tuesday,3,72.0,0.0,10.8,82.8,DIGITAL_WALLET,TAKEAWAY,4,5
TXN100798,S004,2024-10-01,20:14,Tuesday,1,15.0,0.0,2.25,17.25,DEBIT_CARD,DINE_IN,4,10
TXN100799,S004,2024-10-01,11:36,Tuesday,4,87.0,0.0,13.05,100.05,CREDIT_CARD,DRIVE_THRU,4,3
TXN100800,S004,2024-10-01,18:06,Tuesday,1,15.0,0.0,2.25,17.25,MADA,DELIVERY,5,27
TXN100801,S004,2024-10-01,11:15,Tuesday,5,108.0,0.0,16.2,124.2,MADA,TAKEAWAY,5,15
TXN100802,S004,2024-10-01,14:07,Tuesday,1,28.0,0.0,4.2,32.2,DIGITAL_WALLET,DELIVERY,5,22
TXN100803,S004,2024-10-01,19:03,Tuesday,4,80.0,8.0,10.8,82.8,CASH,DINE_IN,4,11
TXN100804,S004,2024-10-01,14:39,Tuesday,4,88.0,0.0,13.2,101.2,DIGITAL_WALLET,TAKEAWAY,5,14
TXN100805,S004,2024-10-01,11:41,Tuesday,4,58.0,0.0,8.7,66.7,CASH,DINE_IN,1,6
TXN100806,S004,2024-10-01,18:53,Tuesday,2,44.0,0.0,6.6,50.6,DEBIT_CARD,DELIVERY,4,39
TXN100807,S004,2024-10-01,14:15,Tuesday,2,38.0,0.0,5.7,43.7,MADA,TAKEAWAY,4,15
TXN100808,S004,2024-10-01,19:19,Tuesday,3,46.0,0.0,6.9,52.9,MADA,DELIVERY,4,20
TXN100809,S004,2024-10-01,17:42,Tuesday,3,66.0,0.0,9.9,75.9,MADA,DINE_IN,4,8
TXN100810,S004,2024-10-01,22:40,Tuesday,4,84.0,0.0,12.6,96.6,DIGITAL_WALLET,DELIVERY,5,38
TXN100811,S004,2024-10-01,21:39,Tuesday,2,36.0,0.0,5.4,41.4,CASH,TAKEAWAY,3,5
TXN100812,S004,2024-10-01,18:44,Tuesday,2,48.0,0.0,7.2,55.2,DEBIT_CARD,TAKEAWAY,3,7
TXN100813,S004,2024-10-01,19:00,Tuesday,2,42.0,4.2,5.67,43.47,CASH,DRIVE_THRU,4,4
TXN100814,S004,2024-10-01,18:58,Tuesday,4,86.0,0.0,12.9,98.9,CREDIT_CARD,DELIVERY,5,30
TXN100815,S004,2024-10-01,19:15,Tuesday,2,54.0,0.0,8.1,62.1,CASH,DINE_IN,5,7
TXN100816,S004,2024-10-01,13:50,Tuesday,4,77.0,0.0,11.55,88.55,DEBIT_CARD,DRIVE_THRU,5,7
TXN100817,S004,2024-10-01,20:56,Tuesday,3,70.0,0.0,10.5,80.5,CREDIT_CARD,TAKEAWAY,5,10
TXN100818,S004,2024-10-01,18:40,Tuesday,2,46.0,0.0,6.9,52.9,MADA,DELIVERY,5,30
TXN100819,S004,2024-10-01,12:40,Tuesday,4,64.0,0.0,9.6,73.6,CASH,TAKEAWAY,5,14
TXN100820,S004,2024-10-01,10:32,Tuesday,2,20.0,0.0,3.0,23.0,MADA,TAKEAWAY,3,10
TXN100821,S004,2024-10-01,17:30,Tuesday,3,47.0,0.0,7.05,54.05,MADA,DINE_IN,3,8
TXN100822,S004,2024-10-01,15:15,Tuesday,2,40.0,0.0,6.0,46.0,MADA,DRIVE_THRU,5,5
TXN100823,S004,2024-10-01,12:05,Tuesday,2,57.0,0.0,8.55,65.55,DEBIT_CARD,DRIVE_THRU,4,6
TXN100824,S004,2024-10-01,16:21,Tuesday,3,39.0,0.0,5.85,44.85,DIGITAL_WALLET,DELIVERY,4,20
TXN100825,S004,2024-10-01,12:14,Tuesday,2,42.0,0.0,6.3,48.3,DEBIT_CARD,DINE_IN,5,8
TXN100826,S004,2024-10-01,11:04,Tuesday,2,38.0,0.0,5.7,43.7,DEBIT_CARD,DELIVERY,4,28
TXN100827,S004,2024-10-01,12:38,Tuesday,5,89.0,0.0,13.35,102.35,DEBIT_CARD,TAKEAWAY,5,14
TXN100828,S004,2024-10-01,19:00,Tuesday,3,49.0,0.0,7.35,56.35,CREDIT_CARD,TAKEAWAY,4,14
TXN100829,S004,2024-10-01,19:48,Tuesday,3,54.0,0.0,8.1,62.1,CREDIT_CARD,TAKEAWAY,5,11
TXN100830,S004,2024-10-01,12:28,Tuesday,4,82.0,0.0,12.3,94.3,CASH,TAKEAWAY,5,10
TXN100831,S004,2024-10-01,13:26,Tuesday,3,48.0,0.0,7.2,55.2,CASH,DINE_IN,5,7
TXN100832,S004,2024-10-01,22:21,Tuesday,3,40.0,0.0,6.0,46.0,DIGITAL_WALLET,DRIVE_THRU,5,3
TXN100833,S004,2024-10-01,17:12,Tuesday,3,40.0,0.0,6.0,46.0,DEBIT_CARD,DINE_IN,3,15
TXN100834,S004,2024-10-01,17:02,Tuesday,4,84.0,0.0,12.6,96.6,DIGITAL_WALLET,DELIVERY,3,29
TXN100835,S004,2024-10-01,18:04,Tuesday,3,46.0,0.0,6.9,52.9,DIGITAL_WALLET,TAKEAWAY,3,6
TXN100836,S004,2024-10-01,12:26,Tuesday,3,77.0,0.0,11.55,88.55,CREDIT_CARD,DELIVERY,4,35
TXN100837,S004,2024-10-01,12:36,Tuesday,4,68.0,0.0,10.2,78.2,CASH,DRIVE_THRU,4,6
TXN100838,S004,2024-10-01,18:15,Tuesday,3,42.0,0.0,6.3,48.3,CASH,DINE_IN,4,12
TXN100839,S004,2024-10-01,13:53,Tuesday,3,58.0,0.0,8.7,66.7,CREDIT_CARD,TAKEAWAY,4,14
TXN100840,S004,2024-10-01,19:29,Tuesday,2,38.0,0.0,5.7,43.7,CASH,TAKEAWAY,5,5
TXN100841,S004,2024-10-01,12:55,Tuesday,2,20.0,0.0,3.0,23.0,CASH,DRIVE_THRU,5,6
TXN100842,S004,2024-10-01,23:35,Tuesday,2,42.0,0.0,6.3,48.3,MADA,DELIVERY,4,25
TXN100843,S004,2024-10-01,12:32,Tuesday,1,28.0,2.8,3.78,28.98,DIGITAL_WALLET,TAKEAWAY,4,11
TXN100844,S004,2024-10-01,19:25,Tuesday,1,25.0,0.0,3.75,28.75,CREDIT_CARD,DELIVERY,5,34
TXN100845,S004,2024-10-01,16:04,Tuesday,1,12.0,0.0,1.8,13.8,DIGITAL_WALLET,DRIVE_THRU,4,5
TXN100846,S004,2024-10-01,19:10,Tuesday,4,101.0,0.0,15.15,116.15,DIGITAL_WALLET,DRIVE_THRU,3,3
TXN100847,S004,2024-10-01,18:09,Tuesday,3,84.0,0.0,12.6,96.6,MADA,DRIVE_THRU,4,3
TXN100848,S004,2024-10-01,19:51,Tuesday,3,54.0,0.0,8.1,62.1,DEBIT_CARD,TAKEAWAY,2,5
TXN100849,S004,2024-10-01,10:24,Tuesday,4,68.0,6.8,9.18,70.38,DIGITAL_WALLET,DINE_IN,5,10
TXN100850,S004,2024-10-01,19:43,Tuesday,3,88.0,0.0,13.2,101.2,CASH,TAKEAWAY,4,10
TXN100851,S004,2024-10-01,13:40,Tuesday,2,38.0,0.0,5.7,43.7,DIGITAL_WALLET,DINE_IN,4,6
TXN100852,S004,2024-10-01,13:11,Tuesday,1,12.0,0.0,1.8,13.8,DIGITAL_WALLET,DRIVE_THRU,4,3
TXN100853,S004,2024-10-01,18:17,Tuesday,3,70.0,0.0,10.5,80.5,DIGITAL_WALLET,DELIVERY,5,35
TXN100854,S004,2024-10-01,23:06,Tuesday,3,69.0,0.0,10.35,79.35,MADA,DELIVERY,5,32
TXN100855,S004,2024-10-01,18:49,Tuesday,3,46.0,0.0,6.9,52.9,DIGITAL_WALLET,DINE_IN,4,14
TXN100856,S004,2024-10-01,20:28,Tuesday,2,42.0,0.0,6.3,48.3,CASH,DRIVE_THRU,2,3
TXN100857,S004,2024-10-01,13:47,Tuesday,3,80.0,8.0,10.8,82.8,DEBIT_CARD,TAKEAWAY,4,7
TXN100858,S004,2024-10-01,13:41,Tuesday,1,10.0,0.0,1.5,11.5,DIGITAL_WALLET,DELIVERY,3,30
TXN100859,S004,2024-10-01,18:48,Tuesday,1,15.0,0.0,2.25,17.25,DEBIT_CARD,DINE_IN,4,10
TXN100860,S004,2024-10-01,13:13,Tuesday,3,52.0,0.0,7.8,59.8,DIGITAL_WALLET,DELIVERY,3,40
TXN100861,S004,2024-10-01,08:55,Tuesday,3,84.0,0.0,12.6,96.6,CREDIT_CARD,DINE_IN,3,13
TXN100862,S004,2024-10-01,19:59,Tuesday,2,40.0,0.0,6.0,46.0,DIGITAL_WALLET,DELIVERY,3,26
TXN100863,S004,2024-10-01,12:11,Tuesday,3,53.0,0.0,7.95,60.95,CREDIT_CARD,DELIVERY,5,35
TXN100864,S004,2024-10-01,11:23,Tuesday,2,38.0,0.0,5.7,43.7,MADA,TAKEAWAY,5,12
TXN100865,S004,2024-10-01,09:24,Tuesday,3,75.0,0.0,11.25,86.25,MADA,DRIVE_THRU,4,6
TXN100866,S004,2024-10-01,13:18,Tuesday,2,30.0,3.0,4.05,31.05,CREDIT_CARD,TAKEAWAY,3,8
TXN100867,S004,2024-10-01,08:55,Tuesday,3,32.0,0.0,4.8,36.8,DIGITAL_WALLET,TAKEAWAY,5,10
TXN100868,S004,2024-10-01,13:19,Tuesday,3,65.0,0.0,9.75,74.75,CASH,TAKEAWAY,5,7
TXN100869,S004,2024-10-01,12:27,Tuesday,5,52.0,0.0,7.8,59.8,DIGITAL_WALLET,TAKEAWAY,5,8
TXN100870,S004,2024-10-01,15:58,Tuesday,4,76.0,0.0,11.4,87.4,DIGITAL_WALLET,DRIVE_THRU,4,7
TXN100871,S004,2024-10-01,18:42,Tuesday,4,87.0,0.0,13.05,100.05,MADA,DINE_IN,4,8
TXN100872,S004,2024-10-01,19:10,Tuesday,4,61.0,0.0,9.15,70.15,DIGITAL_WALLET,DELIVERY,5,22
TXN100873,S004,2024-10-01,11:36,Tuesday,4,91.0,0.0,13.65,104.65,DIGITAL_WALLET,DELIVERY,1,25
TXN100874,S004,2024-10-01,19:00,Tuesday,1,10.0,0.0,1.5,11.5,DIGITAL_WALLET,DELIVERY,5,25
TXN100875,S004,2024-10-01,12:11,Tuesday,3,68.0,0.0,10.2,78.2,CASH,TAKEAWAY,4,8
TXN100876,S004,2024-10-01,12:03,Tuesday,3,70.0,0.0,10.5,80.5,MADA,DINE_IN,5,7
TXN100877,S004,2024-10-01,11:05,Tuesday,2,57.0,0.0,8.55,65.55,MADA,DRIVE_THRU,4,8
TXN100878,S004,2024-10-01,19:00,Tuesday,1,28.0,0.0,4.2,32.2,CASH,DINE_IN,3,5
TXN100879,S004,2024-10-01,13:33,Tuesday,5,74.0,0.0,11.1,85.1,DEBIT_CARD,DELIVERY,5,31
TXN100880,S004,2024-10-01,18:24,Tuesday,3,52.0,5.2,7.02,53.82,DIGITAL_WALLET,DRIVE_THRU,2,3
TXN100881,S004,2024-10-01,19:17,Tuesday,5,85.0,0.0,12.75,97.75,CASH,DELIVERY,1,31
TXN100882,S004,2024-10-01,19:51,Tuesday,3,54.0,0.0,8.1,62.1,DIGITAL_WALLET,DINE_IN,4,12
TXN100883,S004,2024-10-01,23:54,Tuesday,3,72.0,0.0,10.8,82.8,CREDIT_CARD,DINE_IN,3,6
TXN100884,S004,2024-10-01,13:43,Tuesday,5,98.0,0.0,14.7,112.7,CREDIT_CARD,DRIVE_THRU,3,8
TXN100885,S004,2024-10-01,18:06,Tuesday,3,64.0,0.0,9.6,73.6,DEBIT_CARD,TAKEAWAY,5,8
TXN100886,S004,2024-10-01,19:42,Tuesday,3,70.0,0.0,10.5,80.5,DIGITAL_WALLET,DINE_IN,5,10
TXN100887,S004,2024-10-01,19:59,Tuesday,3,60.0,0.0,9.0,69.0,DIGITAL_WALLET,TAKEAWAY,5,8
TXN100888,S004,2024-10-01,13:18,Tuesday,1,32.0,0.0,4.8,36.8,MADA,DRIVE_THRU,5,3
TXN100889,S004,2024-10-01,18:08,Tuesday,4,86.0,8.6,11.61,89.01,MADA,DRIVE_THRU,5,6
TXN100890,S004,2024-10-01,13:23,Tuesday,4,82.0,0.0,12.3,94.3,CASH,TAKEAWAY,4,9
TXN100891,S004,2024-10-01,19:31,Tuesday,3,69.0,0.0,10.35,79.35,CASH,DELIVERY,4,23
TXN100892,S004,2024-10-01,13:54,Tuesday,3,54.0,0.0,8.1,62.1,DIGITAL_WALLET,DINE_IN,5,10
TXN100893,S004,2024-10-01,12:45,Tuesday,2,40.0,0.0,6.0,46.0,CASH,DRIVE_THRU,5,8
TXN100894,S004,2024-10-01,13:52,Tuesday,3,62.0,0.0,9.3,71.3,DIGITAL_WALLET,TAKEAWAY,5,11
TXN100895,S004,2024-10-01,13:33,Tuesday,3,63.0,0.0,9.45,72.45,CREDIT_CARD,DELIVERY,5,38
TXN100896,S004,2024-10-01,19:03,Tuesday,4,73.0,0.0,10.95,83.95,DIGITAL_WALLET,TAKEAWAY,4,7
TXN100897,S004,2024-10-01,12:51,Tuesday,3,50.0,0.0,7.5,57.5,MADA,DINE_IN,5,7
TXN100898,S004,2024-10-01,13:27,Tuesday,3,86.0,0.0,12.9,98.9,DIGITAL_WALLET,DRIVE_THRU,5,3
TXN100899,S004,2024-10-01,22:41,Tuesday,2,41.0,0.0,6.15,47.15,DIGITAL_WALLET,DRIVE_THRU,2,4
TXN100900,S004,2024-10-01,14:19,Tuesday,3,53.0,0.0,7.95,60.95,CASH,TAKEAWAY,5,15
TXN100901,S004,2024-10-01,13:40,Tuesday,3,70.0,0.0,10.5,80.5,CASH,TAKEAWAY,5,13
TXN100902,S004,2024-10-01,12:37,Tuesday,3,55.0,0.0,8.25,63.25,CASH,DRIVE_THRU,4,8
TXN100903,S004,2024-10-01,18:19,Tuesday,3,52.0,0.0,7.8,59.8,MADA,DRIVE_THRU,4,8
TXN100904,S004,2024-10-01,09:35,Tuesday,4,62.0,0.0,9.3,71.3,MADA,DINE_IN,5,8
TXN100905,S004,2024-10-01,22:57,Tuesday,2,44.0,4.4,5.94,45.54,DIGITAL_WALLET,DELIVERY,3,24
TXN100906,S004,2024-10-01,18:41,Tuesday,2,33.0,0.0,4.95,37.95,CASH,DINE_IN,5,13
TXN100907,S004,2024-10-01,13:34,Tuesday,2,40.0,0.0,6.0,46.0,CASH,DELIVERY,5,34
TXN100908,S004,2024-10-01,12:31,Tuesday,3,36.0,0.0,5.4,41.4,CREDIT_CARD,DINE_IN,5,5
TXN100909,S004,2024-10-01,12:12,Tuesday,2,56.0,0.0,8.4,64.4,CREDIT_CARD,DELIVERY,4,39
TXN100910,S004,2024-10-01,14:35,Tuesday,2,27.0,0.0,4.05,31.05,DIGITAL_WALLET,TAKEAWAY,3,9
TXN100911,S004,2024-10-01,18:44,Tuesday,2,62.0,0.0,9.3,71.3,DEBIT_CARD,DRIVE_THRU,5,7
TXN100912,S004,2024-10-01,18:52,Tuesday,3,51.0,0.0,7.65,58.65,DIGITAL_WALLET,TAKEAWAY,2,14
TXN100913,S004,2024-10-01,12:17,Tuesday,2,44.0,0.0,6.6,50.6,CASH,DELIVERY,5,31
TXN100914,S004,2024-10-01,20:49,Tuesday,2,55.0,5.5,7.42,56.92,DIGITAL_WALLET,DRIVE_THRU,4,3
TXN100915,S004,2024-10-01,19:07,Tuesday,2,35.0,0.0,5.25,40.25,DIGITAL_WALLET,DINE_IN,4,14
TXN100916,S004,2024-10-01,19:35,Tuesday,2,60.0,0.0,9.0,69.0,DIGITAL_WALLET,DRIVE_THRU,4,8
TXN100917,S004,2024-10-01,18:50,Tuesday,3,45.0,0.0,6.75,51.75,DEBIT_CARD,DINE_IN,5,7
TXN100918,S004,2024-10-01,18:09,Tuesday,2,35.0,3.5,4.72,36.22,DEBIT_CARD,DRIVE_THRU,5,6
TXN100919,S004,2024-10-01,18:11,Tuesday,3,30.0,0.0,4.5,34.5,DIGITAL_WALLET,DRIVE_THRU,4,3
TXN100920,S004,2024-10-01,21:26,Tuesday,4,72.0,0.0,10.8,82.8,CASH,DRIVE_THRU,4,3
TXN100921,S004,2024-10-01,19:35,Tuesday,4,77.0,0.0,11.55,88.55,MADA,DINE_IN,4,14
TXN100922,S004,2024-10-01,12:53,Tuesday,3,33.0,0.0,4.95,37.95,CREDIT_CARD,DINE_IN,4,7
TXN100923,S004,2024-10-01,18:56,Tuesday,4,98.0,0.0,14.7,112.7,MADA,DELIVERY,5,33
TXN100924,S004,2024-10-01,16:10,Tuesday,2,42.0,0.0,6.3,48.3,CREDIT_CARD,DINE_IN,4,12
TXN100925,S004,2024-10-01,13:13,Tuesday,1,12.0,0.0,1.8,13.8,CREDIT_CARD,DELIVERY,5,40
TXN100926,S004,2024-10-01,16:57,Tuesday,1,12.0,0.0,1.8,13.8,DIGITAL_WALLET,DINE_IN,4,14
TXN100927,S004,2024-10-01,15:19,Tuesday,2,38.0,0.0,5.7,43.7,CREDIT_CARD,TAKEAWAY,4,6
TXN100928,S004,2024-10-01,14:12,Tuesday,1,8.0,0.0,1.2,9.2,DIGITAL_WALLET,DINE_IN,5,5
TXN100929,S004,2024-10-01,12:42,Tuesday,2,27.0,0.0,4.05,31.05,DEBIT_CARD,TAKEAWAY,5,13
TXN100930,S004,2024-10-01,19:06,Tuesday,5,78.0,0.0,11.7,89.7,CASH,DELIVERY,5,26
TXN100931,S004,2024-10-01,11:18,Tuesday,1,15.0,0.0,2.25,17.25,DEBIT_CARD,DINE_IN,3,8
TXN100932,S004,2024-10-01,21:42,Tuesday,5,85.0,0.0,12.75,97.75,CREDIT_CARD,DELIVERY,5,32
TXN100933,S004,2024-10-01,16:59,Tuesday,3,73.0,0.0,10.95,83.95,CASH,DRIVE_THRU,3,7
TXN100934,S004,2024-10-01,08:43,Tuesday,2,22.0,0.0,3.3,25.3,MADA,DINE_IN,4,9
TXN100935,S004,2024-10-01,13:05,Tuesday,4,82.0,0.0,12.3,94.3,DEBIT_CARD,DINE_IN,5,8
TXN100936,S004,2024-10-01,18:27,Tuesday,2,42.0,0.0,6.3,48.3,MADA,DRIVE_THRU,3,7
TXN100937,S004,2024-10-01,18:09,Tuesday,2,41.0,4.1,5.53,42.43,CREDIT_CARD,DRIVE_THRU,4,7
TXN100938,S004,2024-10-01,12:55,Tuesday,1,15.0,0.0,2.25,17.25,CREDIT_CARD,DRIVE_THRU,4,6
TXN100939,S004,2024-10-01,10:27,Tuesday,3,67.0,0.0,10.05,77.05,DEBIT_CARD,TAKEAWAY,4,5
TXN100940,S004,2024-10-01,12:00,Tuesday,1,10.0,0.0,1.5,11.5,DEBIT_CARD,TAKEAWAY,4,14
TXN100941,S004,2024-10-01,11:11,Tuesday,2,22.0,0.0,3.3,25.3,CASH,DINE_IN,5,15
TXN100942,S004,2024-10-01,17:55,Tuesday,2,20.0,0.0,3.0,23.0,MADA,DELIVERY,4,28
TXN100943,S004,2024-10-01,12:24,Tuesday,1,32.0,0.0,4.8,36.8,MADA,DINE_IN,2,15
TXN100944,S004,2024-10-01,19:12,Tuesday,3,50.0,0.0,7.5,57.5,DEBIT_CARD,TAKEAWAY,5,8
TXN100945,S004,2024-10-01,17:09,Tuesday,1,30.0,0.0,4.5,34.5,DEBIT_CARD,DELIVERY,5,34
TXN100946,S004,2024-10-01,18:07,Tuesday,4,67.0,0.0,10.05,77.05,MADA,DINE_IN,3,9
TXN100947,S004,2024-10-01,18:08,Tuesday,2,46.0,0.0,6.9,52.9,CREDIT_CARD,TAKEAWAY,4,13
TXN100948,S004,2024-10-01,19:04,Tuesday,2,23.0,0.0,3.45,26.45,DIGITAL_WALLET,TAKEAWAY,4,8
TXN100949,S004,2024-10-01,12:10,Tuesday,3,54.0,0.0,8.1,62.1,MADA,DELIVERY,4,27
TXN100950,S004,2024-10-01,13:17,Tuesday,3,84.0,0.0,12.6,96.6,DEBIT_CARD,DINE_IN,5,9
TXN100951,S004,2024-10-01,20:17,Tuesday,4,88.0,0.0,13.2,101.2,CASH,DELIVERY,5,31
TXN100952,S004,2024-10-01,13:45,Tuesday,4,76.0,0.0,11.4,87.4,CASH,DINE_IN,5,8
TXN100953,S004,2024-10-01,19:17,Tuesday,2,36.0,0.0,5.4,41.4,MADA,DINE_IN,5,11
TXN100954,S004,2024-10-01,21:16,Tuesday,4,68.0,0.0,10.2,78.2,CREDIT_CARD,DELIVERY,4,38
TXN100955,S004,2024-10-01,18:54,Tuesday,4,83.0,0.0,12.45,95.45,DIGITAL_WALLET,DINE_IN,4,12
TXN100956,S004,2024-10-01,12:55,Tuesday,2,30.0,0.0,4.5,34.5,CREDIT_CARD,DELIVERY,2,25
TXN100957,S004,2024-10-01,20:52,Tuesday,2,48.0,4.8,6.48,49.68,CASH,TAKEAWAY,4,15
TXN100958,S004,2024-10-01,22:06,Tuesday,3,72.0,7.2,9.72,74.52,DIGITAL_WALLET,DINE_IN,3,5
TXN100959,S004,2024-10-01,19:41,Tuesday,4,113.0,0.0,16.95,129.95,MADA,DINE_IN,5,5
TXN100960,S004,2024-10-01,21:06,Tuesday,3,72.0,0.0,10.8,82.8,MADA,TAKEAWAY,5,9
TXN100961,S004,2024-10-01,13:09,Tuesday,2,33.0,0.0,4.95,37.95,CASH,DINE_IN,5,6
TXN100962,S004,2024-10-01,17:06,Tuesday,3,69.0,0.0,10.35,79.35,CASH,DRIVE_THRU,4,4
TXN100963,S004,2024-10-01,13:18,Tuesday,2,27.0,0.0,4.05,31.05,CASH,TAKEAWAY,3,6
TXN100964,S004,2024-10-01,12:18,Tuesday,2,28.0,0.0,4.2,32.2,CASH,DINE_IN,4,7
TXN100965,S004,2024-10-01,14:21,Tuesday,3,53.0,0.0,7.95,60.95,DEBIT_CARD,DELIVERY,4,23
TXN100966,S004,2024-10-01,13:31,Tuesday,3,85.0,0.0,12.75,97.75,CREDIT_CARD,DRIVE_THRU,4,6
TXN100967,S004,2024-10-01,14:50,Tuesday,4,71.0,0.0,10.65,81.65,DEBIT_CARD,DRIVE_THRU,3,4
TXN100968,S004,2024-10-01,12:24,Tuesday,2,27.0,0.0,4.05,31.05,DIGITAL_WALLET,DELIVERY,3,40
TXN100969,S004,2024-10-01,20:24,Tuesday,3,32.0,0.0,4.8,36.8,MADA,DRIVE_THRU,4,7
TXN100970,S004,2024-10-01,19:33,Tuesday,3,72.0,0.0,10.8,82.8,CASH,DRIVE_THRU,5,3
TXN100971,S004,2024-10-01,13:30,Tuesday,5,114.0,0.0,17.1,131.1,CREDIT_CARD,TAKEAWAY,4,8
TXN100972,S004,2024-10-01,10:08,Tuesday,2,36.0,0.0,5.4,41.4,CASH,TAKEAWAY,4,6
TXN100973,S004,2024-10-01,18:04,Tuesday,3,72.0,0.0,10.8,82.8,CREDIT_CARD,DINE_IN,4,5
TXN100974,S004,2024-10-01,18:52,Tuesday,3,48.0,0.0,7.2,55.2,DEBIT_CARD,TAKEAWAY,4,10
TXN100975,S004,2024-10-01,14:41,Tuesday,3,83.0,8.3,11.21,85.91,CASH,DRIVE_THRU,4,3
TXN100976,S004,2024-10-01,13:27,Tuesday,3,45.0,0.0,6.75,51.75,MADA,DELIVERY,5,33
TXN100977,S004,2024-10-01,21:17,Tuesday,5,91.0,0.0,13.65,104.65,CREDIT_CARD,TAKEAWAY,3,13
TXN100978,S004,2024-10-01,18:04,Tuesday,4,47.0,0.0,7.05,54.05,CREDIT_CARD,DINE_IN,5,15
TXN100979,S004,2024-10-01,14:17,Tuesday,2,42.0,0.0,6.3,48.3,DEBIT_CARD,DINE_IN,4,7
TXN100980,S004,2024-10-01,17:04,Tuesday,2,53.0,0.0,7.95,60.95,CREDIT_CARD,DINE_IN,4,6
TXN100981,S004,2024-10-01,22:36,Tuesday,1,12.0,1.2,1.62,12.42,DEBIT_CARD,DINE_IN,5,5
TXN100982,S004,2024-10-01,22:48,Tuesday,2,23.0,0.0,3.45,26.45,DIGITAL_WALLET,DELIVERY,5,23
TXN100983,S004,2024-10-01,13:57,Tuesday,3,66.0,6.6,8.91,68.31,DIGITAL_WALLET,TAKEAWAY,4,5
TXN100984,S004,2024-10-01,13:09,Tuesday,3,54.0,0.0,8.1,62.1,CREDIT_CARD,DRIVE_THRU,5,8
TXN100985,S004,2024-10-01,12:45,Tuesday,2,18.0,0.0,2.7,20.7,MADA,DELIVERY,4,24
TXN100986,S004,2024-10-01,13:23,Tuesday,3,53.0,0.0,7.95,60.95,MADA,DINE_IN,5,14
TXN100987,S004,2024-10-01,18:31,Tuesday,1,28.0,0.0,4.2,32.2,DEBIT_CARD,DINE_IN,4,12
TXN100988,S004,2024-10-01,13:59,Tuesday,2,57.0,0.0,8.55,65.55,DEBIT_CARD,DINE_IN,3,12
TXN100989,S004,2024-10-01,12:30,Tuesday,5,92.0,9.2,12.42,95.22,DEBIT_CARD,TAKEAWAY,4,14
TXN100990,S004,2024-10-01,20:08,Tuesday,3,36.0,0.0,5.4,41.4,DIGITAL_WALLET,TAKEAWAY,4,15
TXN100991,S004,2024-10-01,10:41,Tuesday,1,30.0,0.0,4.5,34.5,MADA,DINE_IN,3,6
TXN100992,S004,2024-10-01,13:10,Tuesday,3,77.0,0.0,11.55,88.55,CASH,DELIVERY,4,40
TXN100993,S004,2024-10-01,17:52,Tuesday,3,68.0,0.0,10.2,78.2,DIGITAL_WALLET,TAKEAWAY,3,10
TXN100994,S004,2024-10-01,10:21,Tuesday,5,109.0,0.0,16.35,125.35,MADA,DRIVE_THRU,5,4
TXN100995,S004,2024-10-01,18:20,Tuesday,3,61.0,0.0,9.15,70.15,DEBIT_CARD,TAKEAWAY,5,8
TXN100996,S004,2024-10-01,10:55,Tuesday,1,12.0,0.0,1.8,13.8,DEBIT_CARD,DRIVE_THRU,3,3
TXN100997,S005,2024-10-01,14:19,Tuesday,4,65.0,0.0,9.75,74.75,DEBIT_CARD,DRIVE_THRU,5,3
TXN100998,S005,2024-10-01,20:27,Tuesday,2,51.0,0.0,7.65,58.65,DIGITAL_WALLET,TAKEAWAY,4,7
TXN100999,S005,2024-10-01,22:27,Tuesday,2,28.0,0.0,4.2,32.2,CASH,DRIVE_THRU,3,8
TXN101000,S005,2024-10-01,18:09,Tuesday,2,20.0,2.0,2.7,20.7,DIGITAL_WALLET,DRIVE_THRU,4,5
TXN101001,S005,2024-10-01,11:43,Tuesday,3,48.0,0.0,7.2,55.2,CREDIT_CARD,TAKEAWAY,5,14
TXN101002,S005,2024-10-01,11:13,Tuesday,3,53.0,0.0,7.95,60.95,MADA,TAKEAWAY,3,8
TXN101003,S005,2024-10-01,21:43,Tuesday,3,50.0,5.0,6.75,51.75,DEBIT_CARD,DINE_IN,5,15
TXN101004,S005,2024-10-01,23:26,Tuesday,3,33.0,0.0,4.95,37.95,DEBIT_CARD,DINE_IN,5,12
TXN101005,S005,2024-10-01,14:11,Tuesday,3,49.0,0.0,7.35,56.35,DIGITAL_WALLET,DELIVERY,5,23
TXN101006,S005,2024-10-01,23:51,Tuesday,4,87.0,0.0,13.05,100.05,MADA,DINE_IN,5,13
TXN101007,S005,2024-10-01,18:02,Tuesday,3,57.0,0.0,8.55,65.55,MADA,TAKEAWAY,3,12
TXN101008,S005,2024-10-01,21:22,Tuesday,5,77.0,0.0,11.55,88.55,MADA,DELIVERY,4,28
TXN101009,S005,2024-10-01,13:57,Tuesday,4,85.0,0.0,12.75,97.75,DIGITAL_WALLET,DINE_IN,1,7
TXN101010,S005,2024-10-01,19:53,Tuesday,4,50.0,0.0,7.5,57.5,MADA,TAKEAWAY,4,11
TXN101011,S005,2024-10-01,12:41,Tuesday,2,46.0,0.0,6.9,52.9,DIGITAL_WALLET,DRIVE_THRU,4,5
TXN101012,S005,2024-10-01,17:27,Tuesday,2,36.0,0.0,5.4,41.4,MADA,TAKEAWAY,5,15
TXN101013,S005,2024-10-01,20:53,Tuesday,3,72.0,7.2,9.72,74.52,DIGITAL_WALLET,DINE_IN,5,14
TXN101014,S005,2024-10-01,12:39,Tuesday,3,65.0,6.5,8.78,67.28,CREDIT_CARD,TAKEAWAY,5,10
TXN101015,S005,2024-10-01,12:41,Tuesday,4,75.0,0.0,11.25,86.25,DIGITAL_WALLET,DELIVERY,5,28
TXN101016,S005,2024-10-01,11:09,Tuesday,3,62.0,0.0,9.3,71.3,MADA,DINE_IN,3,9
TXN101017,S005,2024-10-01,13:11,Tuesday,1,12.0,0.0,1.8,13.8,CREDIT_CARD,TAKEAWAY,3,5
TXN101018,S005,2024-10-01,14:31,Tuesday,5,105.0,0.0,15.75,120.75,DIGITAL_WALLET,DRIVE_THRU,3,3
TXN101019,S005,2024-10-01,20:42,Tuesday,3,78.0,0.0,11.7,89.7,DEBIT_CARD,TAKEAWAY,5,14
TXN101020,S005,2024-10-01,17:10,Tuesday,3,87.0,0.0,13.05,100.05,MADA,DINE_IN,4,7
TXN101021,S005,2024-10-01,12:23,Tuesday,2,58.0,0.0,8.7,66.7,CREDIT_CARD,DINE_IN,5,7
TXN101022,S005,2024-10-01,13:30,Tuesday,2,42.0,0.0,6.3,48.3,DEBIT_CARD,TAKEAWAY,5,12
TXN101023,S005,2024-10-01,14:25,Tuesday,4,91.0,0.0,13.65,104.65,CASH,DELIVERY,3,26
TXN101024,S005,2024-10-01,21:31,Tuesday,3,45.0,0.0,6.75,51.75,DEBIT_CARD,DINE_IN,4,11
TXN101025,S005,2024-10-01,12:22,Tuesday,2,44.0,0.0,6.6,50.6,CASH,DELIVERY,4,29
TXN101026,S005,2024-10-01,18:56,Tuesday,3,33.0,3.3,4.46,34.16,CREDIT_CARD,DELIVERY,4,25
TXN101027,S005,2024-10-01,13:04,Tuesday,2,20.0,0.0,3.0,23.0,DEBIT_CARD,DINE_IN,1,5
TXN101028,S005,2024-10-01,19:13,Tuesday,3,48.0,4.8,6.48,49.68,DEBIT_CARD,DRIVE_THRU,4,3
TXN101029,S005,2024-10-01,17:45,Tuesday,3,62.0,0.0,9.3,71.3,DIGITAL_WALLET,TAKEAWAY,4,10
TXN101030,S005,2024-10-01,12:03,Tuesday,4,80.0,0.0,12.0,92.0,DIGITAL_WALLET,DRIVE_THRU,4,7
TXN101031,S005,2024-10-01,13:36,Tuesday,1,28.0,0.0,4.2,32.2,MADA,DINE_IN,5,9
TXN101032,S005,2024-10-01,12:25,Tuesday,1,8.0,0.0,1.2,9.2,CASH,DELIVERY,5,22
TXN101033,S005,2024-10-01,15:53,Tuesday,4,57.0,0.0,8.55,65.55,DIGITAL_WALLET,DINE_IN,4,10
TXN101034,S005,2024-10-01,16:03,Tuesday,2,22.0,0.0,3.3,25.3,CASH,DELIVERY,5,23
TXN101035,S005,2024-10-01,09:03,Tuesday,4,83.0,0.0,12.45,95.45,CASH,DRIVE_THRU,5,5
TXN101036,S005,2024-10-01,19:34,Tuesday,5,107.0,10.7,14.44,110.74,DEBIT_CARD,DINE_IN,4,14
TXN101037,S005,2024-10-01,19:24,Tuesday,2,36.0,0.0,5.4,41.4,CASH,DRIVE_THRU,4,4
TXN101038,S005,2024-10-01,19:56,Tuesday,4,71.0,0.0,10.65,81.65,CREDIT_CARD,TAKEAWAY,5,9
TXN101039,S005,2024-10-01,13:46,Tuesday,3,69.0,0.0,10.35,79.35,DEBIT_CARD,DRIVE_THRU,5,8
TXN101040,S005,2024-10-01,19:44,Tuesday,1,12.0,1.2,1.62,12.42,CASH,DRIVE_THRU,4,6
TXN101041,S005,2024-10-01,12:06,Tuesday,2,26.0,0.0,3.9,29.9,DEBIT_CARD,DELIVERY,5,40
TXN101042,S005,2024-10-01,12:32,Tuesday,2,56.0,0.0,8.4,64.4,DIGITAL_WALLET,TAKEAWAY,5,13
TXN101043,S005,2024-10-01,12:25,Tuesday,2,40.0,0.0,6.0,46.0,DEBIT_CARD,DINE_IN,3,6
TXN101044,S005,2024-10-01,19:15,Tuesday,1,12.0,0.0,1.8,13.8,CASH,TAKEAWAY,5,12
TXN101045,S005,2024-10-01,13:07,Tuesday,4,87.0,0.0,13.05,100.05,MADA,TAKEAWAY,4,5
TXN101046,S005,2024-10-01,14:23,Tuesday,1,12.0,0.0,1.8,13.8,DIGITAL_WALLET,DRIVE_THRU,4,6
TXN101047,S005,2024-10-01,12:17,Tuesday,3,35.0,0.0,5.25,40.25,CASH,DRIVE_THRU,5,4
TXN101048,S005,2024-10-01,11:57,Tuesday,1,25.0,0.0,3.75,28.75,MADA,DINE_IN,4,14
TXN101049,S005,2024-10-01,18:25,Tuesday,2,62.0,0.0,9.3,71.3,DEBIT_CARD,TAKEAWAY,3,8
TXN101050,S005,2024-10-01,13:18,Tuesday,3,85.0,0.0,12.75,97.75,MADA,TAKEAWAY,5,8
TXN101051,S005,2024-10-01,12:43,Tuesday,1,26.0,0.0,3.9,29.9,DIGITAL_WALLET,DRIVE_THRU,5,8
TXN101052,S005,2024-10-01,15:21,Tuesday,1,25.0,0.0,3.75,28.75,CREDIT_CARD,DINE_IN,4,12
TXN101053,S005,2024-10-01,18:31,Tuesday,4,90.0,0.0,13.5,103.5,DEBIT_CARD,DRIVE_THRU,4,4
TXN101054,S005,2024-10-01,19:49,Tuesday,1,25.0,0.0,3.75,28.75,DEBIT_CARD,TAKEAWAY,4,10
TXN101055,S005,2024-10-01,23:16,Tuesday,3,47.0,4.7,6.34,48.64,DEBIT_CARD,DELIVERY,5,36
TXN101056,S005,2024-10-01,19:54,Tuesday,4,87.0,0.0,13.05,100.05,CASH,DRIVE_THRU,5,4
TXN101057,S005,2024-10-01,18:09,Tuesday,2,58.0,0.0,8.7,66.7,DIGITAL_WALLET,DELIVERY,3,22
TXN101058,S005,2024-10-01,12:24,Tuesday,3,45.0,0.0,6.75,51.75,DIGITAL_WALLET,DRIVE_THRU,4,8
TXN101059,S005,2024-10-01,13:21,Tuesday,2,40.0,0.0,6.0,46.0,CASH,DELIVERY,5,23
TXN101060,S005,2024-10-01,14:29,Tuesday,3,67.0,0.0,10.05,77.05,DIGITAL_WALLET,DRIVE_THRU,4,4
TXN101061,S005,2024-10-01,17:18,Tuesday,3,63.0,0.0,9.45,72.45,CASH,DELIVERY,1,21
TXN101062,S005,2024-10-01,12:52,Tuesday,3,65.0,6.5,8.78,67.28,DEBIT_CARD,DINE_IN,2,7
TXN101063,S005,2024-10-01,13:18,Tuesday,4,56.0,0.0,8.4,64.4,DEBIT_CARD,DRIVE_THRU,5,4
TXN101064,S005,2024-10-01,14:58,Tuesday,1,30.0,3.0,4.05,31.05,DEBIT_CARD,DRIVE_THRU,5,8
TXN101065,S005,2024-10-01,13:25,Tuesday,5,113.0,0.0,16.95,129.95,DEBIT_CARD,DRIVE_THRU,5,4
TXN101066,S005,2024-10-01,12:26,Tuesday,3,67.0,0.0,10.05,77.05,DIGITAL_WALLET,DRIVE_THRU,4,6
TXN101067,S005,2024-10-01,11:33,Tuesday,3,28.0,0.0,4.2,32.2,DIGITAL_WALLET,TAKEAWAY,4,11
TXN101068,S005,2024-10-01,15:58,Tuesday,3,73.0,0.0,10.95,83.95,DEBIT_CARD,DRIVE_THRU,4,5
TXN101069,S005,2024-10-01,12:34,Tuesday,4,94.0,0.0,14.1,108.1,CASH,TAKEAWAY,5,13
TXN101070,S005,2024-10-01,15:03,Tuesday,1,25.0,0.0,3.75,28.75,CASH,DELIVERY,4,29
TXN101071,S005,2024-10-01,17:44,Tuesday,2,60.0,0.0,9.0,69.0,MADA,DINE_IN,5,13
TXN101072,S005,2024-10-01,12:47,Tuesday,5,99.0,0.0,14.85,113.85,CASH,TAKEAWAY,5,8
TXN101073,S005,2024-10-01,11:00,Tuesday,2,40.0,4.0,5.4,41.4,CREDIT_CARD,DINE_IN,4,13
TXN101074,S005,2024-10-01,14:03,Tuesday,4,78.0,0.0,11.7,89.7,MADA,DELIVERY,5,34
TXN101075,S005,2024-10-01,19:39,Tuesday,2,38.0,3.8,5.13,39.33,CREDIT_CARD,DRIVE_THRU,3,8
TXN101076,S005,2024-10-01,18:12,Tuesday,3,67.0,0.0,10.05,77.05,DIGITAL_WALLET,DELIVERY,5,32
TXN101077,S005,2024-10-01,13:51,Tuesday,2,25.0,0.0,3.75,28.75,DEBIT_CARD,TAKEAWAY,3,11
TXN101078,S005,2024-10-01,08:19,Tuesday,1,12.0,0.0,1.8,13.8,MADA,TAKEAWAY,2,10
TXN101079,S005,2024-10-01,21:29,Tuesday,4,91.0,0.0,13.65,104.65,MADA,DRIVE_THRU,4,8
TXN101080,S005,2024-10-01,17:32,Tuesday,1,12.0,0.0,1.8,13.8,MADA,DELIVERY,4,24
TXN101081,S005,2024-10-01,13:48,Tuesday,3,59.0,0.0,8.85,67.85,DIGITAL_WALLET,DRIVE_THRU,4,7
TXN101082,S005,2024-10-01,19:33,Tuesday,2,20.0,0.0,3.0,23.0,MADA,DELIVERY,4,32
TXN101083,S005,2024-10-01,10:01,Tuesday,4,106.0,0.0,15.9,121.9,DIGITAL_WALLET,DELIVERY,5,27
TXN101084,S005,2024-10-01,11:56,Tuesday,2,25.0,0.0,3.75,28.75,CASH,DELIVERY,3,22
TXN101085,S005,2024-10-01,14:23,Tuesday,3,64.0,0.0,9.6,73.6,DIGITAL_WALLET,TAKEAWAY,3,15
TXN101086,S005,2024-10-01,18:12,Tuesday,2,22.0,0.0,3.3,25.3,CREDIT_CARD,DRIVE_THRU,5,6
TXN101087,S005,2024-10-01,19:51,Tuesday,4,88.0,0.0,13.2,101.2,CREDIT_CARD,DINE_IN,4,11
TXN101088,S005,2024-10-01,17:55,Tuesday,1,26.0,0.0,3.9,29.9,MADA,TAKEAWAY,3,8
TXN101089,S005,2024-10-01,18:30,Tuesday,3,36.0,0.0,5.4,41.4,CASH,TAKEAWAY,4,11
TXN101090,S005,2024-10-01,19:36,Tuesday,1,8.0,0.0,1.2,9.2,CASH,TAKEAWAY,4,14
TXN101091,S005,2024-10-01,17:01,Tuesday,2,35.0,0.0,5.25,40.25,DEBIT_CARD,DINE_IN,5,7
TXN101092,S005,2024-10-01,22:04,Tuesday,3,56.0,0.0,8.4,64.4,DIGITAL_WALLET,DINE_IN,4,6
TXN101093,S005,2024-10-01,18:59,Tuesday,4,83.0,0.0,12.45,95.45,DEBIT_CARD,DRIVE_THRU,4,3
TXN101094,S005,2024-10-01,12:35,Tuesday,4,80.0,0.0,12.0,92.0,MADA,DINE_IN,4,6
TXN101095,S005,2024-10-01,21:38,Tuesday,3,52.0,0.0,7.8,59.8,DEBIT_CARD,DINE_IN,3,12
TXN101096,S005,2024-10-01,16:41,Tuesday,2,37.0,0.0,5.55,42.55,CREDIT_CARD,DINE_IN,5,5
TXN101097,S005,2024-10-01,19:51,Tuesday,2,33.0,0.0,4.95,37.95,CASH,TAKEAWAY,2,11
TXN101098,S005,2024-10-01,18:27,Tuesday,3,66.0,0.0,9.9,75.9,MADA,DELIVERY,4,30
TXN101099,S005,2024-10-01,14:03,Tuesday,2,50.0,5.0,6.75,51.75,DIGITAL_WALLET,DINE_IN,5,5
TXN101100,S005,2024-10-01,19:15,Tuesday,4,98.0,0.0,14.7,112.7,CASH,DELIVERY,4,40
TXN101101,S005,2024-10-01,20:18,Tuesday,2,27.0,0.0,4.05,31.05,CASH,DINE_IN,4,13
TXN101102,S005,2024-10-01,12:45,Tuesday,3,52.0,0.0,7.8,59.8,DEBIT_CARD,DELIVERY,5,27
TXN101103,S005,2024-10-01,17:17,Tuesday,2,18.0,0.0,2.7,20.7,DEBIT_CARD,TAKEAWAY,5,14
TXN101104,S005,2024-10-01,16:05,Tuesday,2,34.0,0.0,5.1,39.1,MADA,DRIVE_THRU,3,8
TXN101105,S005,2024-10-01,19:09,Tuesday,1,30.0,0.0,4.5,34.5,DIGITAL_WALLET,DINE_IN,2,5
TXN101106,S005,2024-10-01,13:37,Tuesday,2,60.0,0.0,9.0,69.0,MADA,TAKEAWAY,4,11
TXN101107,S005,2024-10-01,13:02,Tuesday,2,41.0,0.0,6.15,47.15,MADA,DINE_IN,5,5
TXN101108,S005,2024-10-01,17:22,Tuesday,4,83.0,0.0,12.45,95.45,DEBIT_CARD,TAKEAWAY,5,5
TXN101109,S005,2024-10-01,19:35,Tuesday,2,22.0,0.0,3.3,25.3,MADA,TAKEAWAY,4,14
TXN101110,S005,2024-10-01,19:16,Tuesday,2,27.0,0.0,4.05,31.05,CREDIT_CARD,DRIVE_THRU,5,5
TXN101111,S005,2024-10-01,19:17,Tuesday,1,30.0,0.0,4.5,34.5,DEBIT_CARD,DELIVERY,4,21
TXN101112,S005,2024-10-01,18:23,Tuesday,2,37.0,0.0,5.55,42.55,MADA,DINE_IN,3,14
TXN101113,S005,2024-10-01,18:53,Tuesday,2,38.0,0.0,5.7,43.7,DIGITAL_WALLET,DINE_IN,4,10
TXN101114,S005,2024-10-01,15:54,Tuesday,3,61.0,0.0,9.15,70.15,DEBIT_CARD,DELIVERY,5,34
TXN101115,S005,2024-10-01,12:49,Tuesday,4,93.0,0.0,13.95,106.95,CREDIT_CARD,DINE_IN,4,15
TXN101116,S005,2024-10-01,10:43,Tuesday,3,40.0,4.0,5.4,41.4,CREDIT_CARD,DINE_IN,5,9
TXN101117,S005,2024-10-01,22:01,Tuesday,3,46.0,0.0,6.9,52.9,DEBIT_CARD,DINE_IN,3,12
TXN101118,S005,2024-10-01,11:04,Tuesday,2,28.0,0.0,4.2,32.2,DIGITAL_WALLET,DINE_IN,5,9
TXN101119,S005,2024-10-01,12:20,Tuesday,3,35.0,0.0,5.25,40.25,DEBIT_CARD,TAKEAWAY,5,9
TXN101120,S005,2024-10-01,18:10,Tuesday,2,51.0,0.0,7.65,58.65,CASH,DINE_IN,4,10
TXN101121,S005,2024-10-01,16:49,Tuesday,3,58.0,0.0,8.7,66.7,MADA,DINE_IN,5,7
TXN101122,S005,2024-10-01,13:41,Tuesday,1,32.0,0.0,4.8,36.8,CREDIT_CARD,TAKEAWAY,4,6
TXN101123,S005,2024-10-01,19:33,Tuesday,4,48.0,0.0,7.2,55.2,DEBIT_CARD,DRIVE_THRU,5,5
TXN101124,S005,2024-10-01,20:21,Tuesday,2,40.0,0.0,6.0,46.0,CASH,DRIVE_THRU,4,6
TXN101125,S005,2024-10-01,13:22,Tuesday,3,54.0,0.0,8.1,62.1,DIGITAL_WALLET,TAKEAWAY,4,7
TXN101126,S005,2024-10-01,20:15,Tuesday,4,71.0,0.0,10.65,81.65,DEBIT_CARD,DELIVERY,4,22
TXN101127,S005,2024-10-01,14:32,Tuesday,5,98.0,9.8,13.23,101.43,CASH,TAKEAWAY,4,13
TXN101128,S005,2024-10-01,19:30,Tuesday,3,69.0,6.9,9.31,71.41,CREDIT_CARD,DINE_IN,3,13
TXN101129,S005,2024-10-01,20:57,Tuesday,3,49.0,0.0,7.35,56.35,DEBIT_CARD,DINE_IN,4,10
TXN101130,S005,2024-10-01,18:39,Tuesday,2,38.0,3.8,5.13,39.33,DEBIT_CARD,TAKEAWAY,5,15
TXN101131,S005,2024-10-01,15:53,Tuesday,3,50.0,0.0,7.5,57.5,MADA,DINE_IN,3,5
TXN101132,S005,2024-10-01,18:23,Tuesday,3,37.0,0.0,5.55,42.55,MADA,DELIVERY,5,23
TXN101133,S005,2024-10-01,12:31,Tuesday,2,26.0,0.0,3.9,29.9,MADA,TAKEAWAY,4,11
TXN101134,S005,2024-10-01,13:11,Tuesday,5,106.0,0.0,15.9,121.9,MADA,DELIVERY,3,29
TXN101135,S005,2024-10-01,12:18,Tuesday,2,42.0,0.0,6.3,48.3,DEBIT_CARD,DELIVERY,5,23
TXN101136,S005,2024-10-01,20:42,Tuesday,2,62.0,0.0,9.3,71.3,MADA,DRIVE_THRU,2,3
TXN101137,S005,2024-10-01,21:34,Tuesday,3,70.0,0.0,10.5,80.5,CASH,DELIVERY,3,38
TXN101138,S005,2024-10-01,14:28,Tuesday,3,69.0,0.0,10.35,79.35,CASH,TAKEAWAY,5,12
TXN101139,S005,2024-10-01,13:55,Tuesday,2,37.0,0.0,5.55,42.55,DEBIT_CARD,DINE_IN,5,8
TXN101140,S005,2024-10-01,19:20,Tuesday,2,35.0,0.0,5.25,40.25,MADA,DINE_IN,5,10
TXN101141,S005,2024-10-01,20:02,Tuesday,3,28.0,0.0,4.2,32.2,MADA,DINE_IN,5,15
TXN101142,S005,2024-10-01,08:08,Tuesday,3,52.0,0.0,7.8,59.8,CREDIT_CARD,TAKEAWAY,5,12
TXN101143,S005,2024-10-01,13:12,Tuesday,3,70.0,7.0,9.45,72.45,CASH,TAKEAWAY,4,8
TXN101144,S005,2024-10-01,19:02,Tuesday,3,58.0,0.0,8.7,66.7,CREDIT_CARD,DELIVERY,4,25
TXN101145,S005,2024-10-01,19:53,Tuesday,2,37.0,0.0,5.55,42.55,DIGITAL_WALLET,DELIVERY,4,29
TXN101146,S005,2024-10-01,11:07,Tuesday,5,92.0,0.0,13.8,105.8,CASH,DRIVE_THRU,4,5
TXN101147,S005,2024-10-01,18:22,Tuesday,3,48.0,0.0,7.2,55.2,DIGITAL_WALLET,TAKEAWAY,5,5
TXN101148,S005,2024-10-01,13:32,Tuesday,2,43.0,0.0,6.45,49.45,DEBIT_CARD,DELIVERY,5,33
TXN101149,S005,2024-10-01,13:28,Tuesday,3,63.0,0.0,9.45,72.45,CREDIT_CARD,DELIVERY,5,21
TXN101150,S005,2024-10-01,13:26,Tuesday,2,34.0,0.0,5.1,39.1,CASH,DELIVERY,3,37
TXN101151,S005,2024-10-01,09:46,Tuesday,1,15.0,1.5,2.02,15.52,DEBIT_CARD,DELIVERY,5,37
TXN101152,S005,2024-10-01,10:03,Tuesday,3,48.0,0.0,7.2,55.2,MADA,TAKEAWAY,5,8
TXN101153,S005,2024-10-01,13:10,Tuesday,4,63.0,0.0,9.45,72.45,CASH,DINE_IN,5,13
TXN101154,S005,2024-10-01,11:25,Tuesday,4,97.0,9.7,13.09,100.39,CREDIT_CARD,DINE_IN,4,6
TXN101155,S005,2024-10-01,19:24,Tuesday,3,83.0,8.3,11.21,85.91,MADA,TAKEAWAY,2,13
TXN101156,S005,2024-10-01,18:09,Tuesday,1,18.0,0.0,2.7,20.7,CREDIT_CARD,DELIVERY,5,33
TXN101157,S005,2024-10-01,16:01,Tuesday,2,42.0,4.2,5.67,43.47,MADA,TAKEAWAY,4,11
TXN101158,S005,2024-10-01,11:26,Tuesday,3,45.0,0.0,6.75,51.75,DIGITAL_WALLET,DINE_IN,5,11
TXN101159,S005,2024-10-01,21:48,Tuesday,3,74.0,0.0,11.1,85.1,CASH,TAKEAWAY,5,12
TXN101160,S005,2024-10-01,13:36,Tuesday,2,35.0,0.0,5.25,40.25,CASH,DINE_IN,4,8
TXN101161,S005,2024-10-01,19:31,Tuesday,3,73.0,0.0,10.95,83.95,DIGITAL_WALLET,DRIVE_THRU,2,6
TXN101162,S005,2024-10-01,12:19,Tuesday,3,64.0,0.0,9.6,73.6,MADA,TAKEAWAY,5,9
TXN101163,S005,2024-10-01,18:48,Tuesday,3,30.0,0.0,4.5,34.5,CREDIT_CARD,DELIVERY,4,35
TXN101164,S005,2024-10-01,16:54,Tuesday,3,54.0,0.0,8.1,62.1,CASH,TAKEAWAY,3,5
TXN101165,S005,2024-10-01,12:47,Tuesday,2,42.0,0.0,6.3,48.3,CASH,DINE_IN,5,12
TXN101166,S005,2024-10-01,12:51,Tuesday,3,49.0,0.0,7.35,56.35,DEBIT_CARD,DINE_IN,4,9
TXN101167,S005,2024-10-01,19:56,Tuesday,3,36.0,0.0,5.4,41.4,MADA,DRIVE_THRU,3,7
TXN101168,S005,2024-10-01,18:51,Tuesday,3,28.0,0.0,4.2,32.2,DIGITAL_WALLET,TAKEAWAY,3,10
TXN101169,S005,2024-10-01,20:46,Tuesday,5,84.0,0.0,12.6,96.6,CREDIT_CARD,DRIVE_THRU,4,3
TXN101170,S005,2024-10-01,13:12,Tuesday,2,40.0,0.0,6.0,46.0,CASH,DINE_IN,5,14
TXN101171,S005,2024-10-01,12:22,Tuesday,3,68.0,0.0,10.2,78.2,DEBIT_CARD,DELIVERY,5,33
TXN101172,S005,2024-10-01,18:19,Tuesday,2,40.0,0.0,6.0,46.0,CREDIT_CARD,DINE_IN,4,6
TXN101173,S005,2024-10-01,19:17,Tuesday,2,50.0,0.0,7.5,57.5,MADA,TAKEAWAY,4,14
TXN101174,S005,2024-10-01,18:51,Tuesday,3,42.0,0.0,6.3,48.3,CASH,DRIVE_THRU,5,3
TXN101175,S005,2024-10-01,20:39,Tuesday,2,38.0,0.0,5.7,43.7,DEBIT_CARD,DINE_IN,5,5
TXN101176,S005,2024-10-01,12:51,Tuesday,3,34.0,0.0,5.1,39.1,CASH,DRIVE_THRU,4,6
TXN101177,S005,2024-10-01,19:45,Tuesday,3,43.0,0.0,6.45,49.45,MADA,DRIVE_THRU,5,8
TXN101178,S005,2024-10-01,19:45,Tuesday,2,23.0,0.0,3.45,26.45,DEBIT_CARD,DINE_IN,4,11
TXN101179,S005,2024-10-01,18:11,Tuesday,1,10.0,0.0,1.5,11.5,DEBIT_CARD,TAKEAWAY,3,13
TXN101180,S005,2024-10-01,19:58,Tuesday,4,79.0,0.0,11.85,90.85,DEBIT_CARD,DRIVE_THRU,1,5
TXN101181,S005,2024-10-01,13:58,Tuesday,2,33.0,0.0,4.95,37.95,MADA,DELIVERY,2,28
TXN101182,S005,2024-10-01,18:25,Tuesday,1,10.0,0.0,1.5,11.5,DEBIT_CARD,DINE_IN,5,5
TXN101183,S005,2024-10-01,19:59,Tuesday,3,42.0,0.0,6.3,48.3,DIGITAL_WALLET,DINE_IN,2,5
TXN101184,S005,2024-10-01,18:45,Tuesday,2,36.0,0.0,5.4,41.4,CREDIT_CARD,DINE_IN,4,6
TXN101185,S005,2024-10-01,10:40,Tuesday,3,50.0,0.0,7.5,57.5,CREDIT_CARD,DINE_IN,4,15
TXN101186,S005,2024-10-01,19:20,Tuesday,4,62.0,6.2,8.37,64.17,DIGITAL_WALLET,TAKEAWAY,5,15
TXN101187,S005,2024-10-01,10:12,Tuesday,4,91.0,0.0,13.65,104.65,CASH,DELIVERY,4,36
TXN101188,S005,2024-10-01,14:40,Tuesday,3,65.0,0.0,9.75,74.75,CASH,DELIVERY,4,22
TXN101189,S005,2024-10-01,17:29,Tuesday,1,32.0,0.0,4.8,36.8,CASH,DRIVE_THRU,4,8
TXN101190,S005,2024-10-01,22:49,Tuesday,2,58.0,0.0,8.7,66.7,DIGITAL_WALLET,DINE_IN,5,8
TXN101191,S005,2024-10-01,13:43,Tuesday,3,81.0,8.1,10.94,83.84,DEBIT_CARD,DRIVE_THRU,4,7
TXN101192,S005,2024-10-01,13:14,Tuesday,4,91.0,0.0,13.65,104.65,DIGITAL_WALLET,DELIVERY,3,31
TXN101193,S005,2024-10-01,18:22,Tuesday,4,74.0,0.0,11.1,85.1,MADA,TAKEAWAY,3,14
TXN101194,S005,2024-10-01,12:44,Tuesday,3,47.0,0.0,7.05,54.05,MADA,DELIVERY,3,26
TXN101195,S005,2024-10-01,12:29,Tuesday,2,40.0,0.0,6.0,46.0,CREDIT_CARD,TAKEAWAY,3,14
TXN101196,S005,2024-10-01,13:36,Tuesday,2,46.0,0.0,6.9,52.9,CASH,DELIVERY,5,20
TXN101197,S005,2024-10-01,12:30,Tuesday,2,44.0,0.0,6.6,50.6,DEBIT_CARD,DELIVERY,3,37
TXN101198,S005,2024-10-01,12:01,Tuesday,3,40.0,0.0,6.0,46.0,DIGITAL_WALLET,TAKEAWAY,4,8
TXN101199,S005,2024-10-01,12:23,Tuesday,3,39.0,0.0,5.85,44.85,CREDIT_CARD,DINE_IN,4,9
TXN101200,S005,2024-10-01,21:25,Tuesday,3,44.0,0.0,6.6,50.6,MADA,DRIVE_THRU,5,7
TXN101201,S005,2024-10-01,19:08,Tuesday,3,85.0,0.0,12.75,97.75,CREDIT_CARD,DELIVERY,4,25
TXN101202,S005,2024-10-01,15:42,Tuesday,2,51.0,0.0,7.65,58.65,CREDIT_CARD,DRIVE_THRU,5,6
TXN101203,S005,2024-10-01,11:15,Tuesday,2,18.0,1.8,2.43,18.63,CREDIT_CARD,DELIVERY,3,37
TXN101204,S005,2024-10-01,18:44,Tuesday,2,24.0,0.0,3.6,27.6,DIGITAL_WALLET,DRIVE_THRU,5,3
TXN101205,S005,2024-10-01,13:20,Tuesday,4,76.0,0.0,11.4,87.4,DIGITAL_WALLET,TAKEAWAY,4,10
TXN101206,S005,2024-10-01,16:47,Tuesday,5,114.0,0.0,17.1,131.1,DEBIT_CARD,DINE_IN,4,11
TXN101207,S005,2024-10-01,20:41,Tuesday,2,42.0,4.2,5.67,43.47,DEBIT_CARD,TAKEAWAY,3,11
TXN101208,S005,2024-10-01,18:27,Tuesday,2,40.0,0.0,6.0,46.0,DIGITAL_WALLET,DINE_IN,4,11
TXN101209,S005,2024-10-01,12:25,Tuesday,3,54.0,0.0,8.1,62.1,CASH,TAKEAWAY,5,5
TXN101210,S005,2024-10-01,12:08,Tuesday,3,39.0,3.9,5.26,40.36,DIGITAL_WALLET,TAKEAWAY,5,9
TXN101211,S005,2024-10-01,14:47,Tuesday,3,38.0,0.0,5.7,43.7,DIGITAL_WALLET,DELIVERY,5,31
TXN101212,S005,2024-10-01,11:11,Tuesday,5,109.0,0.0,16.35,125.35,MADA,DELIVERY,3,39
TXN101213,S005,2024-10-01,19:29,Tuesday,3,65.0,0.0,9.75,74.75,DIGITAL_WALLET,TAKEAWAY,4,14
TXN101214,S005,2024-10-01,18:16,Tuesday,3,65.0,0.0,9.75,74.75,CREDIT_CARD,DELIVERY,4,20
TXN101215,S005,2024-10-01,14:19,Tuesday,3,60.0,0.0,9.0,69.0,MADA,TAKEAWAY,4,6
TXN101216,S005,2024-10-01,17:08,Tuesday,3,39.0,0.0,5.85,44.85,DEBIT_CARD,TAKEAWAY,5,8
TXN101217,S005,2024-10-01,20:57,Tuesday,4,48.0,4.8,6.48,49.68,DEBIT_CARD,DELIVERY,2,39
TXN101218,S005,2024-10-01,22:40,Tuesday,4,65.0,0.0,9.75,74.75,DEBIT_CARD,TAKEAWAY,4,7
TXN101219,S005,2024-10-01,21:16,Tuesday,3,57.0,0.0,8.55,65.55,CREDIT_CARD,DELIVERY,5,39
TXN101220,S005,2024-10-01,16:54,Tuesday,4,60.0,0.0,9.0,69.0,DIGITAL_WALLET,DELIVERY,5,25
TXN101221,S005,2024-10-01,13:42,Tuesday,1,15.0,0.0,2.25,17.25,DEBIT_CARD,DELIVERY,1,26
TXN101222,S005,2024-10-01,09:26,Tuesday,3,47.0,0.0,7.05,54.05,DEBIT_CARD,DINE_IN,4,5
TXN101223,S005,2024-10-01,19:14,Tuesday,1,25.0,0.0,3.75,28.75,MADA,TAKEAWAY,4,15
TXN101224,S005,2024-10-01,18:34,Tuesday,2,36.0,0.0,5.4,41.4,DEBIT_CARD,DELIVERY,5,24
TXN101225,S005,2024-10-01,15:47,Tuesday,3,49.0,0.0,7.35,56.35,CASH,DINE_IN,5,13
TXN101226,S005,2024-10-01,23:05,Tuesday,2,18.0,0.0,2.7,20.7,DEBIT_CARD,TAKEAWAY,5,5
TXN101227,S005,2024-10-01,12:37,Tuesday,2,28.0,0.0,4.2,32.2,CASH,DELIVERY,4,35
TXN101228,S005,2024-10-01,23:24,Tuesday,4,91.0,9.1,12.29,94.19,CREDIT_CARD,DRIVE_THRU,5,7
TXN101229,S005,2024-10-01,13:55,Tuesday,2,25.0,0.0,3.75,28.75,DEBIT_CARD,DRIVE_THRU,4,7
TXN101230,S005,2024-10-01,13:49,Tuesday,2,44.0,0.0,6.6,50.6,DEBIT_CARD,TAKEAWAY,4,11
TXN101231,S005,2024-10-01,16:29,Tuesday,2,38.0,0.0,5.7,43.7,CREDIT_CARD,TAKEAWAY,4,13
TXN101232,S001,2024-10-02,19:41,Wednesday,2,47.0,0.0,7.05,54.05,DIGITAL_WALLET,TAKEAWAY,4,15
TXN101233,S001,2024-10-02,09:14,Wednesday,2,26.0,0.0,3.9,29.9,MADA,TAKEAWAY,5,10
TXN101234,S001,2024-10-02,18:10,Wednesday,3,56.0,0.0,8.4,64.4,CASH,TAKEAWAY,4,8
TXN101235,S001,2024-10-02,19:10,Wednesday,3,66.0,0.0,9.9,75.9,CREDIT_CARD,DELIVERY,3,22
TXN101236,S001,2024-10-02,20:13,Wednesday,3,60.0,0.0,9.0,69.0,CREDIT_CARD,DRIVE_THRU,5,7
TXN101237,S001,2024-10-02,18:51,Wednesday,3,66.0,0.0,9.9,75.9,CASH,DINE_IN,5,15
TXN101238,S001,2024-10-02,18:55,Wednesday,3,59.0,0.0,8.85,67.85,DEBIT_CARD,DINE_IN,5,14
TXN101239,S001,2024-10-02,18:34,Wednesday,3,50.0,0.0,7.5,57.5,DIGITAL_WALLET,DINE_IN,4,13
TXN101240,S001,2024-10-02,18:28,Wednesday,3,68.0,0.0,10.2,78.2,MADA,DINE_IN,5,10
TXN101241,S001,2024-10-02,14:21,Wednesday,2,42.0,0.0,6.3,48.3,CASH,DELIVERY,5,22
TXN101242,S001,2024-10-02,15:45,Wednesday,3,65.0,0.0,9.75,74.75,DIGITAL_WALLET,DELIVERY,5,28
TXN101243,S001,2024-10-02,17:38,Wednesday,1,26.0,0.0,3.9,29.9,DEBIT_CARD,DINE_IN,4,10
TXN101244,S001,2024-10-02,17:45,Wednesday,2,36.0,0.0,5.4,41.4,DEBIT_CARD,TAKEAWAY,5,15
TXN101245,S001,2024-10-02,13:47,Wednesday,4,79.0,0.0,11.85,90.85,DEBIT_CARD,DRIVE_THRU,2,4
TXN101246,S001,2024-10-02,18:09,Wednesday,3,43.0,0.0,6.45,49.45,MADA,TAKEAWAY,4,7
TXN101247,S001,2024-10-02,22:41,Wednesday,2,18.0,0.0,2.7,20.7,DIGITAL_WALLET,TAKEAWAY,5,13
TXN101248,S001,2024-10-02,15:30,Wednesday,4,82.0,0.0,12.3,94.3,CREDIT_CARD,DRIVE_THRU,3,7
TXN101249,S001,2024-10-02,19:50,Wednesday,2,40.0,0.0,6.0,46.0,MADA,DINE_IN,5,13
TXN101250,S001,2024-10-02,20:47,Wednesday,2,40.0,0.0,6.0,46.0,CASH,DELIVERY,4,28
TXN101251,S001,2024-10-02,17:34,Wednesday,4,80.0,0.0,12.0,92.0,CREDIT_CARD,DRIVE_THRU,4,8
TXN101252,S001,2024-10-02,12:59,Wednesday,3,52.0,0.0,7.8,59.8,MADA,DELIVERY,4,22
TXN101253,S001,2024-10-02,19:46,Wednesday,4,91.0,9.1,12.29,94.19,CREDIT_CARD,DRIVE_THRU,4,7
TXN101254,S001,2024-10-02,15:06,Wednesday,3,70.0,0.0,10.5,80.5,CASH,TAKEAWAY,3,8
TXN101255,S001,2024-10-02,11:37,Wednesday,2,37.0,0.0,5.55,42.55,MADA,TAKEAWAY,5,6
TXN101256,S001,2024-10-02,19:28,Wednesday,4,72.0,0.0,10.8,82.8,DEBIT_CARD,TAKEAWAY,4,12
TXN101257,S001,2024-10-02,18:21,Wednesday,3,45.0,0.0,6.75,51.75,MADA,DRIVE_THRU,4,8
TXN101258,S001,2024-10-02,17:19,Wednesday,3,70.0,7.0,9.45,72.45,MADA,TAKEAWAY,4,7
TXN101259,S001,2024-10-02,10:27,Wednesday,3,54.0,0.0,8.1,62.1,MADA,DRIVE_THRU,3,3
TXN101260,S001,2024-10-02,19:13,Wednesday,2,35.0,0.0,5.25,40.25,DIGITAL_WALLET,DINE_IN,5,14
TXN101261,S001,2024-10-02,12:43,Wednesday,2,56.0,0.0,8.4,64.4,CREDIT_CARD,DRIVE_THRU,4,4
TXN101262,S001,2024-10-02,13:33,Wednesday,5,100.0,0.0,15.0,115.0,DIGITAL_WALLET,DELIVERY,4,29
TXN101263,S001,2024-10-02,13:22,Wednesday,4,62.0,0.0,9.3,71.3,DIGITAL_WALLET,DINE_IN,5,11
TXN101264,S001,2024-10-02,10:26,Wednesday,2,38.0,0.0,5.7,43.7,CASH,DRIVE_THRU,3,8
TXN101265,S001,2024-10-02,12:53,Wednesday,2,25.0,0.0,3.75,28.75,DEBIT_CARD,DRIVE_THRU,5,7
TXN101266,S001,2024-10-02,16:54,Wednesday,2,62.0,0.0,9.3,71.3,DIGITAL_WALLET,TAKEAWAY,5,5
TXN101267,S001,2024-10-02,19:24,Wednesday,3,52.0,0.0,7.8,59.8,MADA,TAKEAWAY,2,5
TXN101268,S001,2024-10-02,18:17,Wednesday,3,69.0,0.0,10.35,79.35,CASH,DELIVERY,5,33
TXN101269,S001,2024-10-02,19:55,Wednesday,2,43.0,0.0,6.45,49.45,CASH,TAKEAWAY,4,14
TXN101270,S001,2024-10-02,17:42,Wednesday,2,33.0,0.0,4.95,37.95,CREDIT_CARD,DINE_IN,5,10
TXN101271,S001,2024-10-02,21:23,Wednesday,4,78.0,0.0,11.7,89.7,DIGITAL_WALLET,DELIVERY,4,28
TXN101272,S001,2024-10-02,12:47,Wednesday,4,91.0,0.0,13.65,104.65,DIGITAL_WALLET,DINE_IN,5,5
TXN101273,S001,2024-10-02,20:32,Wednesday,2,33.0,0.0,4.95,37.95,MADA,DELIVERY,5,35
TXN101274,S001,2024-10-02,13:21,Wednesday,3,60.0,6.0,8.1,62.1,MADA,DINE_IN,4,13
TXN101275,S001,2024-10-02,19:05,Wednesday,3,60.0,0.0,9.0,69.0,DIGITAL_WALLET,DELIVERY,4,24
TXN101276,S001,2024-10-02,18:04,Wednesday,2,28.0,0.0,4.2,32.2,DIGITAL_WALLET,DINE_IN,4,9
TXN101277,S001,2024-10-02,08:53,Wednesday,2,58.0,0.0,8.7,66.7,CREDIT_CARD,DELIVERY,5,38
TXN101278,S001,2024-10-02,18:20,Wednesday,3,52.0,0.0,7.8,59.8,MADA,DELIVERY,5,38
TXN101279,S001,2024-10-02,12:49,Wednesday,2,51.0,0.0,7.65,58.65,MADA,DINE_IN,5,13
TXN101280,S001,2024-10-02,13:04,Wednesday,2,40.0,0.0,6.0,46.0,CREDIT_CARD,DELIVERY,3,28
TXN101281,S001,2024-10-02,12:58,Wednesday,2,38.0,0.0,5.7,43.7,DIGITAL_WALLET,DINE_IN,5,11
TXN101282,S001,2024-10-02,09:55,Wednesday,3,55.0,5.5,7.42,56.92,DIGITAL_WALLET,TAKEAWAY,3,11
TXN101283,S001,2024-10-02,18:07,Wednesday,1,26.0,0.0,3.9,29.9,MADA,DINE_IN,3,8
TXN101284,S001,2024-10-02,11:31,Wednesday,3,35.0,0.0,5.25,40.25,CASH,DELIVERY,4,36
TXN101285,S001,2024-10-02,11:29,Wednesday,1,15.0,0.0,2.25,17.25,DIGITAL_WALLET,DINE_IN,4,9
TXN101286,S001,2024-10-02,19:27,Wednesday,4,99.0,0.0,14.85,113.85,DIGITAL_WALLET,TAKEAWAY,1,9
TXN101287,S001,2024-10-02,19:57,Wednesday,2,56.0,0.0,8.4,64.4,CASH,DRIVE_THRU,4,4
TXN101288,S001,2024-10-02,18:48,Wednesday,1,18.0,0.0,2.7,20.7,DEBIT_CARD,DELIVERY,4,25
TXN101289,S001,2024-10-02,14:11,Wednesday,4,58.0,0.0,8.7,66.7,CASH,DRIVE_THRU,2,4
TXN101290,S001,2024-10-02,13:40,Wednesday,2,43.0,0.0,6.45,49.45,CASH,DELIVERY,2,35
TXN101291,S001,2024-10-02,09:55,Wednesday,2,43.0,0.0,6.45,49.45,MADA,DRIVE_THRU,3,3
TXN101292,S001,2024-10-02,13:14,Wednesday,1,32.0,0.0,4.8,36.8,DIGITAL_WALLET,TAKEAWAY,5,13
TXN101293,S001,2024-10-02,14:54,Wednesday,3,65.0,0.0,9.75,74.75,DEBIT_CARD,DRIVE_THRU,4,7
TXN101294,S001,2024-10-02,13:39,Wednesday,3,56.0,0.0,8.4,64.4,MADA,DRIVE_THRU,3,7
TXN101295,S001,2024-10-02,12:09,Wednesday,2,42.0,0.0,6.3,48.3,DEBIT_CARD,DINE_IN,4,9
TXN101296,S001,2024-10-02,12:42,Wednesday,2,22.0,0.0,3.3,25.3,MADA,DELIVERY,5,24
TXN101297,S001,2024-10-02,13:23,Wednesday,3,61.0,0.0,9.15,70.15,CREDIT_CARD,DRIVE_THRU,1,8
TXN101298,S001,2024-10-02,09:50,Wednesday,2,25.0,2.5,3.38,25.88,DIGITAL_WALLET,TAKEAWAY,5,8
TXN101299,S001,2024-10-02,18:52,Wednesday,5,94.0,0.0,14.1,108.1,CASH,DELIVERY,5,36
TXN101300,S001,2024-10-02,20:21,Wednesday,5,81.0,0.0,12.15,93.15,DEBIT_CARD,DELIVERY,2,31
TXN101301,S001,2024-10-02,14:01,Wednesday,5,112.0,0.0,16.8,128.8,DEBIT_CARD,DRIVE_THRU,5,5
TXN101302,S001,2024-10-02,15:35,Wednesday,5,111.0,0.0,16.65,127.65,CREDIT_CARD,DINE_IN,3,10
TXN101303,S001,2024-10-02,17:49,Wednesday,2,18.0,1.8,2.43,18.63,MADA,DELIVERY,4,36
TXN101304,S001,2024-10-02,12:10,Wednesday,2,38.0,0.0,5.7,43.7,MADA,DRIVE_THRU,5,8
TXN101305,S001,2024-10-02,12:39,Wednesday,3,83.0,0.0,12.45,95.45,DIGITAL_WALLET,DELIVERY,4,36
TXN101306,S001,2024-10-02,22:57,Wednesday,3,61.0,6.1,8.23,63.13,DEBIT_CARD,DELIVERY,3,39
TXN101307,S001,2024-10-02,18:04,Wednesday,1,15.0,0.0,2.25,17.25,DIGITAL_WALLET,DRIVE_THRU,5,4
TXN101308,S001,2024-10-02,13:10,Wednesday,3,63.0,0.0,9.45,72.45,DEBIT_CARD,DINE_IN,4,9
TXN101309,S001,2024-10-02,12:25,Wednesday,2,28.0,0.0,4.2,32.2,CREDIT_CARD,DRIVE_THRU,4,8
TXN101310,S001,2024-10-02,13:20,Wednesday,1,32.0,0.0,4.8,36.8,MADA,DINE_IN,5,14
TXN101311,S001,2024-10-02,15:42,Wednesday,3,58.0,0.0,8.7,66.7,CASH,DELIVERY,5,21
TXN101312,S001,2024-10-02,13:57,Wednesday,2,24.0,0.0,3.6,27.6,CREDIT_CARD,TAKEAWAY,5,8
TXN101313,S001,2024-10-02,17:05,Wednesday,5,80.0,0.0,12.0,92.0,DIGITAL_WALLET,TAKEAWAY,2,6
TXN101314,S001,2024-10-02,19:17,Wednesday,4,55.0,0.0,8.25,63.25,DEBIT_CARD,DELIVERY,3,23
TXN101315,S001,2024-10-02,19:31,Wednesday,2,42.0,0.0,6.3,48.3,DEBIT_CARD,DINE_IN,5,12
TXN101316,S001,2024-10-02,17:53,Wednesday,3,41.0,4.1,5.53,42.43,CASH,DINE_IN,4,6
TXN101317,S001,2024-10-02,22:15,Wednesday,2,30.0,0.0,4.5,34.5,DIGITAL_WALLET,DINE_IN,4,12
TXN101318,S001,2024-10-02,19:36,Wednesday,4,65.0,0.0,9.75,74.75,CREDIT_CARD,DINE_IN,5,10
TXN101319,S001,2024-10-02,11:58,Wednesday,3,65.0,0.0,9.75,74.75,DEBIT_CARD,DELIVERY,5,27
TXN101320,S001,2024-10-02,13:50,Wednesday,1,12.0,0.0,1.8,13.8,DEBIT_CARD,DRIVE_THRU,3,7
TXN101321,S001,2024-10-02,18:47,Wednesday,3,48.0,0.0,7.2,55.2,DEBIT_CARD,DELIVERY,4,27
TXN101322,S001,2024-10-02,13:19,Wednesday,2,42.0,0.0,6.3,48.3,DEBIT_CARD,TAKEAWAY,5,11
TXN101323,S001,2024-10-02,12:54,Wednesday,3,32.0,0.0,4.8,36.8,CREDIT_CARD,DRIVE_THRU,4,3
TXN101324,S001,2024-10-02,12:19,Wednesday,4,55.0,0.0,8.25,63.25,MADA,DRIVE_THRU,4,8
TXN101325,S001,2024-10-02,11:05,Wednesday,1,18.0,0.0,2.7,20.7,DIGITAL_WALLET,DELIVERY,3,30
TXN101326,S001,2024-10-02,17:25,Wednesday,2,47.0,0.0,7.05,54.05,DEBIT_CARD,DINE_IN,4,8
TXN101327,S001,2024-10-02,14:02,Wednesday,2,38.0,0.0,5.7,43.7,CASH,TAKEAWAY,4,8
TXN101328,S001,2024-10-02,12:14,Wednesday,3,84.0,0.0,12.6,96.6,CASH,TAKEAWAY,5,11
TXN101329,S001,2024-10-02,17:36,Wednesday,2,34.0,0.0,5.1,39.1,MADA,TAKEAWAY,5,10
TXN101330,S001,2024-10-02,19:16,Wednesday,3,50.0,0.0,7.5,57.5,CASH,DRIVE_THRU,4,8
TXN101331,S001,2024-10-02,12:34,Wednesday,3,52.0,0.0,7.8,59.8,CASH,DRIVE_THRU,5,8
TXN101332,S001,2024-10-02,18:35,Wednesday,4,95.0,0.0,14.25,109.25,DIGITAL_WALLET,TAKEAWAY,4,6
TXN101333,S001,2024-10-02,21:10,Wednesday,1,12.0,0.0,1.8,13.8,CASH,DELIVERY,4,24
TXN101334,S001,2024-10-02,10:22,Wednesday,1,10.0,0.0,1.5,11.5,DEBIT_CARD,DINE_IN,5,12
TXN101335,S001,2024-10-02,14:48,Wednesday,4,82.0,0.0,12.3,94.3,DEBIT_CARD,DELIVERY,4,36
TXN101336,S001,2024-10-02,21:09,Wednesday,4,68.0,0.0,10.2,78.2,CASH,DELIVERY,4,22
TXN101337,S001,2024-10-02,18:33,Wednesday,3,68.0,0.0,10.2,78.2,CREDIT_CARD,DRIVE_THRU,2,6
TXN101338,S001,2024-10-02,19:21,Wednesday,1,15.0,0.0,2.25,17.25,DIGITAL_WALLET,TAKEAWAY,4,12
TXN101339,S001,2024-10-02,12:21,Wednesday,2,35.0,0.0,5.25,40.25,DIGITAL_WALLET,DELIVERY,4,25
TXN101340,S001,2024-10-02,13:12,Wednesday,2,22.0,2.2,2.97,22.77,DIGITAL_WALLET,DINE_IN,4,5
TXN101341,S001,2024-10-02,19:03,Wednesday,5,108.0,10.8,14.58,111.78,MADA,DINE_IN,1,11
TXN101342,S001,2024-10-02,13:51,Wednesday,4,86.0,0.0,12.9,98.9,MADA,TAKEAWAY,3,8
TXN101343,S001,2024-10-02,22:06,Wednesday,4,64.0,0.0,9.6,73.6,CREDIT_CARD,DRIVE_THRU,5,6
TXN101344,S001,2024-10-02,09:02,Wednesday,4,79.0,0.0,11.85,90.85,CREDIT_CARD,DRIVE_THRU,5,6
TXN101345,S001,2024-10-02,12:09,Wednesday,5,57.0,0.0,8.55,65.55,MADA,DINE_IN,4,10
TXN101346,S001,2024-10-02,12:52,Wednesday,3,53.0,5.3,7.16,54.86,DIGITAL_WALLET,DINE_IN,5,6
TXN101347,S001,2024-10-02,18:20,Wednesday,4,48.0,0.0,7.2,55.2,MADA,DRIVE_THRU,4,4
TXN101348,S001,2024-10-02,14:12,Wednesday,2,27.0,0.0,4.05,31.05,DIGITAL_WALLET,DINE_IN,4,12
TXN101349,S001,2024-10-02,11:35,Wednesday,3,52.0,0.0,7.8,59.8,DEBIT_CARD,DINE_IN,4,5
TXN101350,S001,2024-10-02,12:05,Wednesday,2,28.0,0.0,4.2,32.2,DEBIT_CARD,DINE_IN,4,5
TXN101351,S001,2024-10-02,22:24,Wednesday,2,36.0,0.0,5.4,41.4,DIGITAL_WALLET,DRIVE_THRU,4,8
TXN101352,S001,2024-10-02,18:58,Wednesday,2,38.0,0.0,5.7,43.7,DEBIT_CARD,DINE_IN,5,12
TXN101353,S001,2024-10-02,12:40,Wednesday,3,73.0,0.0,10.95,83.95,CASH,DELIVERY,1,27
TXN101354,S001,2024-10-02,18:58,Wednesday,4,81.0,0.0,12.15,93.15,DIGITAL_WALLET,DINE_IN,3,14
TXN101355,S001,2024-10-02,12:42,Wednesday,2,27.0,0.0,4.05,31.05,DEBIT_CARD,DRIVE_THRU,5,8
TXN101356,S001,2024-10-02,19:17,Wednesday,3,55.0,0.0,8.25,63.25,CREDIT_CARD,TAKEAWAY,4,5
TXN101357,S001,2024-10-02,18:25,Wednesday,1,12.0,0.0,1.8,13.8,CREDIT_CARD,DINE_IN,5,6
TXN101358,S001,2024-10-02,12:50,Wednesday,3,44.0,0.0,6.6,50.6,DEBIT_CARD,TAKEAWAY,4,9
TXN101359,S001,2024-10-02,13:36,Wednesday,2,47.0,0.0,7.05,54.05,CREDIT_CARD,DINE_IN,4,12
TXN101360,S001,2024-10-02,12:33,Wednesday,5,102.0,10.2,13.77,105.57,DIGITAL_WALLET,DRIVE_THRU,3,8
TXN101361,S001,2024-10-02,19:15,Wednesday,3,48.0,0.0,7.2,55.2,CASH,DRIVE_THRU,5,8
TXN101362,S001,2024-10-02,13:36,Wednesday,1,26.0,0.0,3.9,29.9,DEBIT_CARD,DRIVE_THRU,4,4
TXN101363,S001,2024-10-02,20:03,Wednesday,2,51.0,0.0,7.65,58.65,CREDIT_CARD,DRIVE_THRU,5,5
TXN101364,S001,2024-10-02,18:28,Wednesday,1,12.0,1.2,1.62,12.42,CREDIT_CARD,DELIVERY,4,24
TXN101365,S001,2024-10-02,17:20,Wednesday,1,12.0,1.2,1.62,12.42,MADA,DINE_IN,4,7
TXN101366,S001,2024-10-02,19:20,Wednesday,2,58.0,0.0,8.7,66.7,CASH,TAKEAWAY,1,5
TXN101367,S001,2024-10-02,19:49,Wednesday,3,70.0,0.0,10.5,80.5,CASH,DINE_IN,5,12
TXN101368,S001,2024-10-02,21:41,Wednesday,2,30.0,0.0,4.5,34.5,CREDIT_CARD,TAKEAWAY,4,10
TXN101369,S001,2024-10-02,22:40,Wednesday,3,46.0,0.0,6.9,52.9,CREDIT_CARD,DRIVE_THRU,4,8
TXN101370,S001,2024-10-02,12:24,Wednesday,5,104.0,0.0,15.6,119.6,DIGITAL_WALLET,TAKEAWAY,5,13
TXN101371,S001,2024-10-02,19:25,Wednesday,2,22.0,0.0,3.3,25.3,DIGITAL_WALLET,TAKEAWAY,5,12
TXN101372,S001,2024-10-02,19:28,Wednesday,5,67.0,0.0,10.05,77.05,MADA,DRIVE_THRU,4,8
TXN101373,S001,2024-10-02,12:12,Wednesday,4,50.0,0.0,7.5,57.5,MADA,TAKEAWAY,4,9
TXN101374,S001,2024-10-02,12:09,Wednesday,3,32.0,0.0,4.8,36.8,MADA,TAKEAWAY,2,8
TXN101375,S001,2024-10-02,13:56,Wednesday,2,23.0,0.0,3.45,26.45,DIGITAL_WALLET,DINE_IN,5,11
TXN101376,S001,2024-10-02,17:11,Wednesday,2,22.0,0.0,3.3,25.3,CREDIT_CARD,TAKEAWAY,4,8
TXN101377,S001,2024-10-02,12:20,Wednesday,3,48.0,0.0,7.2,55.2,MADA,DINE_IN,5,6
TXN101378,S001,2024-10-02,11:00,Wednesday,4,82.0,0.0,12.3,94.3,DEBIT_CARD,DRIVE_THRU,5,4
TXN101379,S001,2024-10-02,13:04,Wednesday,2,28.0,0.0,4.2,32.2,DIGITAL_WALLET,TAKEAWAY,4,7
TXN101380,S001,2024-10-02,13:06,Wednesday,4,63.0,0.0,9.45,72.45,MADA,TAKEAWAY,3,13
TXN101381,S001,2024-10-02,18:44,Wednesday,5,110.0,11.0,14.85,113.85,CASH,DRIVE_THRU,5,6
TXN101382,S001,2024-10-02,13:10,Wednesday,4,66.0,0.0,9.9,75.9,CASH,TAKEAWAY,5,14
TXN101383,S001,2024-10-02,13:21,Wednesday,5,111.0,0.0,16.65,127.65,CREDIT_CARD,DINE_IN,5,15
TXN101384,S001,2024-10-02,12:40,Wednesday,2,42.0,0.0,6.3,48.3,DIGITAL_WALLET,DINE_IN,5,14
TXN101385,S001,2024-10-02,14:10,Wednesday,2,55.0,0.0,8.25,63.25,MADA,DINE_IN,4,7
TXN101386,S001,2024-10-02,10:15,Wednesday,3,52.0,0.0,7.8,59.8,DEBIT_CARD,TAKEAWAY,5,10
TXN101387,S001,2024-10-02,17:08,Wednesday,4,68.0,0.0,10.2,78.2,CREDIT_CARD,TAKEAWAY,4,5
TXN101388,S001,2024-10-02,18:17,Wednesday,3,28.0,0.0,4.2,32.2,DIGITAL_WALLET,TAKEAWAY,5,7
TXN101389,S001,2024-10-02,21:46,Wednesday,2,42.0,0.0,6.3,48.3,CASH,TAKEAWAY,5,6
TXN101390,S001,2024-10-02,19:58,Wednesday,2,40.0,4.0,5.4,41.4,CREDIT_CARD,DINE_IN,4,7
TXN101391,S001,2024-10-02,13:09,Wednesday,3,74.0,7.4,9.99,76.59,CASH,DELIVERY,5,39
TXN101392,S001,2024-10-02,11:37,Wednesday,3,34.0,0.0,5.1,39.1,CASH,DINE_IN,2,7
TXN101393,S001,2024-10-02,12:47,Wednesday,4,98.0,0.0,14.7,112.7,CREDIT_CARD,DRIVE_THRU,2,3
TXN101394,S001,2024-10-02,13:40,Wednesday,3,52.0,0.0,7.8,59.8,CREDIT_CARD,TAKEAWAY,4,15
TXN101395,S001,2024-10-02,18:55,Wednesday,1,26.0,0.0,3.9,29.9,CASH,DRIVE_THRU,5,5
TXN101396,S001,2024-10-02,12:34,Wednesday,3,74.0,0.0,11.1,85.1,DEBIT_CARD,DRIVE_THRU,3,8
TXN101397,S001,2024-10-02,19:18,Wednesday,3,45.0,0.0,6.75,51.75,DEBIT_CARD,DELIVERY,5,36
TXN101398,S001,2024-10-02,08:56,Wednesday,5,121.0,12.1,16.34,125.24,DEBIT_CARD,DINE_IN,4,11
TXN101399,S001,2024-10-02,11:48,Wednesday,4,82.0,0.0,12.3,94.3,DEBIT_CARD,DINE_IN,4,10
TXN101400,S001,2024-10-02,15:47,Wednesday,4,59.0,0.0,8.85,67.85,CREDIT_CARD,DRIVE_THRU,4,3
TXN101401,S001,2024-10-02,18:26,Wednesday,3,37.0,0.0,5.55,42.55,DIGITAL_WALLET,TAKEAWAY,3,11
TXN101402,S001,2024-10-02,14:01,Wednesday,4,63.0,0.0,9.45,72.45,DIGITAL_WALLET,DRIVE_THRU,3,4
TXN101403,S001,2024-10-02,12:01,Wednesday,2,51.0,0.0,7.65,58.65,CASH,TAKEAWAY,4,9
TXN101404,S001,2024-10-02,19:54,Wednesday,3,52.0,0.0,7.8,59.8,DIGITAL_WALLET,TAKEAWAY,4,7
TXN101405,S001,2024-10-02,16:42,Wednesday,1,32.0,3.2,4.32,33.12,DEBIT_CARD,TAKEAWAY,4,7
TXN101406,S001,2024-10-02,12:31,Wednesday,4,80.0,0.0,12.0,92.0,DEBIT_CARD,DELIVERY,5,33
TXN101407,S001,2024-10-02,18:38,Wednesday,2,35.0,0.0,5.25,40.25,CREDIT_CARD,DELIVERY,4,35
TXN101408,S001,2024-10-02,10:28,Wednesday,2,40.0,0.0,6.0,46.0,CREDIT_CARD,DELIVERY,5,35
TXN101409,S001,2024-10-02,19:35,Wednesday,2,40.0,0.0,6.0,46.0,DEBIT_CARD,DRIVE_THRU,5,7
TXN101410,S001,2024-10-02,12:52,Wednesday,2,30.0,0.0,4.5,34.5,DEBIT_CARD,DINE_IN,4,7
TXN101411,S001,2024-10-02,18:05,Wednesday,3,55.0,5.5,7.42,56.92,DIGITAL_WALLET,DRIVE_THRU,5,5
TXN101412,S001,2024-10-02,19:23,Wednesday,4,88.0,0.0,13.2,101.2,DEBIT_CARD,DELIVERY,5,35
TXN101413,S001,2024-10-02,17:50,Wednesday,2,22.0,0.0,3.3,25.3,MADA,DRIVE_THRU,5,8
TXN101414,S001,2024-10-02,12:59,Wednesday,3,85.0,0.0,12.75,97.75,CREDIT_CARD,DELIVERY,4,32
TXN101415,S001,2024-10-02,14:52,Wednesday,4,91.0,0.0,13.65,104.65,CASH,TAKEAWAY,3,12
TXN101416,S001,2024-10-02,19:09,Wednesday,3,49.0,0.0,7.35,56.35,DEBIT_CARD,DINE_IN,5,12
TXN101417,S001,2024-10-02,13:45,Wednesday,3,69.0,0.0,10.35,79.35,CASH,DINE_IN,2,10
TXN101418,S001,2024-10-02,17:23,Wednesday,2,25.0,0.0,3.75,28.75,DIGITAL_WALLET,DELIVERY,4,30
TXN101419,S001,2024-10-02,18:48,Wednesday,1,25.0,0.0,3.75,28.75,MADA,DINE_IN,5,5
TXN101420,S001,2024-10-02,19:45,Wednesday,2,42.0,0.0,6.3,48.3,CASH,DRIVE_THRU,5,4
TXN101421,S001,2024-10-02,11:23,Wednesday,5,79.0,0.0,11.85,90.85,MADA,DINE_IN,4,15
TXN101422,S001,2024-10-02,19:44,Wednesday,2,62.0,0.0,9.3,71.3,CASH,DELIVERY,4,21
TXN101423,S001,2024-10-02,18:35,Wednesday,1,12.0,0.0,1.8,13.8,CREDIT_CARD,TAKEAWAY,2,8
TXN101424,S001,2024-10-02,19:09,Wednesday,5,77.0,0.0,11.55,88.55,DIGITAL_WALLET,DINE_IN,4,9
TXN101425,S001,2024-10-02,16:42,Wednesday,3,55.0,5.5,7.42,56.92,MADA,DINE_IN,3,14
TXN101426,S001,2024-10-02,16:22,Wednesday,3,36.0,0.0,5.4,41.4,CREDIT_CARD,TAKEAWAY,3,13
TXN101427,S001,2024-10-02,08:40,Wednesday,3,43.0,0.0,6.45,49.45,DIGITAL_WALLET,DRIVE_THRU,5,7
TXN101428,S001,2024-10-02,12:12,Wednesday,2,40.0,0.0,6.0,46.0,DEBIT_CARD,TAKEAWAY,2,14
TXN101429,S001,2024-10-02,22:42,Wednesday,3,71.0,0.0,10.65,81.65,DIGITAL_WALLET,DINE_IN,5,8
TXN101430,S001,2024-10-02,12:36,Wednesday,3,67.0,0.0,10.05,77.05,DEBIT_CARD,DELIVERY,4,40
TXN101431,S001,2024-10-02,18:36,Wednesday,4,91.0,0.0,13.65,104.65,CREDIT_CARD,DRIVE_THRU,5,4
TXN101432,S001,2024-10-02,16:46,Wednesday,2,22.0,0.0,3.3,25.3,MADA,DRIVE_THRU,5,6
TXN101433,S001,2024-10-02,17:18,Wednesday,4,92.0,0.0,13.8,105.8,CASH,DINE_IN,5,9
TXN101434,S001,2024-10-02,20:19,Wednesday,3,54.0,5.4,7.29,55.89,DEBIT_CARD,DRIVE_THRU,5,6
TXN101435,S001,2024-10-02,19:23,Wednesday,1,15.0,0.0,2.25,17.25,DEBIT_CARD,DINE_IN,5,9
TXN101436,S001,2024-10-02,12:29,Wednesday,4,102.0,0.0,15.3,117.3,CASH,DINE_IN,5,12
TXN101437,S001,2024-10-02,19:37,Wednesday,3,63.0,0.0,9.45,72.45,DIGITAL_WALLET,DINE_IN,5,7
TXN101438,S001,2024-10-02,12:25,Wednesday,3,50.0,0.0,7.5,57.5,DIGITAL_WALLET,TAKEAWAY,3,5
TXN101439,S001,2024-10-02,18:02,Wednesday,3,47.0,0.0,7.05,54.05,DEBIT_CARD,DINE_IN,5,8
TXN101440,S001,2024-10-02,12:28,Wednesday,4,73.0,0.0,10.95,83.95,DIGITAL_WALLET,DRIVE_THRU,5,8
TXN101441,S001,2024-10-02,10:23,Wednesday,1,10.0,0.0,1.5,11.5,DIGITAL_WALLET,DRIVE_THRU,4,5
TXN101442,S001,2024-10-02,19:34,Wednesday,2,22.0,0.0,3.3,25.3,CREDIT_CARD,TAKEAWAY,4,10
TXN101443,S001,2024-10-02,19:09,Wednesday,4,47.0,0.0,7.05,54.05,DIGITAL_WALLET,DINE_IN,4,7
TXN101444,S001,2024-10-02,13:22,Wednesday,3,46.0,0.0,6.9,52.9,DEBIT_CARD,DRIVE_THRU,4,7
TXN101445,S001,2024-10-02,18:47,Wednesday,2,44.0,0.0,6.6,50.6,CREDIT_CARD,TAKEAWAY,3,11
TXN101446,S001,2024-10-02,20:32,Wednesday,3,58.0,5.8,7.83,60.03,MADA,DRIVE_THRU,5,8
TXN101447,S001,2024-10-02,19:21,Wednesday,3,28.0,0.0,4.2,32.2,MADA,TAKEAWAY,3,10
TXN101448,S001,2024-10-02,19:44,Wednesday,4,100.0,0.0,15.0,115.0,CREDIT_CARD,DINE_IN,5,13
TXN101449,S001,2024-10-02,19:31,Wednesday,2,57.0,0.0,8.55,65.55,DIGITAL_WALLET,DELIVERY,5,37
TXN101450,S001,2024-10-02,18:52,Wednesday,2,38.0,0.0,5.7,43.7,CREDIT_CARD,DRIVE_THRU,5,8
TXN101451,S001,2024-10-02,11:16,Wednesday,3,57.0,0.0,8.55,65.55,CASH,DELIVERY,4,31
TXN101452,S001,2024-10-02,12:27,Wednesday,3,42.0,0.0,6.3,48.3,DIGITAL_WALLET,DINE_IN,4,10
TXN101453,S001,2024-10-02,09:44,Wednesday,3,55.0,0.0,8.25,63.25,MADA,DELIVERY,5,35
TXN101454,S001,2024-10-02,23:24,Wednesday,1,12.0,0.0,1.8,13.8,CASH,TAKEAWAY,4,6
TXN101455,S001,2024-10-02,11:46,Wednesday,4,71.0,0.0,10.65,81.65,CREDIT_CARD,TAKEAWAY,2,9
TXN101456,S001,2024-10-02,17:45,Wednesday,4,95.0,9.5,12.82,98.32,CREDIT_CARD,DINE_IN,5,12
TXN101457,S001,2024-10-02,11:11,Wednesday,3,43.0,0.0,6.45,49.45,MADA,DINE_IN,4,6
TXN101458,S001,2024-10-02,18:31,Wednesday,2,37.0,0.0,5.55,42.55,CASH,DELIVERY,4,33
TXN101459,S001,2024-10-02,11:09,Wednesday,5,104.0,10.4,14.04,107.64,CREDIT_CARD,TAKEAWAY,2,7
TXN101460,S001,2024-10-02,12:55,Wednesday,3,52.0,0.0,7.8,59.8,CASH,DINE_IN,3,7
TXN101461,S001,2024-10-02,19:38,Wednesday,3,32.0,0.0,4.8,36.8,DIGITAL_WALLET,DINE_IN,5,10
TXN101462,S001,2024-10-02,18:06,Wednesday,3,68.0,0.0,10.2,78.2,DIGITAL_WALLET,DINE_IN,2,9
TXN101463,S001,2024-10-02,19:42,Wednesday,2,23.0,0.0,3.45,26.45,CREDIT_CARD,DINE_IN,2,6
TXN101464,S001,2024-10-02,18:42,Wednesday,2,20.0,0.0,3.0,23.0,DEBIT_CARD,TAKEAWAY,2,15
TXN101465,S001,2024-10-02,12:26,Wednesday,2,58.0,0.0,8.7,66.7,DEBIT_CARD,DRIVE_THRU,5,6
TXN101466,S001,2024-10-02,08:03,Wednesday,3,68.0,0.0,10.2,78.2,MADA,DINE_IN,4,7
TXN101467,S001,2024-10-02,13:15,Wednesday,4,70.0,0.0,10.5,80.5,CASH,DRIVE_THRU,4,8
TXN101468,S001,2024-10-02,18:54,Wednesday,4,56.0,0.0,8.4,64.4,CASH,TAKEAWAY,4,6
TXN101469,S001,2024-10-02,17:15,Wednesday,3,37.0,0.0,5.55,42.55,DEBIT_CARD,TAKEAWAY,2,11
TXN101470,S001,2024-10-02,10:20,Wednesday,4,83.0,0.0,12.45,95.45,CREDIT_CARD,DRIVE_THRU,4,7
TXN101471,S001,2024-10-02,20:41,Wednesday,4,76.0,0.0,11.4,87.4,CASH,TAKEAWAY,4,11
TXN101472,S001,2024-10-02,10:05,Wednesday,3,66.0,0.0,9.9,75.9,DIGITAL_WALLET,DELIVERY,4,30
TXN101473,S001,2024-10-02,13:34,Wednesday,3,45.0,0.0,6.75,51.75,MADA,DRIVE_THRU,4,3
TXN101474,S002,2024-10-02,16:21,Wednesday,3,62.0,0.0,9.3,71.3,DEBIT_CARD,DELIVERY,5,39
TXN101475,S002,2024-10-02,16:20,Wednesday,4,70.0,0.0,10.5,80.5,DEBIT_CARD,DRIVE_THRU,5,7
TXN101476,S002,2024-10-02,18:17,Wednesday,2,27.0,0.0,4.05,31.05,MADA,DRIVE_THRU,5,8
TXN101477,S002,2024-10-02,13:43,Wednesday,3,30.0,0.0,4.5,34.5,DIGITAL_WALLET,DRIVE_THRU,3,8
TXN101478,S002,2024-10-02,19:40,Wednesday,2,30.0,0.0,4.5,34.5,CREDIT_CARD,TAKEAWAY,4,11
TXN101479,S002,2024-10-02,16:17,Wednesday,4,56.0,0.0,8.4,64.4,CASH,DELIVERY,3,32
TXN101480,S002,2024-10-02,19:25,Wednesday,1,30.0,0.0,4.5,34.5,DEBIT_CARD,TAKEAWAY,4,13
TXN101481,S002,2024-10-02,18:17,Wednesday,3,70.0,7.0,9.45,72.45,DIGITAL_WALLET,TAKEAWAY,4,12
TXN101482,S002,2024-10-02,14:20,Wednesday,2,58.0,0.0,8.7,66.7,CASH,DINE_IN,5,9
TXN101483,S002,2024-10-02,11:34,Wednesday,2,44.0,0.0,6.6,50.6,CASH,DINE_IN,1,10
TXN101484,S002,2024-10-02,22:46,Wednesday,2,45.0,0.0,6.75,51.75,MADA,DELIVERY,5,31
TXN101485,S002,2024-10-02,19:09,Wednesday,1,18.0,0.0,2.7,20.7,CREDIT_CARD,DRIVE_THRU,5,6
TXN101486,S002,2024-10-02,12:39,Wednesday,1,26.0,2.6,3.51,26.91,MADA,DELIVERY,5,23
TXN101487,S002,2024-10-02,11:54,Wednesday,3,60.0,0.0,9.0,69.0,CREDIT_CARD,DRIVE_THRU,4,3
TXN101488,S002,2024-10-02,12:19,Wednesday,3,45.0,0.0,6.75,51.75,CASH,DINE_IN,4,12
TXN101489,S002,2024-10-02,14:47,Wednesday,4,69.0,0.0,10.35,79.35,CREDIT_CARD,TAKEAWAY,4,13
TXN101490,S002,2024-10-02,13:01,Wednesday,3,45.0,0.0,6.75,51.75,DEBIT_CARD,DRIVE_THRU,5,7
TXN101491,S002,2024-10-02,19:43,Wednesday,2,45.0,0.0,6.75,51.75,DEBIT_CARD,TAKEAWAY,4,9
TXN101492,S002,2024-10-02,20:24,Wednesday,3,58.0,0.0,8.7,66.7,CASH,TAKEAWAY,5,5
TXN101493,S002,2024-10-02,13:22,Wednesday,2,40.0,0.0,6.0,46.0,DIGITAL_WALLET,TAKEAWAY,3,9
TXN101494,S002,2024-10-02,13:17,Wednesday,2,37.0,0.0,5.55,42.55,CREDIT_CARD,DRIVE_THRU,5,6
TXN101495,S002,2024-10-02,13:48,Wednesday,2,36.0,3.6,4.86,37.26,MADA,DINE_IN,4,13
TXN101496,S002,2024-10-02,21:28,Wednesday,2,41.0,0.0,6.15,47.15,CREDIT_CARD,DRIVE_THRU,4,4
TXN101497,S002,2024-10-02,17:14,Wednesday,4,82.0,0.0,12.3,94.3,DIGITAL_WALLET,TAKEAWAY,5,8
TXN101498,S002,2024-10-02,08:12,Wednesday,3,54.0,0.0,8.1,62.1,CREDIT_CARD,DINE_IN,5,13
TXN101499,S002,2024-10-02,19:46,Wednesday,2,34.0,0.0,5.1,39.1,CASH,DELIVERY,5,28
TXN101500,S002,2024-10-02,16:01,Wednesday,3,69.0,0.0,10.35,79.35,DIGITAL_WALLET,DRIVE_THRU,5,4
TXN101501,S002,2024-10-02,19:53,Wednesday,2,37.0,0.0,5.55,42.55,CREDIT_CARD,DINE_IN,5,7
TXN101502,S002,2024-10-02,18:48,Wednesday,1,15.0,0.0,2.25,17.25,DEBIT_CARD,TAKEAWAY,4,12
TXN101503,S002,2024-10-02,18:25,Wednesday,3,33.0,0.0,4.95,37.95,MADA,DELIVERY,5,38
TXN101504,S002,2024-10-02,19:47,Wednesday,3,48.0,0.0,7.2,55.2,DIGITAL_WALLET,DRIVE_THRU,5,4
TXN101505,S002,2024-10-02,11:23,Wednesday,4,77.0,0.0,11.55,88.55,DEBIT_CARD,DINE_IN,4,8
TXN101506,S002,2024-10-02,19:13,Wednesday,3,50.0,0.0,7.5,57.5,CREDIT_CARD,DELIVERY,4,24
TXN101507,S002,2024-10-02,08:14,Wednesday,4,64.0,0.0,9.6,73.6,DEBIT_CARD,DRIVE_THRU,4,6
TXN101508,S002,2024-10-02,21:15,Wednesday,4,79.0,7.9,10.66,81.76,DIGITAL_WALLET,TAKEAWAY,5,11
TXN101509,S002,2024-10-02,11:18,Wednesday,2,18.0,0.0,2.7,20.7,DIGITAL_WALLET,DINE_IN,4,8
TXN101510,S002,2024-10-02,13:32,Wednesday,2,58.0,0.0,8.7,66.7,MADA,DELIVERY,2,36
TXN101511,S002,2024-10-02,12:33,Wednesday,2,27.0,0.0,4.05,31.05,MADA,TAKEAWAY,4,10
TXN101512,S002,2024-10-02,13:03,Wednesday,4,72.0,0.0,10.8,82.8,MADA,DINE_IN,5,13
TXN101513,S002,2024-10-02,19:36,Wednesday,3,51.0,0.0,7.65,58.65,DIGITAL_WALLET,DELIVERY,3,26
TXN101514,S002,2024-10-02,11:24,Wednesday,2,58.0,5.8,7.83,60.03,CASH,DRIVE_THRU,3,7
TXN101515,S002,2024-10-02,12:51,Wednesday,4,74.0,0.0,11.1,85.1,CREDIT_CARD,DINE_IN,5,7
TXN101516,S002,2024-10-02,19:16,Wednesday,3,74.0,0.0,11.1,85.1,CREDIT_CARD,TAKEAWAY,3,15
TXN101517,S002,2024-10-02,15:57,Wednesday,2,20.0,0.0,3.0,23.0,DEBIT_CARD,DELIVERY,5,30
TXN101518,S002,2024-10-02,17:42,Wednesday,3,36.0,0.0,5.4,41.4,MADA,DRIVE_THRU,4,3
TXN101519,S002,2024-10-02,14:17,Wednesday,2,33.0,0.0,4.95,37.95,DIGITAL_WALLET,DINE_IN,5,9
TXN101520,S002,2024-10-02,19:16,Wednesday,2,34.0,0.0,5.1,39.1,CREDIT_CARD,DRIVE_THRU,4,4
TXN101521,S002,2024-10-02,20:44,Wednesday,3,37.0,0.0,5.55,42.55,DEBIT_CARD,DELIVERY,3,25
TXN101522,S002,2024-10-02,18:59,Wednesday,3,53.0,0.0,7.95,60.95,DIGITAL_WALLET,DRIVE_THRU,4,3
TXN101523,S002,2024-10-02,13:23,Wednesday,2,42.0,0.0,6.3,48.3,DIGITAL_WALLET,TAKEAWAY,4,11
TXN101524,S002,2024-10-02,14:15,Wednesday,2,44.0,0.0,6.6,50.6,MADA,DELIVERY,4,22
TXN101525,S002,2024-10-02,11:05,Wednesday,4,77.0,0.0,11.55,88.55,CASH,DRIVE_THRU,5,3
TXN101526,S002,2024-10-02,15:02,Wednesday,2,22.0,0.0,3.3,25.3,DEBIT_CARD,DINE_IN,2,9
TXN101527,S002,2024-10-02,13:02,Wednesday,5,120.0,0.0,18.0,138.0,DIGITAL_WALLET,TAKEAWAY,3,14
TXN101528,S002,2024-10-02,13:53,Wednesday,3,69.0,6.9,9.31,71.41,MADA,DELIVERY,3,36
TXN101529,S002,2024-10-02,11:38,Wednesday,2,53.0,0.0,7.95,60.95,DEBIT_CARD,DRIVE_THRU,5,6
TXN101530,S002,2024-10-02,13:32,Wednesday,2,27.0,0.0,4.05,31.05,CREDIT_CARD,DELIVERY,5,26
TXN101531,S002,2024-10-02,12:09,Wednesday,3,70.0,0.0,10.5,80.5,CASH,DRIVE_THRU,3,6
TXN101532,S002,2024-10-02,12:46,Wednesday,1,10.0,0.0,1.5,11.5,MADA,DRIVE_THRU,5,6
TXN101533,S002,2024-10-02,14:59,Wednesday,3,38.0,0.0,5.7,43.7,CREDIT_CARD,TAKEAWAY,5,10
TXN101534,S002,2024-10-02,12:12,Wednesday,2,38.0,0.0,5.7,43.7,DEBIT_CARD,TAKEAWAY,3,12
TXN101535,S002,2024-10-02,15:25,Wednesday,4,58.0,0.0,8.7,66.7,DIGITAL_WALLET,DELIVERY,5,38
TXN101536,S002,2024-10-02,19:11,Wednesday,1,26.0,0.0,3.9,29.9,DIGITAL_WALLET,DINE_IN,4,10
TXN101537,S002,2024-10-02,12:56,Wednesday,2,26.0,0.0,3.9,29.9,DEBIT_CARD,DRIVE_THRU,5,6
TXN101538,S002,2024-10-02,10:00,Wednesday,3,38.0,0.0,5.7,43.7,CASH,DINE_IN,4,13
TXN101539,S002,2024-10-02,12:09,Wednesday,2,20.0,0.0,3.0,23.0,DIGITAL_WALLET,DRIVE_THRU,4,8
TXN101540,S002,2024-10-02,19:29,Wednesday,5,75.0,7.5,10.12,77.62,DEBIT_CARD,DINE_IN,4,15
TXN101541,S002,2024-10-02,21:04,Wednesday,3,45.0,0.0,6.75,51.75,DEBIT_CARD,DRIVE_THRU,4,5
TXN101542,S002,2024-10-02,20:54,Wednesday,1,30.0,0.0,4.5,34.5,MADA,DELIVERY,4,20
TXN101543,S002,2024-10-02,17:02,Wednesday,2,42.0,0.0,6.3,48.3,DIGITAL_WALLET,DINE_IN,5,9
TXN101544,S002,2024-10-02,17:57,Wednesday,3,51.0,0.0,7.65,58.65,DEBIT_CARD,DINE_IN,4,14
TXN101545,S002,2024-10-02,12:42,Wednesday,3,77.0,0.0,11.55,88.55,DEBIT_CARD,DRIVE_THRU,4,4
TXN101546,S002,2024-10-02,08:27,Wednesday,1,12.0,0.0,1.8,13.8,DIGITAL_WALLET,DINE_IN,3,9
TXN101547,S002,2024-10-02,12:18,Wednesday,3,51.0,0.0,7.65,58.65,CREDIT_CARD,DELIVERY,3,29
TXN101548,S002,2024-10-02,13:34,Wednesday,3,54.0,0.0,8.1,62.1,CASH,DINE_IN,5,6
TXN101549,S002,2024-10-02,19:50,Wednesday,4,95.0,0.0,14.25,109.25,MADA,TAKEAWAY,4,12
TXN101550,S002,2024-10-02,18:17,Wednesday,4,78.0,0.0,11.7,89.7,CREDIT_CARD,DELIVERY,5,39
TXN101551,S002,2024-10-02,19:50,Wednesday,4,80.0,0.0,12.0,92.0,MADA,DRIVE_THRU,4,8
TXN101552,S002,2024-10-02,13:21,Wednesday,4,65.0,0.0,9.75,74.75,CREDIT_CARD,TAKEAWAY,5,6
TXN101553,S002,2024-10-02,22:47,Wednesday,2,24.0,0.0,3.6,27.6,DIGITAL_WALLET,TAKEAWAY,4,10
TXN101554,S002,2024-10-02,12:02,Wednesday,1,30.0,3.0,4.05,31.05,DEBIT_CARD,DINE_IN,5,10
TXN101555,S002,2024-10-02,18:26,Wednesday,3,50.0,5.0,6.75,51.75,CASH,DINE_IN,4,12
TXN101556,S002,2024-10-02,16:35,Wednesday,3,60.0,0.0,9.0,69.0,DEBIT_CARD,DRIVE_THRU,4,6
TXN101557,S002,2024-10-02,13:54,Wednesday,2,37.0,0.0,5.55,42.55,CREDIT_CARD,DELIVERY,5,24
TXN101558,S002,2024-10-02,13:54,Wednesday,3,50.0,5.0,6.75,51.75,DEBIT_CARD,DELIVERY,4,20
TXN101559,S002,2024-10-02,22:20,Wednesday,2,58.0,0.0,8.7,66.7,MADA,DINE_IN,4,6
TXN101560,S002,2024-10-02,22:49,Wednesday,2,58.0,0.0,8.7,66.7,MADA,DINE_IN,4,9
TXN101561,S002,2024-10-02,13:48,Wednesday,3,50.0,0.0,7.5,57.5,MADA,DELIVERY,5,29
TXN101562,S002,2024-10-02,11:25,Wednesday,4,100.0,0.0,15.0,115.0,DEBIT_CARD,DINE_IN,3,6
TXN101563,S002,2024-10-02,21:37,Wednesday,1,12.0,1.2,1.62,12.42,DEBIT_CARD,TAKEAWAY,4,9
TXN101564,S002,2024-10-02,12:35,Wednesday,4,98.0,0.0,14.7,112.7,MADA,DINE_IN,5,5
TXN101565,S002,2024-10-02,15:46,Wednesday,3,46.0,0.0,6.9,52.9,DIGITAL_WALLET,DINE_IN,5,9
TXN101566,S002,2024-10-02,18:46,Wednesday,4,60.0,6.0,8.1,62.1,CREDIT_CARD,TAKEAWAY,3,13
TXN101567,S002,2024-10-02,13:08,Wednesday,3,43.0,0.0,6.45,49.45,CREDIT_CARD,DINE_IN,5,9
TXN101568,S002,2024-10-02,18:31,Wednesday,1,32.0,0.0,4.8,36.8,CREDIT_CARD,DELIVERY,5,38
TXN101569,S002,2024-10-02,12:41,Wednesday,3,68.0,0.0,10.2,78.2,CREDIT_CARD,DRIVE_THRU,5,8
TXN101570,S002,2024-10-02,11:25,Wednesday,2,55.0,0.0,8.25,63.25,MADA,DINE_IN,5,6
TXN101571,S002,2024-10-02,19:00,Wednesday,3,52.0,0.0,7.8,59.8,CASH,DELIVERY,4,33
TXN101572,S002,2024-10-02,13:33,Wednesday,3,54.0,0.0,8.1,62.1,CREDIT_CARD,DRIVE_THRU,4,4
TXN101573,S002,2024-10-02,19:54,Wednesday,4,79.0,0.0,11.85,90.85,DEBIT_CARD,DINE_IN,4,7
TXN101574,S002,2024-10-02,10:56,Wednesday,4,55.0,0.0,8.25,63.25,CASH,DELIVERY,3,28
TXN101575,S002,2024-10-02,12:49,Wednesday,1,8.0,0.8,1.08,8.28,DIGITAL_WALLET,DELIVERY,4,27
TXN101576,S002,2024-10-02,15:44,Wednesday,4,78.0,0.0,11.7,89.7,DIGITAL_WALLET,DRIVE_THRU,1,4
TXN101577,S002,2024-10-02,18:24,Wednesday,2,18.0,0.0,2.7,20.7,CREDIT_CARD,DINE_IN,4,10
TXN101578,S002,2024-10-02,17:44,Wednesday,1,12.0,0.0,1.8,13.8,DEBIT_CARD,TAKEAWAY,2,14
TXN101579,S002,2024-10-02,21:06,Wednesday,2,35.0,0.0,5.25,40.25,MADA,DRIVE_THRU,5,7
TXN101580,S002,2024-10-02,08:01,Wednesday,2,18.0,0.0,2.7,20.7,DEBIT_CARD,DINE_IN,4,7
TXN101581,S002,2024-10-02,11:19,Wednesday,3,52.0,0.0,7.8,59.8,DIGITAL_WALLET,DELIVERY,3,35
TXN101582,S002,2024-10-02,18:56,Wednesday,2,38.0,0.0,5.7,43.7,CREDIT_CARD,DELIVERY,4,33
TXN101583,S002,2024-10-02,21:01,Wednesday,3,76.0,0.0,11.4,87.4,CASH,DRIVE_THRU,4,7
TXN101584,S002,2024-10-02,23:04,Wednesday,2,20.0,0.0,3.0,23.0,CREDIT_CARD,DRIVE_THRU,3,3
TXN101585,S002,2024-10-02,10:00,Wednesday,4,84.0,0.0,12.6,96.6,CASH,DELIVERY,5,39
TXN101586,S002,2024-10-02,11:51,Wednesday,2,26.0,0.0,3.9,29.9,CREDIT_CARD,DINE_IN,4,9
TXN101587,S002,2024-10-02,17:42,Wednesday,4,80.0,0.0,12.0,92.0,DEBIT_CARD,DINE_IN,3,14
TXN101588,S002,2024-10-02,12:36,Wednesday,2,25.0,0.0,3.75,28.75,DIGITAL_WALLET,DRIVE_THRU,2,3
TXN101589,S002,2024-10-02,22:36,Wednesday,1,25.0,0.0,3.75,28.75,CREDIT_CARD,DRIVE_THRU,5,8
TXN101590,S002,2024-10-02,12:52,Wednesday,2,51.0,0.0,7.65,58.65,DIGITAL_WALLET,DRIVE_THRU,4,3
TXN101591,S002,2024-10-02,11:58,Wednesday,3,47.0,0.0,7.05,54.05,DIGITAL_WALLET,DRIVE_THRU,5,4
TXN101592,S002,2024-10-02,15:00,Wednesday,2,36.0,0.0,5.4,41.4,DIGITAL_WALLET,DINE_IN,3,7
TXN101593,S002,2024-10-02,12:09,Wednesday,3,71.0,0.0,10.65,81.65,MADA,DELIVERY,5,25
TXN101594,S002,2024-10-02,19:38,Wednesday,3,60.0,0.0,9.0,69.0,MADA,TAKEAWAY,4,9
TXN101595,S002,2024-10-02,18:59,Wednesday,3,73.0,0.0,10.95,83.95,MADA,TAKEAWAY,5,14
TXN101596,S002,2024-10-02,11:44,Wednesday,2,58.0,0.0,8.7,66.7,MADA,DINE_IN,4,11
TXN101597,S002,2024-10-02,20:37,Wednesday,3,62.0,0.0,9.3,71.3,CREDIT_CARD,DRIVE_THRU,4,3
TXN101598,S002,2024-10-02,16:38,Wednesday,3,70.0,0.0,10.5,80.5,DEBIT_CARD,DINE_IN,4,10
TXN101599,S002,2024-10-02,17:52,Wednesday,2,27.0,0.0,4.05,31.05,CREDIT_CARD,DRIVE_THRU,5,4
TXN101600,S002,2024-10-02,18:05,Wednesday,3,62.0,0.0,9.3,71.3,MADA,DINE_IN,5,10
TXN101601,S002,2024-10-02,15:43,Wednesday,2,38.0,3.8,5.13,39.33,CASH,DINE_IN,5,5
TXN101602,S002,2024-10-02,19:46,Wednesday,1,10.0,0.0,1.5,11.5,MADA,DINE_IN,3,8
TXN101603,S002,2024-10-02,15:51,Wednesday,1,8.0,0.0,1.2,9.2,CASH,DINE_IN,5,10
TXN101604,S002,2024-10-02,13:43,Wednesday,2,20.0,0.0,3.0,23.0,DEBIT_CARD,DELIVERY,3,37
TXN101605,S002,2024-10-02,19:38,Wednesday,3,45.0,0.0,6.75,51.75,CASH,DRIVE_THRU,3,5
TXN101606,S002,2024-10-02,16:50,Wednesday,1,15.0,0.0,2.25,17.25,MADA,TAKEAWAY,4,5
TXN101607,S002,2024-10-02,18:00,Wednesday,3,55.0,0.0,8.25,63.25,CASH,DELIVERY,5,28
TXN101608,S002,2024-10-02,17:25,Wednesday,2,62.0,0.0,9.3,71.3,DEBIT_CARD,DRIVE_THRU,5,5
TXN101609,S002,2024-10-02,18:23,Wednesday,2,44.0,0.0,6.6,50.6,CASH,DINE_IN,5,5
TXN101610,S002,2024-10-02,14:15,Wednesday,3,38.0,0.0,5.7,43.7,CASH,DRIVE_THRU,3,3
TXN101611,S002,2024-10-02,13:03,Wednesday,4,80.0,0.0,12.0,92.0,MADA,DINE_IN,4,9
TXN101612,S002,2024-10-02,21:41,Wednesday,2,22.0,0.0,3.3,25.3,CREDIT_CARD,DRIVE_THRU,4,4
TXN101613,S002,2024-10-02,17:04,Wednesday,2,56.0,0.0,8.4,64.4,CREDIT_CARD,TAKEAWAY,4,9
TXN101614,S002,2024-10-02,19:33,Wednesday,3,47.0,0.0,7.05,54.05,CREDIT_CARD,DINE_IN,4,11
TXN101615,S002,2024-10-02,19:08,Wednesday,2,18.0,0.0,2.7,20.7,CASH,DELIVERY,5,28
TXN101616,S002,2024-10-02,11:55,Wednesday,1,15.0,0.0,2.25,17.25,DIGITAL_WALLET,DRIVE_THRU,4,5
TXN101617,S002,2024-10-02,19:55,Wednesday,4,81.0,0.0,12.15,93.15,CREDIT_CARD,DELIVERY,3,20
TXN101618,S002,2024-10-02,18:30,Wednesday,2,40.0,0.0,6.0,46.0,MADA,DINE_IN,5,6
TXN101619,S002,2024-10-02,13:35,Wednesday,3,59.0,0.0,8.85,67.85,CREDIT_CARD,TAKEAWAY,4,5
TXN101620,S002,2024-10-02,18:21,Wednesday,1,12.0,0.0,1.8,13.8,DEBIT_CARD,DRIVE_THRU,3,4
TXN101621,S002,2024-10-02,12:48,Wednesday,4,73.0,0.0,10.95,83.95,CASH,TAKEAWAY,5,7
TXN101622,S002,2024-10-02,19:05,Wednesday,1,18.0,0.0,2.7,20.7,DIGITAL_WALLET,DINE_IN,4,14
TXN101623,S002,2024-10-02,22:15,Wednesday,3,52.0,0.0,7.8,59.8,CREDIT_CARD,TAKEAWAY,5,8
TXN101624,S002,2024-10-02,10:26,Wednesday,4,62.0,0.0,9.3,71.3,DEBIT_CARD,TAKEAWAY,3,13
TXN101625,S002,2024-10-02,19:49,Wednesday,3,48.0,0.0,7.2,55.2,CREDIT_CARD,DINE_IN,5,5
TXN101626,S002,2024-10-02,18:21,Wednesday,4,78.0,0.0,11.7,89.7,CREDIT_CARD,TAKEAWAY,4,15
TXN101627,S002,2024-10-02,18:16,Wednesday,3,65.0,0.0,9.75,74.75,MADA,DRIVE_THRU,4,7
TXN101628,S002,2024-10-02,19:08,Wednesday,4,85.0,0.0,12.75,97.75,MADA,DELIVERY,3,29
TXN101629,S002,2024-10-02,12:25,Wednesday,3,56.0,0.0,8.4,64.4,DIGITAL_WALLET,DRIVE_THRU,3,8
TXN101630,S002,2024-10-02,12:13,Wednesday,3,66.0,0.0,9.9,75.9,DEBIT_CARD,DELIVERY,4,22
TXN101631,S002,2024-10-02,11:59,Wednesday,1,10.0,0.0,1.5,11.5,DEBIT_CARD,DRIVE_THRU,4,6
TXN101632,S002,2024-10-02,21:02,Wednesday,4,80.0,0.0,12.0,92.0,DIGITAL_WALLET,TAKEAWAY,4,5
TXN101633,S002,2024-10-02,17:06,Wednesday,2,41.0,0.0,6.15,47.15,CASH,DINE_IN,5,5
TXN101634,S002,2024-10-02,17:13,Wednesday,2,33.0,3.3,4.46,34.16,CASH,TAKEAWAY,3,12
TXN101635,S002,2024-10-02,11:47,Wednesday,2,56.0,0.0,8.4,64.4,DEBIT_CARD,DELIVERY,2,33
TXN101636,S002,2024-10-02,16:11,Wednesday,3,56.0,0.0,8.4,64.4,MADA,DRIVE_THRU,5,7
TXN101637,S002,2024-10-02,19:18,Wednesday,3,90.0,0.0,13.5,103.5,MADA,DINE_IN,5,12
TXN101638,S002,2024-10-02,19:21,Wednesday,2,24.0,0.0,3.6,27.6,MADA,DRIVE_THRU,4,4
TXN101639,S002,2024-10-02,12:23,Wednesday,3,70.0,0.0,10.5,80.5,DIGITAL_WALLET,DINE_IN,4,5
TXN101640,S002,2024-10-02,16:36,Wednesday,3,69.0,0.0,10.35,79.35,CASH,TAKEAWAY,5,14
TXN101641,S002,2024-10-02,19:25,Wednesday,4,55.0,0.0,8.25,63.25,MADA,TAKEAWAY,5,15
TXN101642,S002,2024-10-02,13:35,Wednesday,3,42.0,4.2,5.67,43.47,MADA,DELIVERY,3,31
TXN101643,S002,2024-10-02,18:40,Wednesday,5,123.0,12.3,16.61,127.31,MADA,DELIVERY,4,26
TXN101644,S002,2024-10-02,21:56,Wednesday,2,56.0,0.0,8.4,64.4,CREDIT_CARD,TAKEAWAY,4,13
TXN101645,S002,2024-10-02,21:03,Wednesday,3,46.0,0.0,6.9,52.9,DIGITAL_WALLET,DINE_IN,4,11
TXN101646,S002,2024-10-02,22:01,Wednesday,3,81.0,0.0,12.15,93.15,CREDIT_CARD,DRIVE_THRU,4,8
TXN101647,S002,2024-10-02,18:23,Wednesday,3,44.0,0.0,6.6,50.6,DEBIT_CARD,DINE_IN,5,11
TXN101648,S002,2024-10-02,20:07,Wednesday,5,65.0,6.5,8.78,67.28,CREDIT_CARD,TAKEAWAY,4,10
TXN101649,S002,2024-10-02,17:09,Wednesday,3,65.0,0.0,9.75,74.75,DIGITAL_WALLET,DELIVERY,4,22
TXN101650,S002,2024-10-02,20:13,Wednesday,1,12.0,0.0,1.8,13.8,CASH,DRIVE_THRU,5,7
TXN101651,S002,2024-10-02,13:21,Wednesday,5,114.0,0.0,17.1,131.1,CREDIT_CARD,DELIVERY,5,28
TXN101652,S002,2024-10-02,18:02,Wednesday,4,96.0,9.6,12.96,99.36,MADA,TAKEAWAY,4,11
TXN101653,S002,2024-10-02,10:03,Wednesday,2,23.0,0.0,3.45,26.45,CASH,DRIVE_THRU,5,5
TXN101654,S002,2024-10-02,19:52,Wednesday,4,83.0,8.3,11.21,85.91,DEBIT_CARD,DINE_IN,4,14
TXN101655,S002,2024-10-02,11:47,Wednesday,2,27.0,0.0,4.05,31.05,MADA,DRIVE_THRU,5,6
TXN101656,S002,2024-10-02,18:40,Wednesday,2,20.0,0.0,3.0,23.0,DEBIT_CARD,DELIVERY,1,35
TXN101657,S002,2024-10-02,14:38,Wednesday,2,54.0,0.0,8.1,62.1,DIGITAL_WALLET,DRIVE_THRU,5,6
TXN101658,S002,2024-10-02,18:38,Wednesday,2,36.0,0.0,5.4,41.4,DIGITAL_WALLET,TAKEAWAY,5,5
TXN101659,S002,2024-10-02,22:36,Wednesday,3,75.0,7.5,10.12,77.62,MADA,DELIVERY,2,26
TXN101660,S002,2024-10-02,12:29,Wednesday,2,36.0,0.0,5.4,41.4,CREDIT_CARD,DRIVE_THRU,4,6
TXN101661,S002,2024-10-02,11:34,Wednesday,4,96.0,0.0,14.4,110.4,CASH,DRIVE_THRU,1,3
TXN101662,S002,2024-10-02,12:27,Wednesday,2,20.0,0.0,3.0,23.0,DIGITAL_WALLET,TAKEAWAY,4,10
TXN101663,S002,2024-10-02,13:12,Wednesday,2,44.0,0.0,6.6,50.6,DEBIT_CARD,DELIVERY,4,25
TXN101664,S002,2024-10-02,19:20,Wednesday,1,15.0,0.0,2.25,17.25,CASH,DINE_IN,4,9
TXN101665,S002,2024-10-02,23:15,Wednesday,3,69.0,0.0,10.35,79.35,MADA,DINE_IN,5,12
TXN101666,S002,2024-10-02,19:31,Wednesday,3,68.0,6.8,9.18,70.38,CREDIT_CARD,DINE_IN,5,14
TXN101667,S002,2024-10-02,17:11,Wednesday,2,55.0,0.0,8.25,63.25,DIGITAL_WALLET,DRIVE_THRU,4,5
TXN101668,S002,2024-10-02,19:31,Wednesday,4,72.0,0.0,10.8,82.8,CREDIT_CARD,DRIVE_THRU,5,7
TXN101669,S002,2024-10-02,12:43,Wednesday,5,95.0,0.0,14.25,109.25,CASH,TAKEAWAY,5,14
TXN101670,S002,2024-10-02,17:40,Wednesday,3,56.0,0.0,8.4,64.4,CASH,TAKEAWAY,5,12
TXN101671,S002,2024-10-02,12:25,Wednesday,3,64.0,0.0,9.6,73.6,DIGITAL_WALLET,DRIVE_THRU,3,4
TXN101672,S002,2024-10-02,12:40,Wednesday,2,38.0,3.8,5.13,39.33,DIGITAL_WALLET,DELIVERY,1,30
TXN101673,S002,2024-10-02,17:28,Wednesday,4,78.0,0.0,11.7,89.7,MADA,DRIVE_THRU,3,7
TXN101674,S002,2024-10-02,12:36,Wednesday,2,30.0,0.0,4.5,34.5,MADA,DELIVERY,4,39
TXN101675,S002,2024-10-02,18:18,Wednesday,4,76.0,0.0,11.4,87.4,CASH,DRIVE_THRU,5,7
TXN101676,S002,2024-10-02,14:46,Wednesday,3,43.0,0.0,6.45,49.45,CREDIT_CARD,DELIVERY,5,30
TXN101677,S002,2024-10-02,19:39,Wednesday,3,54.0,0.0,8.1,62.1,DIGITAL_WALLET,TAKEAWAY,5,5
TXN101678,S002,2024-10-02,18:28,Wednesday,1,26.0,0.0,3.9,29.9,MADA,TAKEAWAY,4,12
TXN101679,S002,2024-10-02,12:49,Wednesday,5,109.0,0.0,16.35,125.35,CASH,DINE_IN,5,15
TXN101680,S002,2024-10-02,22:31,Wednesday,3,35.0,0.0,5.25,40.25,MADA,TAKEAWAY,4,7
TXN101681,S002,2024-10-02,19:08,Wednesday,2,48.0,0.0,7.2,55.2,CASH,DELIVERY,5,20
TXN101682,S002,2024-10-02,14:11,Wednesday,3,68.0,0.0,10.2,78.2,CASH,DELIVERY,5,32
TXN101683,S002,2024-10-02,13:39,Wednesday,2,30.0,3.0,4.05,31.05,CASH,DRIVE_THRU,4,7
TXN101684,S002,2024-10-02,12:47,Wednesday,2,35.0,0.0,5.25,40.25,MADA,TAKEAWAY,4,11
TXN101685,S002,2024-10-02,12:22,Wednesday,4,99.0,0.0,14.85,113.85,CREDIT_CARD,DELIVERY,5,27
TXN101686,S002,2024-10-02,19:12,Wednesday,3,60.0,0.0,9.0,69.0,DEBIT_CARD,DINE_IN,5,10
TXN101687,S002,2024-10-02,12:48,Wednesday,2,38.0,0.0,5.7,43.7,DEBIT_CARD,TAKEAWAY,3,14
TXN101688,S002,2024-10-02,12:37,Wednesday,2,40.0,0.0,6.0,46.0,MADA,DELIVERY,3,36
TXN101689,S002,2024-10-02,11:45,Wednesday,2,38.0,0.0,5.7,43.7,DIGITAL_WALLET,DELIVERY,5,37
TXN101690,S002,2024-10-02,13:39,Wednesday,2,24.0,0.0,3.6,27.6,DEBIT_CARD,DRIVE_THRU,1,5
TXN101691,S002,2024-10-02,18:07,Wednesday,4,70.0,0.0,10.5,80.5,MADA,TAKEAWAY,3,8
TXN101692,S002,2024-10-02,17:45,Wednesday,2,55.0,0.0,8.25,63.25,CASH,DELIVERY,3,29
TXN101693,S002,2024-10-02,11:18,Wednesday,3,50.0,0.0,7.5,57.5,CREDIT_CARD,DELIVERY,4,26
TXN101694,S002,2024-10-02,19:30,Wednesday,3,70.0,0.0,10.5,80.5,DIGITAL_WALLET,DELIVERY,2,39
TXN101695,S002,2024-10-02,13:54,Wednesday,2,44.0,0.0,6.6,50.6,CASH,DINE_IN,5,7
TXN101696,S002,2024-10-02,15:39,Wednesday,3,58.0,0.0,8.7,66.7,CASH,DRIVE_THRU,5,3
TXN101697,S002,2024-10-02,13:08,Wednesday,2,18.0,0.0,2.7,20.7,DEBIT_CARD,TAKEAWAY,3,7
TXN101698,S002,2024-10-02,21:35,Wednesday,4,63.0,0.0,9.45,72.45,MADA,TAKEAWAY,5,12
TXN101699,S002,2024-10-02,17:17,Wednesday,2,36.0,0.0,5.4,41.4,DEBIT_CARD,DELIVERY,5,28
TXN101700,S002,2024-10-02,17:21,Wednesday,3,37.0,0.0,5.55,42.55,MADA,DELIVERY,3,24
TXN101701,S002,2024-10-02,13:39,Wednesday,4,85.0,0.0,12.75,97.75,CASH,DINE_IN,2,9
TXN101702,S002,2024-10-02,13:14,Wednesday,3,72.0,0.0,10.8,82.8,CASH,DELIVERY,5,22
TXN101703,S002,2024-10-02,12:20,Wednesday,2,36.0,0.0,5.4,41.4,DIGITAL_WALLET,DRIVE_THRU,5,5
TXN101704,S002,2024-10-02,13:54,Wednesday,3,45.0,0.0,6.75,51.75,DIGITAL_WALLET,DRIVE_THRU,4,8
TXN101705,S002,2024-10-02,23:14,Wednesday,3,49.0,0.0,7.35,56.35,CREDIT_CARD,DINE_IN,3,13
TXN101706,S002,2024-10-02,23:45,Wednesday,2,35.0,0.0,5.25,40.25,CASH,DRIVE_THRU,5,4
TXN101707,S002,2024-10-02,19:51,Wednesday,4,98.0,0.0,14.7,112.7,MADA,DRIVE_THRU,5,8
TXN101708,S002,2024-10-02,08:19,Wednesday,3,53.0,0.0,7.95,60.95,MADA,DRIVE_THRU,4,6
TXN101709,S002,2024-10-02,12:45,Wednesday,3,46.0,0.0,6.9,52.9,DIGITAL_WALLET,TAKEAWAY,4,6
TXN101710,S002,2024-10-02,18:11,Wednesday,4,44.0,0.0,6.6,50.6,DEBIT_CARD,DELIVERY,4,32
TXN101711,S002,2024-10-02,12:36,Wednesday,4,86.0,0.0,12.9,98.9,DIGITAL_WALLET,TAKEAWAY,5,13
TXN101712,S002,2024-10-02,12:06,Wednesday,2,34.0,0.0,5.1,39.1,CASH,TAKEAWAY,3,12
TXN101713,S002,2024-10-02,18:12,Wednesday,3,58.0,0.0,8.7,66.7,CREDIT_CARD,DINE_IN,4,7
TXN101714,S002,2024-10-02,12:36,Wednesday,4,103.0,0.0,15.45,118.45,DEBIT_CARD,DINE_IN,5,8
TXN101715,S002,2024-10-02,17:09,Wednesday,2,36.0,0.0,5.4,41.4,CREDIT_CARD,DRIVE_THRU,4,5
TXN101716,S002,2024-10-02,13:07,Wednesday,3,34.0,0.0,5.1,39.1,DIGITAL_WALLET,DELIVERY,4,20
TXN101717,S002,2024-10-02,18:16,Wednesday,4,72.0,0.0,10.8,82.8,DIGITAL_WALLET,TAKEAWAY,1,14
TXN101718,S002,2024-10-02,12:04,Wednesday,2,40.0,0.0,6.0,46.0,MADA,TAKEAWAY,5,12
TXN101719,S002,2024-10-02,19:13,Wednesday,3,54.0,0.0,8.1,62.1,MADA,DRIVE_THRU,3,3
TXN101720,S002,2024-10-02,19:48,Wednesday,5,109.0,0.0,16.35,125.35,CASH,DELIVERY,5,35
TXN101721,S002,2024-10-02,18:43,Wednesday,4,42.0,0.0,6.3,48.3,CREDIT_CARD,DELIVERY,5,31
TXN101722,S002,2024-10-02,12:40,Wednesday,3,68.0,6.8,9.18,70.38,DEBIT_CARD,DRIVE_THRU,5,8
TXN101723,S002,2024-10-02,11:36,Wednesday,4,72.0,7.2,9.72,74.52,CREDIT_CARD,DRIVE_THRU,5,7
TXN101724,S002,2024-10-02,20:55,Wednesday,1,26.0,0.0,3.9,29.9,CREDIT_CARD,DELIVERY,5,22
TXN101725,S002,2024-10-02,13:30,Wednesday,2,18.0,0.0,2.7,20.7,MADA,DRIVE_THRU,5,7
TXN101726,S002,2024-10-02,14:30,Wednesday,1,12.0,0.0,1.8,13.8,CASH,DINE_IN,3,5
TXN101727,S002,2024-10-02,18:46,Wednesday,2,56.0,0.0,8.4,64.4,DIGITAL_WALLET,TAKEAWAY,4,15
TXN101728,S002,2024-10-02,12:07,Wednesday,3,54.0,0.0,8.1,62.1,DIGITAL_WALLET,TAKEAWAY,3,7
TXN101729,S002,2024-10-02,10:39,Wednesday,3,48.0,0.0,7.2,55.2,MADA,TAKEAWAY,5,8
TXN101730,S002,2024-10-02,20:47,Wednesday,3,71.0,0.0,10.65,81.65,DIGITAL_WALLET,DELIVERY,3,20
TXN101731,S002,2024-10-02,18:29,Wednesday,3,45.0,0.0,6.75,51.75,DEBIT_CARD,DRIVE_THRU,3,5
TXN101732,S002,2024-10-02,09:35,Wednesday,3,46.0,0.0,6.9,52.9,CASH,DELIVERY,5,24
TXN101733,S002,2024-10-02,18:24,Wednesday,2,48.0,0.0,7.2,55.2,DEBIT_CARD,DELIVERY,5,22
TXN101734,S002,2024-10-02,19:47,Wednesday,3,60.0,0.0,9.0,69.0,CREDIT_CARD,TAKEAWAY,5,6
TXN101735,S002,2024-10-02,12:29,Wednesday,2,55.0,0.0,8.25,63.25,DEBIT_CARD,DELIVERY,4,32
TXN101736,S002,2024-10-02,13:59,Wednesday,2,53.0,0.0,7.95,60.95,CREDIT_CARD,DINE_IN,3,12
TXN101737,S002,2024-10-02,20:27,Wednesday,2,44.0,0.0,6.6,50.6,MADA,TAKEAWAY,4,7
TXN101738,S002,2024-10-02,18:03,Wednesday,3,57.0,0.0,8.55,65.55,MADA,DINE_IN,4,7
TXN101739,S002,2024-10-02,12:18,Wednesday,3,54.0,0.0,8.1,62.1,CREDIT_CARD,DINE_IN,4,9
TXN101740,S002,2024-10-02,09:03,Wednesday,2,28.0,0.0,4.2,32.2,DIGITAL_WALLET,TAKEAWAY,4,15
TXN101741,S002,2024-10-02,15:27,Wednesday,4,85.0,0.0,12.75,97.75,DEBIT_CARD,DELIVERY,4,25
TXN101742,S002,2024-10-02,21:16,Wednesday,3,83.0,0.0,12.45,95.45,CASH,DINE_IN,2,5
TXN101743,S002,2024-10-02,19:51,Wednesday,4,102.0,0.0,15.3,117.3,DIGITAL_WALLET,DRIVE_THRU,3,6
TXN101744,S002,2024-10-02,13:05,Wednesday,3,51.0,0.0,7.65,58.65,MADA,DINE_IN,5,15
TXN101745,S002,2024-10-02,13:06,Wednesday,2,60.0,0.0,9.0,69.0,CASH,TAKEAWAY,3,13
TXN101746,S002,2024-10-02,10:28,Wednesday,2,40.0,0.0,6.0,46.0,DEBIT_CARD,DINE_IN,5,9
TXN101747,S002,2024-10-02,13:33,Wednesday,5,108.0,0.0,16.2,124.2,CREDIT_CARD,DINE_IN,1,11
TXN101748,S002,2024-10-02,12:34,Wednesday,4,49.0,0.0,7.35,56.35,MADA,DELIVERY,4,26
TXN101749,S002,2024-10-02,11:00,Wednesday,2,42.0,0.0,6.3,48.3,CREDIT_CARD,TAKEAWAY,5,11
TXN101750,S002,2024-10-02,20:27,Wednesday,4,70.0,0.0,10.5,80.5,CREDIT_CARD,TAKEAWAY,1,5
TXN101751,S002,2024-10-02,22:25,Wednesday,3,67.0,0.0,10.05,77.05,CASH,DINE_IN,5,5
TXN101752,S002,2024-10-02,14:31,Wednesday,3,85.0,8.5,11.47,87.97,DEBIT_CARD,DRIVE_THRU,4,7
TXN101753,S002,2024-10-02,10:45,Wednesday,3,47.0,0.0,7.05,54.05,DEBIT_CARD,DRIVE_THRU,5,8
TXN101754,S002,2024-10-02,10:50,Wednesday,2,43.0,0.0,6.45,49.45,CASH,DELIVERY,5,39
TXN101755,S002,2024-10-02,19:59,Wednesday,4,68.0,0.0,10.2,78.2,CREDIT_CARD,TAKEAWAY,4,15
TXN101756,S002,2024-10-02,11:26,Wednesday,2,33.0,0.0,4.95,37.95,DIGITAL_WALLET,DINE_IN,3,12
TXN101757,S002,2024-10-02,13:03,Wednesday,3,73.0,0.0,10.95,83.95,CREDIT_CARD,DELIVERY,4,26
TXN101758,S002,2024-10-02,19:32,Wednesday,3,53.0,0.0,7.95,60.95,CASH,TAKEAWAY,5,6
TXN101759,S002,2024-10-02,19:58,Wednesday,2,27.0,0.0,4.05,31.05,CREDIT_CARD,TAKEAWAY,2,12
TXN101760,S002,2024-10-02,19:34,Wednesday,4,85.0,0.0,12.75,97.75,CASH,DELIVERY,3,37
TXN101761,S002,2024-10-02,21:51,Wednesday,1,10.0,0.0,1.5,11.5,MADA,TAKEAWAY,5,6
TXN101762,S003,2024-10-02,22:01,Wednesday,3,36.0,0.0,5.4,41.4,MADA,DINE_IN,5,6
TXN101763,S003,2024-10-02,22:59,Wednesday,2,35.0,0.0,5.25,40.25,CREDIT_CARD,DINE_IN,4,10
TXN101764,S003,2024-10-02,17:47,Wednesday,4,48.0,0.0,7.2,55.2,CASH,DRIVE_THRU,2,3
TXN101765,S003,2024-10-02,13:02,Wednesday,3,54.0,0.0,8.1,62.1,CREDIT_CARD,DRIVE_THRU,4,3
TXN101766,S003,2024-10-02,13:25,Wednesday,1,12.0,0.0,1.8,13.8,CREDIT_CARD,TAKEAWAY,5,14
TXN101767,S003,2024-10-02,13:10,Wednesday,3,35.0,0.0,5.25,40.25,DIGITAL_WALLET,TAKEAWAY,5,5
TXN101768,S003,2024-10-02,13:37,Wednesday,2,42.0,0.0,6.3,48.3,CASH,TAKEAWAY,3,11
TXN101769,S003,2024-10-02,10:57,Wednesday,3,68.0,0.0,10.2,78.2,MADA,DRIVE_THRU,4,6
TXN101770,S003,2024-10-02,13:49,Wednesday,4,71.0,0.0,10.65,81.65,CASH,TAKEAWAY,5,9
TXN101771,S003,2024-10-02,19:24,Wednesday,2,55.0,0.0,8.25,63.25,DIGITAL_WALLET,DINE_IN,4,13
TXN101772,S003,2024-10-02,13:04,Wednesday,3,44.0,0.0,6.6,50.6,CREDIT_CARD,DRIVE_THRU,5,5
TXN101773,S003,2024-10-02,18:15,Wednesday,4,66.0,0.0,9.9,75.9,MADA,DRIVE_THRU,4,6
TXN101774,S003,2024-10-02,17:32,Wednesday,2,43.0,0.0,6.45,49.45,DEBIT_CARD,TAKEAWAY,4,13
TXN101775,S003,2024-10-02,14:36,Wednesday,1,28.0,0.0,4.2,32.2,CASH,DINE_IN,4,8
TXN101776,S003,2024-10-02,23:07,Wednesday,3,50.0,0.0,7.5,57.5,MADA,DRIVE_THRU,5,4
TXN101777,S003,2024-10-02,19:06,Wednesday,2,27.0,0.0,4.05,31.05,DEBIT_CARD,DRIVE_THRU,5,3
TXN101778,S003,2024-10-02,20:20,Wednesday,3,57.0,0.0,8.55,65.55,CASH,DRIVE_THRU,4,5
TXN101779,S003,2024-10-02,19:31,Wednesday,2,50.0,5.0,6.75,51.75,DEBIT_CARD,DINE_IN,5,9
TXN101780,S003,2024-10-02,13:50,Wednesday,3,59.0,0.0,8.85,67.85,DIGITAL_WALLET,DINE_IN,5,7
TXN101781,S003,2024-10-02,18:38,Wednesday,3,48.0,0.0,7.2,55.2,CASH,TAKEAWAY,4,13
TXN101782,S003,2024-10-02,12:17,Wednesday,1,25.0,0.0,3.75,28.75,CASH,DRIVE_THRU,5,7
TXN101783,S003,2024-10-02,12:25,Wednesday,3,48.0,0.0,7.2,55.2,MADA,DRIVE_THRU,5,7
TXN101784,S003,2024-10-02,13:39,Wednesday,3,48.0,0.0,7.2,55.2,CASH,DELIVERY,4,28
TXN101785,S003,2024-10-02,22:51,Wednesday,3,60.0,0.0,9.0,69.0,MADA,DRIVE_THRU,2,8
TXN101786,S003,2024-10-02,19:23,Wednesday,2,43.0,0.0,6.45,49.45,CASH,TAKEAWAY,3,15
TXN101787,S003,2024-10-02,19:14,Wednesday,4,63.0,0.0,9.45,72.45,CREDIT_CARD,TAKEAWAY,5,15
TXN101788,S003,2024-10-02,12:32,Wednesday,3,38.0,3.8,5.13,39.33,DIGITAL_WALLET,DINE_IN,2,14
TXN101789,S003,2024-10-02,18:36,Wednesday,2,51.0,0.0,7.65,58.65,MADA,DELIVERY,3,29
TXN101790,S003,2024-10-02,20:24,Wednesday,3,51.0,0.0,7.65,58.65,DIGITAL_WALLET,TAKEAWAY,2,11
TXN101791,S003,2024-10-02,13:00,Wednesday,4,62.0,0.0,9.3,71.3,DIGITAL_WALLET,DELIVERY,4,20
TXN101792,S003,2024-10-02,18:50,Wednesday,5,88.0,0.0,13.2,101.2,CREDIT_CARD,DELIVERY,4,32
TXN101793,S003,2024-10-02,19:50,Wednesday,2,38.0,0.0,5.7,43.7,DEBIT_CARD,DELIVERY,2,32
TXN101794,S003,2024-10-02,18:38,Wednesday,3,70.0,0.0,10.5,80.5,DIGITAL_WALLET,DRIVE_THRU,5,3
TXN101795,S003,2024-10-02,12:18,Wednesday,2,27.0,0.0,4.05,31.05,DIGITAL_WALLET,TAKEAWAY,4,7
TXN101796,S003,2024-10-02,19:39,Wednesday,1,28.0,0.0,4.2,32.2,CREDIT_CARD,DELIVERY,5,23
TXN101797,S003,2024-10-02,11:58,Wednesday,5,76.0,0.0,11.4,87.4,CASH,DINE_IN,3,14
TXN101798,S003,2024-10-02,16:25,Wednesday,3,46.0,0.0,6.9,52.9,CASH,DRIVE_THRU,4,5
TXN101799,S003,2024-10-02,14:50,Wednesday,4,78.0,0.0,11.7,89.7,CREDIT_CARD,TAKEAWAY,3,6
TXN101800,S003,2024-10-02,20:03,Wednesday,2,55.0,0.0,8.25,63.25,DIGITAL_WALLET,DELIVERY,4,31
TXN101801,S003,2024-10-02,18:46,Wednesday,2,36.0,0.0,5.4,41.4,DEBIT_CARD,DRIVE_THRU,4,5
TXN101802,S003,2024-10-02,21:11,Wednesday,2,44.0,0.0,6.6,50.6,CREDIT_CARD,DELIVERY,5,31
TXN101803,S003,2024-10-02,19:17,Wednesday,1,12.0,0.0,1.8,13.8,DEBIT_CARD,DELIVERY,5,29
TXN101804,S003,2024-10-02,18:21,Wednesday,3,74.0,0.0,11.1,85.1,CREDIT_CARD,DRIVE_THRU,5,6
TXN101805,S003,2024-10-02,13:34,Wednesday,3,40.0,0.0,6.0,46.0,CASH,TAKEAWAY,4,11
TXN101806,S003,2024-10-02,19:15,Wednesday,3,48.0,0.0,7.2,55.2,CASH,DRIVE_THRU,5,7
TXN101807,S003,2024-10-02,17:43,Wednesday,2,44.0,0.0,6.6,50.6,CASH,DINE_IN,5,6
TXN101808,S003,2024-10-02,18:24,Wednesday,5,103.0,0.0,15.45,118.45,CREDIT_CARD,DELIVERY,5,36
TXN101809,S003,2024-10-02,19:17,Wednesday,3,50.0,0.0,7.5,57.5,CASH,DINE_IN,5,15
TXN101810,S003,2024-10-02,19:32,Wednesday,1,15.0,0.0,2.25,17.25,MADA,DELIVERY,4,22
TXN101811,S003,2024-10-02,19:22,Wednesday,5,75.0,0.0,11.25,86.25,CASH,DRIVE_THRU,5,5
TXN101812,S003,2024-10-02,18:30,Wednesday,3,50.0,0.0,7.5,57.5,DEBIT_CARD,DRIVE_THRU,5,3
TXN101813,S003,2024-10-02,12:29,Wednesday,5,70.0,0.0,10.5,80.5,MADA,TAKEAWAY,5,13
TXN101814,S003,2024-10-02,16:09,Wednesday,4,81.0,0.0,12.15,93.15,DEBIT_CARD,TAKEAWAY,4,7
TXN101815,S003,2024-10-02,19:06,Wednesday,2,24.0,0.0,3.6,27.6,DIGITAL_WALLET,DRIVE_THRU,2,3
TXN101816,S003,2024-10-02,19:38,Wednesday,3,66.0,0.0,9.9,75.9,CREDIT_CARD,DRIVE_THRU,4,4
TXN101817,S003,2024-10-02,17:15,Wednesday,3,68.0,0.0,10.2,78.2,MADA,TAKEAWAY,2,7
TXN101818,S003,2024-10-02,21:36,Wednesday,2,34.0,0.0,5.1,39.1,CASH,DRIVE_THRU,3,3
TXN101819,S003,2024-10-02,10:07,Wednesday,1,30.0,0.0,4.5,34.5,CASH,DINE_IN,2,13
TXN101820,S003,2024-10-02,13:27,Wednesday,2,38.0,0.0,5.7,43.7,MADA,TAKEAWAY,5,6
TXN101821,S003,2024-10-02,08:05,Wednesday,4,87.0,0.0,13.05,100.05,CREDIT_CARD,DELIVERY,5,40
TXN101822,S003,2024-10-02,12:05,Wednesday,3,65.0,0.0,9.75,74.75,MADA,DRIVE_THRU,3,5
TXN101823,S003,2024-10-02,14:37,Wednesday,2,44.0,4.4,5.94,45.54,CREDIT_CARD,DINE_IN,4,11
TXN101824,S003,2024-10-02,20:00,Wednesday,2,35.0,0.0,5.25,40.25,MADA,TAKEAWAY,4,6
TXN101825,S003,2024-10-02,13:57,Wednesday,3,37.0,0.0,5.55,42.55,CASH,DINE_IN,1,15
TXN101826,S003,2024-10-02,13:23,Wednesday,2,42.0,0.0,6.3,48.3,CREDIT_CARD,DELIVERY,1,34
TXN101827,S003,2024-10-02,17:06,Wednesday,2,43.0,0.0,6.45,49.45,DIGITAL_WALLET,DINE_IN,4,5
TXN101828,S003,2024-10-02,13:35,Wednesday,4,63.0,0.0,9.45,72.45,CREDIT_CARD,TAKEAWAY,4,14
TXN101829,S003,2024-10-02,17:25,Wednesday,2,30.0,0.0,4.5,34.5,MADA,DRIVE_THRU,4,7
TXN101830,S003,2024-10-02,17:57,Wednesday,3,52.0,0.0,7.8,59.8,DIGITAL_WALLET,DINE_IN,4,10
TXN101831,S003,2024-10-02,19:27,Wednesday,2,44.0,0.0,6.6,50.6,DIGITAL_WALLET,DINE_IN,5,8
TXN101832,S003,2024-10-02,12:05,Wednesday,2,20.0,0.0,3.0,23.0,MADA,DRIVE_THRU,4,5
TXN101833,S003,2024-10-02,22:35,Wednesday,4,86.0,0.0,12.9,98.9,DEBIT_CARD,DELIVERY,4,23
TXN101834,S003,2024-10-02,15:29,Wednesday,2,44.0,0.0,6.6,50.6,DIGITAL_WALLET,DELIVERY,4,25
TXN101835,S003,2024-10-02,19:06,Wednesday,3,46.0,0.0,6.9,52.9,MADA,TAKEAWAY,5,11
TXN101836,S003,2024-10-02,13:10,Wednesday,2,22.0,0.0,3.3,25.3,CASH,TAKEAWAY,2,9
TXN101837,S003,2024-10-02,19:23,Wednesday,2,58.0,0.0,8.7,66.7,DEBIT_CARD,DELIVERY,4,21
TXN101838,S003,2024-10-02,13:49,Wednesday,3,72.0,0.0,10.8,82.8,DEBIT_CARD,TAKEAWAY,5,14
TXN101839,S003,2024-10-02,09:46,Wednesday,1,12.0,0.0,1.8,13.8,DEBIT_CARD,TAKEAWAY,4,5
TXN101840,S003,2024-10-02,15:13,Wednesday,4,71.0,0.0,10.65,81.65,MADA,DELIVERY,5,28
TXN101841,S003,2024-10-02,08:05,Wednesday,3,46.0,0.0,6.9,52.9,DEBIT_CARD,TAKEAWAY,4,7
TXN101842,S003,2024-10-02,23:04,Wednesday,2,18.0,1.8,2.43,18.63,CASH,DINE_IN,5,13
TXN101843,S003,2024-10-02,18:48,Wednesday,4,70.0,0.0,10.5,80.5,MADA,DRIVE_THRU,5,3
TXN101844,S003,2024-10-02,22:42,Wednesday,1,26.0,0.0,3.9,29.9,CASH,DELIVERY,4,34
TXN101845,S003,2024-10-02,10:36,Wednesday,2,38.0,0.0,5.7,43.7,DIGITAL_WALLET,DELIVERY,5,20
TXN101846,S003,2024-10-02,21:16,Wednesday,4,77.0,0.0,11.55,88.55,DEBIT_CARD,DELIVERY,4,40
TXN101847,S003,2024-10-02,12:36,Wednesday,3,41.0,0.0,6.15,47.15,DIGITAL_WALLET,DELIVERY,3,28
TXN101848,S003,2024-10-02,13:30,Wednesday,4,73.0,0.0,10.95,83.95,DIGITAL_WALLET,DRIVE_THRU,5,7
TXN101849,S003,2024-10-02,11:57,Wednesday,4,95.0,9.5,12.82,98.32,DEBIT_CARD,TAKEAWAY,4,7
TXN101850,S003,2024-10-02,10:57,Wednesday,2,20.0,0.0,3.0,23.0,MADA,DRIVE_THRU,4,4
TXN101851,S003,2024-10-02,14:03,Wednesday,3,48.0,4.8,6.48,49.68,DIGITAL_WALLET,TAKEAWAY,3,13
TXN101852,S003,2024-10-02,12:45,Wednesday,5,85.0,0.0,12.75,97.75,DEBIT_CARD,DRIVE_THRU,4,8
TXN101853,S003,2024-10-02,22:19,Wednesday,3,62.0,0.0,9.3,71.3,CASH,TAKEAWAY,5,9
TXN101854,S003,2024-10-02,18:25,Wednesday,2,28.0,0.0,4.2,32.2,DEBIT_CARD,TAKEAWAY,3,14
TXN101855,S003,2024-10-02,12:52,Wednesday,1,28.0,0.0,4.2,32.2,DEBIT_CARD,DELIVERY,3,35
TXN101856,S003,2024-10-02,18:19,Wednesday,3,62.0,0.0,9.3,71.3,CASH,DINE_IN,5,12
TXN101857,S003,2024-10-02,19:24,Wednesday,1,12.0,1.2,1.62,12.42,DEBIT_CARD,DELIVERY,5,34
TXN101858,S003,2024-10-02,18:03,Wednesday,3,64.0,0.0,9.6,73.6,MADA,DELIVERY,5,30
TXN101859,S003,2024-10-02,19:59,Wednesday,2,44.0,0.0,6.6,50.6,CASH,DINE_IN,5,7
TXN101860,S003,2024-10-02,14:20,Wednesday,4,66.0,0.0,9.9,75.9,DIGITAL_WALLET,DINE_IN,3,6
TXN101861,S003,2024-10-02,13:55,Wednesday,3,54.0,0.0,8.1,62.1,MADA,DELIVERY,2,29
TXN101862,S003,2024-10-02,10:53,Wednesday,3,68.0,0.0,10.2,78.2,MADA,DINE_IN,5,14
TXN101863,S003,2024-10-02,18:41,Wednesday,1,30.0,0.0,4.5,34.5,CASH,DINE_IN,1,11
TXN101864,S003,2024-10-02,13:43,Wednesday,3,83.0,0.0,12.45,95.45,MADA,DINE_IN,1,10
TXN101865,S003,2024-10-02,12:02,Wednesday,4,76.0,7.6,10.26,78.66,MADA,DELIVERY,5,23
TXN101866,S003,2024-10-02,21:41,Wednesday,2,28.0,0.0,4.2,32.2,MADA,DELIVERY,4,27
TXN101867,S003,2024-10-02,20:43,Wednesday,3,64.0,0.0,9.6,73.6,CASH,DINE_IN,4,12
TXN101868,S003,2024-10-02,18:36,Wednesday,1,28.0,0.0,4.2,32.2,DIGITAL_WALLET,DINE_IN,3,11
TXN101869,S003,2024-10-02,19:30,Wednesday,2,40.0,0.0,6.0,46.0,MADA,DELIVERY,5,24
TXN101870,S003,2024-10-02,19:13,Wednesday,3,55.0,0.0,8.25,63.25,DEBIT_CARD,DRIVE_THRU,2,6
TXN101871,S003,2024-10-02,16:24,Wednesday,4,76.0,0.0,11.4,87.4,DEBIT_CARD,DINE_IN,3,8
TXN101872,S003,2024-10-02,23:20,Wednesday,2,41.0,0.0,6.15,47.15,DIGITAL_WALLET,DELIVERY,3,21
TXN101873,S003,2024-10-02,18:42,Wednesday,4,84.0,0.0,12.6,96.6,CASH,DINE_IN,1,5
TXN101874,S003,2024-10-02,18:41,Wednesday,4,65.0,0.0,9.75,74.75,MADA,TAKEAWAY,4,8
TXN101875,S003,2024-10-02,08:56,Wednesday,4,71.0,0.0,10.65,81.65,CREDIT_CARD,DINE_IN,4,15
TXN101876,S003,2024-10-02,13:59,Wednesday,4,48.0,0.0,7.2,55.2,MADA,DRIVE_THRU,3,7
TXN101877,S003,2024-10-02,19:49,Wednesday,3,69.0,0.0,10.35,79.35,CREDIT_CARD,TAKEAWAY,5,7
TXN101878,S003,2024-10-02,19:56,Wednesday,3,34.0,0.0,5.1,39.1,CASH,DELIVERY,4,34
TXN101879,S003,2024-10-02,20:44,Wednesday,3,72.0,7.2,9.72,74.52,DEBIT_CARD,DRIVE_THRU,4,7
TXN101880,S003,2024-10-02,08:12,Wednesday,3,76.0,0.0,11.4,87.4,CREDIT_CARD,DINE_IN,4,13
TXN101881,S003,2024-10-02,19:33,Wednesday,3,50.0,0.0,7.5,57.5,DIGITAL_WALLET,DINE_IN,5,13
TXN101882,S003,2024-10-02,14:34,Wednesday,2,18.0,1.8,2.43,18.63,MADA,DELIVERY,4,34
TXN101883,S003,2024-10-02,18:30,Wednesday,2,42.0,0.0,6.3,48.3,MADA,DINE_IN,5,10
TXN101884,S003,2024-10-02,20:30,Wednesday,3,58.0,5.8,7.83,60.03,DIGITAL_WALLET,DRIVE_THRU,4,7
TXN101885,S003,2024-10-02,15:11,Wednesday,4,73.0,0.0,10.95,83.95,MADA,DRIVE_THRU,3,6
TXN101886,S003,2024-10-02,12:03,Wednesday,2,48.0,0.0,7.2,55.2,CREDIT_CARD,DRIVE_THRU,3,4
TXN101887,S003,2024-10-02,10:05,Wednesday,2,37.0,0.0,5.55,42.55,CREDIT_CARD,DINE_IN,2,10
TXN101888,S003,2024-10-02,18:45,Wednesday,2,40.0,0.0,6.0,46.0,CASH,DRIVE_THRU,2,4
TXN101889,S003,2024-10-02,22:17,Wednesday,4,78.0,0.0,11.7,89.7,DIGITAL_WALLET,TAKEAWAY,4,7
TXN101890,S003,2024-10-02,18:06,Wednesday,2,40.0,4.0,5.4,41.4,CREDIT_CARD,DINE_IN,4,5
TXN101891,S003,2024-10-02,14:25,Wednesday,2,40.0,0.0,6.0,46.0,MADA,DRIVE_THRU,5,6
TXN101892,S003,2024-10-02,15:22,Wednesday,2,50.0,0.0,7.5,57.5,CREDIT_CARD,DRIVE_THRU,5,8
TXN101893,S003,2024-10-02,09:10,Wednesday,5,94.0,0.0,14.1,108.1,MADA,DINE_IN,5,7
TXN101894,S003,2024-10-02,18:33,Wednesday,2,53.0,0.0,7.95,60.95,MADA,DELIVERY,2,32
TXN101895,S003,2024-10-02,13:09,Wednesday,3,77.0,0.0,11.55,88.55,MADA,DINE_IN,4,13
TXN101896,S003,2024-10-02,20:53,Wednesday,3,55.0,0.0,8.25,63.25,DIGITAL_WALLET,DRIVE_THRU,3,7
TXN101897,S003,2024-10-02,19:23,Wednesday,2,43.0,0.0,6.45,49.45,DEBIT_CARD,DELIVERY,5,34
TXN101898,S003,2024-10-02,21:25,Wednesday,5,93.0,0.0,13.95,106.95,DEBIT_CARD,DINE_IN,4,14
TXN101899,S003,2024-10-02,13:29,Wednesday,2,41.0,0.0,6.15,47.15,CASH,DINE_IN,4,7
TXN101900,S003,2024-10-02,12:50,Wednesday,3,44.0,0.0,6.6,50.6,DEBIT_CARD,DRIVE_THRU,3,7
TXN101901,S003,2024-10-02,19:40,Wednesday,4,80.0,0.0,12.0,92.0,DIGITAL_WALLET,DRIVE_THRU,5,8
TXN101902,S003,2024-10-02,13:52,Wednesday,3,40.0,0.0,6.0,46.0,DEBIT_CARD,DRIVE_THRU,3,5
TXN101903,S003,2024-10-02,19:56,Wednesday,2,37.0,0.0,5.55,42.55,CREDIT_CARD,DELIVERY,5,31
TXN101904,S003,2024-10-02,17:14,Wednesday,2,58.0,0.0,8.7,66.7,CREDIT_CARD,DINE_IN,3,10
TXN101905,S003,2024-10-02,19:33,Wednesday,3,63.0,0.0,9.45,72.45,DIGITAL_WALLET,TAKEAWAY,5,14
TXN101906,S003,2024-10-02,18:31,Wednesday,2,27.0,0.0,4.05,31.05,DEBIT_CARD,DELIVERY,5,31
TXN101907,S003,2024-10-02,22:27,Wednesday,2,37.0,0.0,5.55,42.55,MADA,TAKEAWAY,5,6
TXN101908,S003,2024-10-02,14:57,Wednesday,2,58.0,0.0,8.7,66.7,DEBIT_CARD,DINE_IN,4,5
TXN101909,S003,2024-10-02,18:59,Wednesday,4,83.0,0.0,12.45,95.45,CREDIT_CARD,TAKEAWAY,4,10
TXN101910,S003,2024-10-02,19:23,Wednesday,3,52.0,0.0,7.8,59.8,CREDIT_CARD,DINE_IN,4,9
TXN101911,S003,2024-10-02,12:23,Wednesday,4,101.0,0.0,15.15,116.15,DEBIT_CARD,DINE_IN,5,9
TXN101912,S003,2024-10-02,18:37,Wednesday,2,41.0,0.0,6.15,47.15,DEBIT_CARD,DELIVERY,5,26
TXN101913,S003,2024-10-02,19:03,Wednesday,3,57.0,0.0,8.55,65.55,CASH,DINE_IN,4,15
TXN101914,S003,2024-10-02,19:31,Wednesday,4,80.0,8.0,10.8,82.8,MADA,TAKEAWAY,3,13
TXN101915,S003,2024-10-02,13:10,Wednesday,2,37.0,0.0,5.55,42.55,CREDIT_CARD,TAKEAWAY,5,13
TXN101916,S003,2024-10-02,19:16,Wednesday,2,22.0,0.0,3.3,25.3,DIGITAL_WALLET,DINE_IN,3,8
TXN101917,S003,2024-10-02,18:10,Wednesday,4,63.0,0.0,9.45,72.45,CREDIT_CARD,DRIVE_THRU,5,6
TXN101918,S003,2024-10-02,15:36,Wednesday,3,37.0,0.0,5.55,42.55,DIGITAL_WALLET,DINE_IN,3,5
TXN101919,S003,2024-10-02,18:02,Wednesday,4,60.0,0.0,9.0,69.0,CASH,DINE_IN,5,10
TXN101920,S003,2024-10-02,13:33,Wednesday,3,50.0,0.0,7.5,57.5,DIGITAL_WALLET,DRIVE_THRU,5,3
TXN101921,S003,2024-10-02,13:20,Wednesday,3,77.0,7.7,10.39,79.69,DEBIT_CARD,DRIVE_THRU,5,8
TXN101922,S003,2024-10-02,19:49,Wednesday,4,67.0,0.0,10.05,77.05,CASH,DRIVE_THRU,3,6
TXN101923,S003,2024-10-02,18:22,Wednesday,3,49.0,0.0,7.35,56.35,CASH,DRIVE_THRU,4,8
TXN101924,S003,2024-10-02,19:50,Wednesday,2,36.0,0.0,5.4,41.4,DEBIT_CARD,DRIVE_THRU,5,4
TXN101925,S003,2024-10-02,12:40,Wednesday,3,60.0,0.0,9.0,69.0,MADA,DRIVE_THRU,1,5
TXN101926,S003,2024-10-02,19:44,Wednesday,3,50.0,0.0,7.5,57.5,DIGITAL_WALLET,TAKEAWAY,3,10
TXN101927,S003,2024-10-02,22:30,Wednesday,2,36.0,0.0,5.4,41.4,CASH,DRIVE_THRU,4,6
TXN101928,S003,2024-10-02,19:07,Wednesday,4,99.0,9.9,13.36,102.46,DIGITAL_WALLET,DINE_IN,3,6
TXN101929,S003,2024-10-02,13:54,Wednesday,5,92.0,0.0,13.8,105.8,DIGITAL_WALLET,TAKEAWAY,5,9
TXN101930,S003,2024-10-02,17:16,Wednesday,4,62.0,0.0,9.3,71.3,CREDIT_CARD,DRIVE_THRU,3,4
TXN101931,S003,2024-10-02,22:09,Wednesday,2,34.0,3.4,4.59,35.19,CASH,DELIVERY,4,24
TXN101932,S003,2024-10-02,13:42,Wednesday,4,66.0,0.0,9.9,75.9,DEBIT_CARD,TAKEAWAY,2,7
TXN101933,S003,2024-10-02,19:39,Wednesday,5,93.0,0.0,13.95,106.95,DIGITAL_WALLET,DRIVE_THRU,2,8
TXN101934,S003,2024-10-02,11:03,Wednesday,2,24.0,0.0,3.6,27.6,CREDIT_CARD,DINE_IN,4,10
TXN101935,S003,2024-10-02,12:35,Wednesday,4,62.0,0.0,9.3,71.3,CASH,DRIVE_THRU,5,4
TXN101936,S003,2024-10-02,14:03,Wednesday,3,52.0,0.0,7.8,59.8,DIGITAL_WALLET,DELIVERY,4,30
TXN101937,S003,2024-10-02,19:50,Wednesday,3,45.0,0.0,6.75,51.75,CREDIT_CARD,DINE_IN,4,11
TXN101938,S003,2024-10-02,22:17,Wednesday,1,18.0,0.0,2.7,20.7,DEBIT_CARD,DELIVERY,4,20
TXN101939,S003,2024-10-02,18:42,Wednesday,1,10.0,0.0,1.5,11.5,CREDIT_CARD,DELIVERY,4,35
TXN101940,S003,2024-10-02,13:11,Wednesday,1,28.0,0.0,4.2,32.2,CASH,DELIVERY,3,25
TXN101941,S003,2024-10-02,18:04,Wednesday,3,56.0,0.0,8.4,64.4,CASH,DRIVE_THRU,4,4
TXN101942,S003,2024-10-02,18:48,Wednesday,3,45.0,0.0,6.75,51.75,DIGITAL_WALLET,TAKEAWAY,2,13
TXN101943,S003,2024-10-02,15:04,Wednesday,2,22.0,0.0,3.3,25.3,MADA,DRIVE_THRU,3,8
TXN101944,S003,2024-10-02,13:48,Wednesday,1,10.0,0.0,1.5,11.5,MADA,TAKEAWAY,5,11
TXN101945,S003,2024-10-02,13:53,Wednesday,3,60.0,0.0,9.0,69.0,DEBIT_CARD,DRIVE_THRU,3,3
TXN101946,S003,2024-10-02,18:24,Wednesday,2,58.0,0.0,8.7,66.7,MADA,DELIVERY,3,23
TXN101947,S003,2024-10-02,12:10,Wednesday,2,42.0,0.0,6.3,48.3,DEBIT_CARD,TAKEAWAY,5,9
TXN101948,S003,2024-10-02,23:36,Wednesday,3,65.0,0.0,9.75,74.75,CASH,DRIVE_THRU,4,7
TXN101949,S003,2024-10-02,15:19,Wednesday,2,27.0,0.0,4.05,31.05,DEBIT_CARD,TAKEAWAY,4,9
TXN101950,S003,2024-10-02,20:05,Wednesday,3,55.0,0.0,8.25,63.25,CASH,DELIVERY,5,21
TXN101951,S003,2024-10-02,09:15,Wednesday,2,40.0,0.0,6.0,46.0,CASH,TAKEAWAY,5,14
TXN101952,S003,2024-10-02,14:11,Wednesday,5,92.0,0.0,13.8,105.8,DIGITAL_WALLET,DRIVE_THRU,4,3
TXN101953,S003,2024-10-02,18:37,Wednesday,3,64.0,0.0,9.6,73.6,CREDIT_CARD,DRIVE_THRU,4,8
TXN101954,S003,2024-10-02,12:19,Wednesday,2,42.0,0.0,6.3,48.3,MADA,DELIVERY,4,31
TXN101955,S003,2024-10-02,20:26,Wednesday,3,65.0,0.0,9.75,74.75,DEBIT_CARD,DRIVE_THRU,4,5
TXN101956,S003,2024-10-02,19:50,Wednesday,4,95.0,0.0,14.25,109.25,CREDIT_CARD,DELIVERY,4,34
TXN101957,S003,2024-10-02,13:36,Wednesday,4,76.0,0.0,11.4,87.4,MADA,DRIVE_THRU,3,3
TXN101958,S003,2024-10-02,18:32,Wednesday,3,60.0,0.0,9.0,69.0,MADA,DELIVERY,3,25
TXN101959,S003,2024-10-02,11:00,Wednesday,5,94.0,0.0,14.1,108.1,DIGITAL_WALLET,DINE_IN,4,9
TXN101960,S003,2024-10-02,20:33,Wednesday,2,37.0,0.0,5.55,42.55,DIGITAL_WALLET,DELIVERY,4,38
TXN101961,S003,2024-10-02,12:49,Wednesday,2,58.0,5.8,7.83,60.03,DEBIT_CARD,TAKEAWAY,5,11
TXN101962,S003,2024-10-02,20:09,Wednesday,3,76.0,0.0,11.4,87.4,CREDIT_CARD,DELIVERY,3,23
TXN101963,S003,2024-10-02,12:55,Wednesday,3,33.0,0.0,4.95,37.95,DIGITAL_WALLET,DRIVE_THRU,4,5
TXN101964,S003,2024-10-02,18:53,Wednesday,3,51.0,0.0,7.65,58.65,CASH,DRIVE_THRU,5,5
TXN101965,S003,2024-10-02,18:35,Wednesday,2,35.0,0.0,5.25,40.25,CREDIT_CARD,DINE_IN,3,13
TXN101966,S003,2024-10-02,17:03,Wednesday,4,96.0,0.0,14.4,110.4,CREDIT_CARD,DINE_IN,5,8
TXN101967,S003,2024-10-02,13:18,Wednesday,2,45.0,0.0,6.75,51.75,CASH,DELIVERY,4,34
TXN101968,S003,2024-10-02,19:26,Wednesday,3,37.0,0.0,5.55,42.55,MADA,DINE_IN,2,15
TXN101969,S003,2024-10-02,13:45,Wednesday,4,86.0,0.0,12.9,98.9,CASH,TAKEAWAY,4,9
TXN101970,S003,2024-10-02,10:16,Wednesday,2,53.0,0.0,7.95,60.95,DEBIT_CARD,DINE_IN,3,13
TXN101971,S003,2024-10-02,19:53,Wednesday,2,54.0,0.0,8.1,62.1,MADA,DELIVERY,4,30
TXN101972,S004,2024-10-02,15:21,Wednesday,3,68.0,0.0,10.2,78.2,CREDIT_CARD,DRIVE_THRU,1,3
TXN101973,S004,2024-10-02,12:25,Wednesday,3,74.0,0.0,11.1,85.1,CREDIT_CARD,DINE_IN,3,9
TXN101974,S004,2024-10-02,14:28,Wednesday,1,10.0,0.0,1.5,11.5,DIGITAL_WALLET,TAKEAWAY,4,5
TXN101975,S004,2024-10-02,14:27,Wednesday,2,30.0,0.0,4.5,34.5,DEBIT_CARD,DRIVE_THRU,5,3
TXN101976,S004,2024-10-02,12:41,Wednesday,2,60.0,0.0,9.0,69.0,CREDIT_CARD,DRIVE_THRU,5,7
TXN101977,S004,2024-10-02,19:52,Wednesday,3,68.0,0.0,10.2,78.2,CREDIT_CARD,DINE_IN,3,9
TXN101978,S004,2024-10-02,15:51,Wednesday,3,70.0,0.0,10.5,80.5,CREDIT_CARD,DRIVE_THRU,5,4
TXN101979,S004,2024-10-02,13:56,Wednesday,2,27.0,0.0,4.05,31.05,DEBIT_CARD,TAKEAWAY,5,6
TXN101980,S004,2024-10-02,19:30,Wednesday,3,32.0,0.0,4.8,36.8,DIGITAL_WALLET,DINE_IN,5,14
TXN101981,S004,2024-10-02,21:11,Wednesday,4,61.0,0.0,9.15,70.15,DIGITAL_WALLET,DRIVE_THRU,5,6
TXN101982,S004,2024-10-02,18:21,Wednesday,3,70.0,0.0,10.5,80.5,CASH,DELIVERY,4,37
TXN101983,S004,2024-10-02,13:16,Wednesday,4,78.0,0.0,11.7,89.7,CREDIT_CARD,TAKEAWAY,4,6
TXN101984,S004,2024-10-02,19:06,Wednesday,2,60.0,0.0,9.0,69.0,DIGITAL_WALLET,DINE_IN,4,10
TXN101985,S004,2024-10-02,22:35,Wednesday,3,56.0,0.0,8.4,64.4,CASH,TAKEAWAY,5,12
TXN101986,S004,2024-10-02,13:02,Wednesday,4,84.0,0.0,12.6,96.6,MADA,DELIVERY,5,25
TXN101987,S004,2024-10-02,18:47,Wednesday,4,80.0,0.0,12.0,92.0,DIGITAL_WALLET,TAKEAWAY,5,8
TXN101988,S004,2024-10-02,12:29,Wednesday,2,38.0,0.0,5.7,43.7,CREDIT_CARD,DRIVE_THRU,3,4
TXN101989,S004,2024-10-02,13:20,Wednesday,3,58.0,0.0,8.7,66.7,CREDIT_CARD,DRIVE_THRU,5,3
TXN101990,S004,2024-10-02,18:52,Wednesday,2,35.0,0.0,5.25,40.25,CASH,DELIVERY,4,36
TXN101991,S004,2024-10-02,16:38,Wednesday,3,63.0,0.0,9.45,72.45,CREDIT_CARD,DINE_IN,5,14
TXN101992,S004,2024-10-02,18:49,Wednesday,3,60.0,0.0,9.0,69.0,DEBIT_CARD,DRIVE_THRU,5,6
TXN101993,S004,2024-10-02,16:39,Wednesday,3,53.0,0.0,7.95,60.95,CREDIT_CARD,DRIVE_THRU,5,7
TXN101994,S004,2024-10-02,19:26,Wednesday,2,38.0,0.0,5.7,43.7,DIGITAL_WALLET,DELIVERY,5,25
TXN101995,S004,2024-10-02,20:36,Wednesday,2,47.0,0.0,7.05,54.05,DEBIT_CARD,DINE_IN,3,14
TXN101996,S004,2024-10-02,12:41,Wednesday,2,36.0,0.0,5.4,41.4,DEBIT_CARD,DINE_IN,3,11
TXN101997,S004,2024-10-02,12:09,Wednesday,3,40.0,0.0,6.0,46.0,DIGITAL_WALLET,DRIVE_THRU,4,8
TXN101998,S004,2024-10-02,19:41,Wednesday,3,69.0,6.9,9.31,71.41,DIGITAL_WALLET,DINE_IN,4,9
TXN101999,S004,2024-10-02,18:01,Wednesday,3,50.0,0.0,7.5,57.5,CASH,DRIVE_THRU,5,3
TXN102000,S004,2024-10-02,10:36,Wednesday,3,88.0,0.0,13.2,101.2,CASH,DRIVE_THRU,5,3
TXN102001,S004,2024-10-02,21:11,Wednesday,4,75.0,0.0,11.25,86.25,MADA,DRIVE_THRU,5,7
TXN102002,S004,2024-10-02,14:31,Wednesday,5,113.0,0.0,16.95,129.95,MADA,DINE_IN,4,9
TXN102003,S004,2024-10-02,19:53,Wednesday,4,79.0,0.0,11.85,90.85,MADA,TAKEAWAY,4,13
TXN102004,S004,2024-10-02,15:53,Wednesday,2,25.0,0.0,3.75,28.75,DEBIT_CARD,TAKEAWAY,5,6
TXN102005,S004,2024-10-02,18:46,Wednesday,2,37.0,0.0,5.55,42.55,MADA,DRIVE_THRU,5,6
TXN102006,S004,2024-10-02,19:11,Wednesday,1,26.0,2.6,3.51,26.91,CASH,DINE_IN,4,14
TXN102007,S004,2024-10-02,12:13,Wednesday,4,77.0,0.0,11.55,88.55,MADA,DINE_IN,3,14
TXN102008,S004,2024-10-02,14:52,Wednesday,4,65.0,0.0,9.75,74.75,MADA,DINE_IN,5,13
TXN102009,S004,2024-10-02,18:07,Wednesday,3,68.0,0.0,10.2,78.2,DIGITAL_WALLET,TAKEAWAY,2,7
TXN102010,S004,2024-10-02,18:03,Wednesday,1,30.0,0.0,4.5,34.5,MADA,DELIVERY,3,32
TXN102011,S004,2024-10-02,12:06,Wednesday,1,12.0,1.2,1.62,12.42,CREDIT_CARD,DELIVERY,4,36
TXN102012,S004,2024-10-02,20:35,Wednesday,3,44.0,0.0,6.6,50.6,MADA,DRIVE_THRU,5,7
TXN102013,S004,2024-10-02,19:03,Wednesday,1,15.0,0.0,2.25,17.25,DIGITAL_WALLET,DRIVE_THRU,5,6
TXN102014,S004,2024-10-02,21:54,Wednesday,2,38.0,0.0,5.7,43.7,MADA,TAKEAWAY,5,8
TXN102015,S004,2024-10-02,12:30,Wednesday,3,50.0,0.0,7.5,57.5,CASH,TAKEAWAY,3,12
TXN102016,S004,2024-10-02,11:27,Wednesday,3,70.0,0.0,10.5,80.5,MADA,DRIVE_THRU,3,4
TXN102017,S004,2024-10-02,19:09,Wednesday,1,8.0,0.0,1.2,9.2,CREDIT_CARD,DELIVERY,5,34
TXN102018,S004,2024-10-02,19:46,Wednesday,4,58.0,0.0,8.7,66.7,DIGITAL_WALLET,TAKEAWAY,4,15
TXN102019,S004,2024-10-02,10:48,Wednesday,3,54.0,5.4,7.29,55.89,MADA,DINE_IN,5,9
TXN102020,S004,2024-10-02,12:04,Wednesday,3,40.0,0.0,6.0,46.0,CASH,TAKEAWAY,5,6
TXN102021,S004,2024-10-02,13:37,Wednesday,3,50.0,0.0,7.5,57.5,DEBIT_CARD,DELIVERY,5,25
TXN102022,S004,2024-10-02,19:01,Wednesday,5,79.0,0.0,11.85,90.85,DIGITAL_WALLET,TAKEAWAY,5,14
TXN102023,S004,2024-10-02,19:36,Wednesday,4,78.0,0.0,11.7,89.7,MADA,DRIVE_THRU,4,4
TXN102024,S004,2024-10-02,18:42,Wednesday,3,52.0,0.0,7.8,59.8,CREDIT_CARD,DINE_IN,4,15
TXN102025,S004,2024-10-02,15:48,Wednesday,3,58.0,5.8,7.83,60.03,DIGITAL_WALLET,TAKEAWAY,4,13
TXN102026,S004,2024-10-02,08:50,Wednesday,3,49.0,0.0,7.35,56.35,DEBIT_CARD,DELIVERY,4,22
TXN102027,S004,2024-10-02,21:12,Wednesday,4,80.0,0.0,12.0,92.0,DEBIT_CARD,TAKEAWAY,4,15
TXN102028,S004,2024-10-02,13:25,Wednesday,3,50.0,0.0,7.5,57.5,DEBIT_CARD,DINE_IN,4,10
TXN102029,S004,2024-10-02,08:38,Wednesday,2,20.0,0.0,3.0,23.0,CASH,DELIVERY,5,23
TXN102030,S004,2024-10-02,19:02,Wednesday,2,38.0,3.8,5.13,39.33,DIGITAL_WALLET,DELIVERY,4,21
TXN102031,S004,2024-10-02,09:34,Wednesday,2,33.0,0.0,4.95,37.95,CASH,DRIVE_THRU,1,7
TXN102032,S004,2024-10-02,18:12,Wednesday,4,75.0,0.0,11.25,86.25,MADA,DRIVE_THRU,4,8
TXN102033,S004,2024-10-02,15:53,Wednesday,4,65.0,0.0,9.75,74.75,CREDIT_CARD,DINE_IN,3,12
TXN102034,S004,2024-10-02,19:58,Wednesday,1,28.0,0.0,4.2,32.2,DEBIT_CARD,TAKEAWAY,5,11
TXN102035,S004,2024-10-02,11:56,Wednesday,4,86.0,0.0,12.9,98.9,DEBIT_CARD,TAKEAWAY,4,13
TXN102036,S004,2024-10-02,13:36,Wednesday,2,20.0,0.0,3.0,23.0,DEBIT_CARD,TAKEAWAY,4,5
TXN102037,S004,2024-10-02,16:30,Wednesday,4,80.0,0.0,12.0,92.0,DIGITAL_WALLET,DINE_IN,2,15
TXN102038,S004,2024-10-02,19:27,Wednesday,2,42.0,4.2,5.67,43.47,DEBIT_CARD,DELIVERY,4,28
TXN102039,S004,2024-10-02,12:38,Wednesday,4,62.0,0.0,9.3,71.3,MADA,TAKEAWAY,5,10
TXN102040,S004,2024-10-02,12:02,Wednesday,2,58.0,0.0,8.7,66.7,DEBIT_CARD,TAKEAWAY,5,7
TXN102041,S004,2024-10-02,13:27,Wednesday,4,96.0,0.0,14.4,110.4,CREDIT_CARD,DELIVERY,4,20
TXN102042,S004,2024-10-02,12:19,Wednesday,3,48.0,0.0,7.2,55.2,DEBIT_CARD,DELIVERY,4,39
TXN102043,S004,2024-10-02,14:10,Wednesday,1,30.0,0.0,4.5,34.5,DEBIT_CARD,DINE_IN,4,6
TXN102044,S004,2024-10-02,22:18,Wednesday,2,40.0,0.0,6.0,46.0,MADA,DINE_IN,1,8
TXN102045,S004,2024-10-02,13:42,Wednesday,2,42.0,0.0,6.3,48.3,DIGITAL_WALLET,DRIVE_THRU,5,8
TXN102046,S004,2024-10-02,12:29,Wednesday,3,48.0,0.0,7.2,55.2,CREDIT_CARD,DELIVERY,4,30
TXN102047,S004,2024-10-02,17:10,Wednesday,2,37.0,0.0,5.55,42.55,DEBIT_CARD,DRIVE_THRU,5,5
TXN102048,S004,2024-10-02,11:07,Wednesday,5,76.0,7.6,10.26,78.66,DEBIT_CARD,DINE_IN,4,15
TXN102049,S004,2024-10-02,10:19,Wednesday,3,49.0,0.0,7.35,56.35,DIGITAL_WALLET,DRIVE_THRU,5,8
TXN102050,S004,2024-10-02,12:49,Wednesday,2,20.0,0.0,3.0,23.0,DEBIT_CARD,DINE_IN,5,12
TXN102051,S004,2024-10-02,11:37,Wednesday,2,30.0,0.0,4.5,34.5,DEBIT_CARD,DRIVE_THRU,2,4
TXN102052,S004,2024-10-02,16:34,Wednesday,1,30.0,0.0,4.5,34.5,CREDIT_CARD,TAKEAWAY,3,6
TXN102053,S004,2024-10-02,18:15,Wednesday,4,67.0,0.0,10.05,77.05,MADA,TAKEAWAY,4,7
TXN102054,S004,2024-10-02,19:35,Wednesday,1,26.0,0.0,3.9,29.9,DIGITAL_WALLET,DRIVE_THRU,1,7
TXN102055,S004,2024-10-02,14:20,Wednesday,3,68.0,0.0,10.2,78.2,DEBIT_CARD,TAKEAWAY,4,15
TXN102056,S004,2024-10-02,12:20,Wednesday,3,48.0,0.0,7.2,55.2,MADA,DINE_IN,4,15
TXN102057,S004,2024-10-02,15:18,Wednesday,2,27.0,2.7,3.65,27.95,DIGITAL_WALLET,TAKEAWAY,5,7
TXN102058,S004,2024-10-02,18:25,Wednesday,3,87.0,0.0,13.05,100.05,DIGITAL_WALLET,DRIVE_THRU,4,7
TXN102059,S004,2024-10-02,12:24,Wednesday,3,50.0,5.0,6.75,51.75,MADA,DINE_IN,5,6
TXN102060,S004,2024-10-02,10:38,Wednesday,3,60.0,6.0,8.1,62.1,CREDIT_CARD,DELIVERY,3,22
TXN102061,S004,2024-10-02,17:26,Wednesday,3,61.0,0.0,9.15,70.15,DIGITAL_WALLET,DELIVERY,5,36
TXN102062,S004,2024-10-02,19:19,Wednesday,3,42.0,0.0,6.3,48.3,DIGITAL_WALLET,DRIVE_THRU,4,5
TXN102063,S004,2024-10-02,19:56,Wednesday,3,40.0,0.0,6.0,46.0,CREDIT_CARD,DINE_IN,5,5
TXN102064,S004,2024-10-02,12:04,Wednesday,3,38.0,0.0,5.7,43.7,CASH,DRIVE_THRU,4,7
TXN102065,S004,2024-10-02,12:38,Wednesday,4,82.0,0.0,12.3,94.3,MADA,DELIVERY,5,28
TXN102066,S004,2024-10-02,20:51,Wednesday,1,25.0,0.0,3.75,28.75,CREDIT_CARD,TAKEAWAY,4,7
TXN102067,S004,2024-10-02,17:25,Wednesday,5,126.0,0.0,18.9,144.9,MADA,DELIVERY,5,37
TXN102068,S004,2024-10-02,11:05,Wednesday,3,38.0,3.8,5.13,39.33,DEBIT_CARD,DINE_IN,5,5
TXN102069,S004,2024-10-02,19:39,Wednesday,3,54.0,0.0,8.1,62.1,DIGITAL_WALLET,TAKEAWAY,4,10
TXN102070,S004,2024-10-02,13:35,Wednesday,4,75.0,0.0,11.25,86.25,DEBIT_CARD,DINE_IN,5,15
TXN102071,S004,2024-10-02,13:32,Wednesday,3,50.0,0.0,7.5,57.5,DEBIT_CARD,DRIVE_THRU,3,6
TXN102072,S004,2024-10-02,09:47,Wednesday,2,48.0,0.0,7.2,55.2,CASH,DINE_IN,4,13
TXN102073,S004,2024-10-02,12:36,Wednesday,5,111.0,0.0,16.65,127.65,DIGITAL_WALLET,DINE_IN,4,13
TXN102074,S004,2024-10-02,13:34,Wednesday,4,93.0,0.0,13.95,106.95,CREDIT_CARD,DELIVERY,3,34
TXN102075,S004,2024-10-02,12:04,Wednesday,4,60.0,0.0,9.0,69.0,DIGITAL_WALLET,DRIVE_THRU,5,3
TXN102076,S004,2024-10-02,12:22,Wednesday,3,43.0,0.0,6.45,49.45,DEBIT_CARD,DRIVE_THRU,5,3
TXN102077,S004,2024-10-02,18:40,Wednesday,2,25.0,2.5,3.38,25.88,DEBIT_CARD,TAKEAWAY,5,6
TXN102078,S004,2024-10-02,18:55,Wednesday,2,45.0,0.0,6.75,51.75,MADA,DRIVE_THRU,4,3
TXN102079,S004,2024-10-02,11:18,Wednesday,2,30.0,3.0,4.05,31.05,CREDIT_CARD,DRIVE_THRU,4,4
TXN102080,S004,2024-10-02,15:54,Wednesday,2,33.0,0.0,4.95,37.95,DIGITAL_WALLET,TAKEAWAY,1,8
TXN102081,S004,2024-10-02,13:33,Wednesday,1,25.0,0.0,3.75,28.75,DIGITAL_WALLET,DINE_IN,2,6
TXN102082,S004,2024-10-02,18:44,Wednesday,3,52.0,0.0,7.8,59.8,DEBIT_CARD,TAKEAWAY,5,5
TXN102083,S004,2024-10-02,22:07,Wednesday,1,12.0,0.0,1.8,13.8,CASH,DRIVE_THRU,4,4
TXN102084,S004,2024-10-02,08:09,Wednesday,3,71.0,0.0,10.65,81.65,MADA,DINE_IN,4,9
TXN102085,S004,2024-10-02,18:29,Wednesday,2,48.0,0.0,7.2,55.2,CREDIT_CARD,DINE_IN,4,14
TXN102086,S004,2024-10-02,19:26,Wednesday,3,55.0,0.0,8.25,63.25,CASH,DRIVE_THRU,3,7
TXN102087,S004,2024-10-02,19:17,Wednesday,4,55.0,0.0,8.25,63.25,DEBIT_CARD,DINE_IN,5,8
TXN102088,S004,2024-10-02,19:49,Wednesday,2,22.0,0.0,3.3,25.3,DIGITAL_WALLET,DINE_IN,4,8
TXN102089,S004,2024-10-02,09:27,Wednesday,4,67.0,0.0,10.05,77.05,DEBIT_CARD,DINE_IN,3,8
TXN102090,S004,2024-10-02,18:48,Wednesday,3,52.0,0.0,7.8,59.8,DIGITAL_WALLET,TAKEAWAY,5,10
TXN102091,S004,2024-10-02,21:14,Wednesday,3,70.0,0.0,10.5,80.5,DIGITAL_WALLET,DINE_IN,5,6
TXN102092,S004,2024-10-02,12:00,Wednesday,3,60.0,0.0,9.0,69.0,DIGITAL_WALLET,DINE_IN,3,7
TXN102093,S004,2024-10-02,13:22,Wednesday,2,54.0,0.0,8.1,62.1,CASH,DRIVE_THRU,5,4
TXN102094,S004,2024-10-02,20:39,Wednesday,1,12.0,0.0,1.8,13.8,DIGITAL_WALLET,DRIVE_THRU,1,5
TXN102095,S004,2024-10-02,10:03,Wednesday,3,55.0,5.5,7.42,56.92,CREDIT_CARD,DRIVE_THRU,4,4
TXN102096,S004,2024-10-02,19:41,Wednesday,1,18.0,0.0,2.7,20.7,MADA,DELIVERY,3,40
TXN102097,S004,2024-10-02,20:09,Wednesday,4,58.0,0.0,8.7,66.7,DIGITAL_WALLET,DELIVERY,5,38
TXN102098,S004,2024-10-02,14:11,Wednesday,2,44.0,0.0,6.6,50.6,CREDIT_CARD,DRIVE_THRU,4,5
TXN102099,S004,2024-10-02,19:44,Wednesday,3,71.0,7.1,9.58,73.48,MADA,DINE_IN,2,9
TXN102100,S004,2024-10-02,13:27,Wednesday,1,15.0,0.0,2.25,17.25,DIGITAL_WALLET,DINE_IN,3,11
TXN102101,S004,2024-10-02,15:41,Wednesday,2,54.0,5.4,7.29,55.89,DEBIT_CARD,DRIVE_THRU,4,6
TXN102102,S004,2024-10-02,19:04,Wednesday,3,53.0,0.0,7.95,60.95,CASH,DELIVERY,4,39
TXN102103,S004,2024-10-02,13:03,Wednesday,1,30.0,0.0,4.5,34.5,MADA,DINE_IN,2,12
TXN102104,S004,2024-10-02,12:29,Wednesday,1,28.0,0.0,4.2,32.2,CREDIT_CARD,DRIVE_THRU,3,4
TXN102105,S004,2024-10-02,17:24,Wednesday,3,30.0,0.0,4.5,34.5,DIGITAL_WALLET,TAKEAWAY,3,6
TXN102106,S004,2024-10-02,09:52,Wednesday,2,35.0,0.0,5.25,40.25,CASH,TAKEAWAY,3,7
TXN102107,S004,2024-10-02,17:04,Wednesday,3,65.0,0.0,9.75,74.75,DIGITAL_WALLET,DINE_IN,5,7
TXN102108,S004,2024-10-02,19:48,Wednesday,2,36.0,0.0,5.4,41.4,CASH,TAKEAWAY,1,10
TXN102109,S004,2024-10-02,12:58,Wednesday,3,86.0,0.0,12.9,98.9,DEBIT_CARD,TAKEAWAY,5,12
TXN102110,S004,2024-10-02,20:24,Wednesday,3,68.0,0.0,10.2,78.2,DEBIT_CARD,DELIVERY,3,24
TXN102111,S004,2024-10-02,15:05,Wednesday,3,51.0,5.1,6.88,52.78,CREDIT_CARD,DELIVERY,5,31
TXN102112,S004,2024-10-02,18:22,Wednesday,2,54.0,0.0,8.1,62.1,MADA,DINE_IN,4,13
TXN102113,S004,2024-10-02,18:53,Wednesday,1,15.0,0.0,2.25,17.25,DIGITAL_WALLET,DELIVERY,5,37
TXN102114,S004,2024-10-02,20:16,Wednesday,3,33.0,0.0,4.95,37.95,DIGITAL_WALLET,TAKEAWAY,5,5
TXN102115,S004,2024-10-02,16:17,Wednesday,2,53.0,0.0,7.95,60.95,CREDIT_CARD,TAKEAWAY,5,13
TXN102116,S004,2024-10-02,22:36,Wednesday,2,40.0,0.0,6.0,46.0,MADA,DRIVE_THRU,3,5
TXN102117,S004,2024-10-02,10:25,Wednesday,3,48.0,0.0,7.2,55.2,CREDIT_CARD,DRIVE_THRU,5,4
TXN102118,S004,2024-10-02,13:17,Wednesday,3,65.0,0.0,9.75,74.75,CASH,DRIVE_THRU,4,7
TXN102119,S004,2024-10-02,14:17,Wednesday,3,64.0,6.4,8.64,66.24,CREDIT_CARD,DRIVE_THRU,5,6
TXN102120,S004,2024-10-02,18:47,Wednesday,2,38.0,0.0,5.7,43.7,CASH,DRIVE_THRU,5,3
TXN102121,S004,2024-10-02,10:01,Wednesday,3,70.0,0.0,10.5,80.5,DIGITAL_WALLET,TAKEAWAY,4,6
TXN102122,S004,2024-10-02,18:00,Wednesday,3,60.0,0.0,9.0,69.0,CASH,TAKEAWAY,5,5
TXN102123,S004,2024-10-02,18:54,Wednesday,4,89.0,0.0,13.35,102.35,DIGITAL_WALLET,DRIVE_THRU,5,8
TXN102124,S004,2024-10-02,19:43,Wednesday,3,40.0,4.0,5.4,41.4,CASH,DELIVERY,4,22
TXN102125,S004,2024-10-02,21:55,Wednesday,4,62.0,0.0,9.3,71.3,CASH,DINE_IN,5,14
TXN102126,S004,2024-10-02,16:43,Wednesday,2,47.0,0.0,7.05,54.05,CREDIT_CARD,TAKEAWAY,3,6
TXN102127,S004,2024-10-02,17:05,Wednesday,2,30.0,0.0,4.5,34.5,DEBIT_CARD,DELIVERY,4,24
TXN102128,S004,2024-10-02,19:51,Wednesday,2,58.0,0.0,8.7,66.7,CASH,DINE_IN,4,10
TXN102129,S004,2024-10-02,19:17,Wednesday,3,50.0,0.0,7.5,57.5,MADA,DELIVERY,4,28
TXN102130,S004,2024-10-02,19:27,Wednesday,3,70.0,7.0,9.45,72.45,CREDIT_CARD,DELIVERY,5,20
TXN102131,S004,2024-10-02,19:45,Wednesday,4,84.0,0.0,12.6,96.6,MADA,TAKEAWAY,4,9
TXN102132,S004,2024-10-02,22:09,Wednesday,5,87.0,0.0,13.05,100.05,CASH,TAKEAWAY,4,10
TXN102133,S004,2024-10-02,20:29,Wednesday,2,22.0,0.0,3.3,25.3,DIGITAL_WALLET,DELIVERY,3,27
TXN102134,S004,2024-10-02,13:29,Wednesday,1,25.0,2.5,3.38,25.88,MADA,DINE_IN,5,13
TXN102135,S004,2024-10-02,21:35,Wednesday,3,50.0,0.0,7.5,57.5,CASH,DRIVE_THRU,5,5
TXN102136,S004,2024-10-02,13:01,Wednesday,2,47.0,0.0,7.05,54.05,CASH,TAKEAWAY,4,8
TXN102137,S004,2024-10-02,10:27,Wednesday,3,86.0,0.0,12.9,98.9,MADA,DRIVE_THRU,4,3
TXN102138,S004,2024-10-02,11:56,Wednesday,3,66.0,0.0,9.9,75.9,DIGITAL_WALLET,DINE_IN,4,7
TXN102139,S004,2024-10-02,09:57,Wednesday,2,18.0,1.8,2.43,18.63,DIGITAL_WALLET,TAKEAWAY,5,8
TXN102140,S004,2024-10-02,21:49,Wednesday,4,78.0,0.0,11.7,89.7,DEBIT_CARD,DRIVE_THRU,5,6
TXN102141,S004,2024-10-02,14:14,Wednesday,4,100.0,0.0,15.0,115.0,DEBIT_CARD,DRIVE_THRU,1,6
TXN102142,S004,2024-10-02,19:51,Wednesday,3,67.0,0.0,10.05,77.05,DEBIT_CARD,DRIVE_THRU,4,6
TXN102143,S004,2024-10-02,11:26,Wednesday,3,68.0,0.0,10.2,78.2,CREDIT_CARD,TAKEAWAY,5,7
TXN102144,S004,2024-10-02,13:00,Wednesday,3,35.0,0.0,5.25,40.25,DIGITAL_WALLET,DRIVE_THRU,5,5
TXN102145,S004,2024-10-02,23:59,Wednesday,3,35.0,0.0,5.25,40.25,DEBIT_CARD,DELIVERY,4,22
TXN102146,S004,2024-10-02,18:37,Wednesday,1,30.0,0.0,4.5,34.5,CASH,TAKEAWAY,5,6
TXN102147,S004,2024-10-02,19:19,Wednesday,3,63.0,0.0,9.45,72.45,DEBIT_CARD,DELIVERY,5,29
TXN102148,S004,2024-10-02,10:46,Wednesday,3,33.0,0.0,4.95,37.95,CASH,DRIVE_THRU,3,8
TXN102149,S004,2024-10-02,14:16,Wednesday,3,46.0,0.0,6.9,52.9,CREDIT_CARD,DINE_IN,5,15
TXN102150,S004,2024-10-02,18:51,Wednesday,2,42.0,0.0,6.3,48.3,MADA,TAKEAWAY,5,13
TXN102151,S004,2024-10-02,17:33,Wednesday,2,58.0,0.0,8.7,66.7,DIGITAL_WALLET,DRIVE_THRU,4,5
TXN102152,S004,2024-10-02,18:50,Wednesday,2,34.0,0.0,5.1,39.1,MADA,DELIVERY,4,33
TXN102153,S004,2024-10-02,17:25,Wednesday,3,70.0,0.0,10.5,80.5,CASH,DRIVE_THRU,3,5
TXN102154,S004,2024-10-02,13:42,Wednesday,3,88.0,0.0,13.2,101.2,CASH,TAKEAWAY,2,14
TXN102155,S004,2024-10-02,19:33,Wednesday,3,68.0,0.0,10.2,78.2,MADA,TAKEAWAY,2,5
TXN102156,S004,2024-10-02,12:03,Wednesday,5,120.0,12.0,16.2,124.2,DEBIT_CARD,DINE_IN,5,8
TXN102157,S004,2024-10-02,13:59,Wednesday,3,72.0,0.0,10.8,82.8,DIGITAL_WALLET,DINE_IN,4,12
TXN102158,S004,2024-10-02,19:35,Wednesday,3,57.0,0.0,8.55,65.55,CREDIT_CARD,DELIVERY,5,39
TXN102159,S004,2024-10-02,22:03,Wednesday,3,75.0,0.0,11.25,86.25,DIGITAL_WALLET,DELIVERY,5,20
TXN102160,S004,2024-10-02,18:04,Wednesday,2,22.0,0.0,3.3,25.3,MADA,DRIVE_THRU,5,3
TXN102161,S004,2024-10-02,15:10,Wednesday,3,32.0,0.0,4.8,36.8,DIGITAL_WALLET,DRIVE_THRU,5,7
TXN102162,S004,2024-10-02,19:45,Wednesday,2,47.0,0.0,7.05,54.05,CASH,DINE_IN,5,12
TXN102163,S004,2024-10-02,22:09,Wednesday,2,42.0,0.0,6.3,48.3,MADA,TAKEAWAY,4,12
TXN102164,S004,2024-10-02,19:34,Wednesday,2,40.0,4.0,5.4,41.4,DIGITAL_WALLET,DINE_IN,5,5
TXN102165,S004,2024-10-02,12:18,Wednesday,3,30.0,0.0,4.5,34.5,DIGITAL_WALLET,DINE_IN,1,15
TXN102166,S004,2024-10-02,12:55,Wednesday,2,56.0,0.0,8.4,64.4,CREDIT_CARD,DRIVE_THRU,5,3
TXN102167,S004,2024-10-02,13:02,Wednesday,4,51.0,0.0,7.65,58.65,DIGITAL_WALLET,DELIVERY,4,35
TXN102168,S004,2024-10-02,09:51,Wednesday,3,54.0,0.0,8.1,62.1,CASH,DRIVE_THRU,4,5
TXN102169,S004,2024-10-02,18:56,Wednesday,4,80.0,0.0,12.0,92.0,DEBIT_CARD,DRIVE_THRU,4,3
TXN102170,S004,2024-10-02,15:00,Wednesday,2,38.0,0.0,5.7,43.7,MADA,DELIVERY,5,25
TXN102171,S004,2024-10-02,13:13,Wednesday,3,60.0,0.0,9.0,69.0,CREDIT_CARD,DRIVE_THRU,4,5
TXN102172,S004,2024-10-02,16:14,Wednesday,1,25.0,0.0,3.75,28.75,DIGITAL_WALLET,DINE_IN,5,10
TXN102173,S004,2024-10-02,19:02,Wednesday,2,42.0,0.0,6.3,48.3,DEBIT_CARD,TAKEAWAY,5,11
TXN102174,S004,2024-10-02,19:15,Wednesday,2,28.0,0.0,4.2,32.2,MADA,DINE_IN,3,10
TXN102175,S004,2024-10-02,08:07,Wednesday,4,62.0,0.0,9.3,71.3,CREDIT_CARD,TAKEAWAY,4,14
TXN102176,S004,2024-10-02,19:54,Wednesday,5,70.0,0.0,10.5,80.5,CASH,DRIVE_THRU,4,3
TXN102177,S004,2024-10-02,20:58,Wednesday,3,88.0,0.0,13.2,101.2,MADA,TAKEAWAY,4,10
TXN102178,S004,2024-10-02,13:09,Wednesday,2,40.0,0.0,6.0,46.0,MADA,TAKEAWAY,3,11
TXN102179,S004,2024-10-02,09:18,Wednesday,4,60.0,0.0,9.0,69.0,DIGITAL_WALLET,DRIVE_THRU,2,3
TXN102180,S004,2024-10-02,14:01,Wednesday,3,48.0,0.0,7.2,55.2,DIGITAL_WALLET,DELIVERY,5,35
TXN102181,S004,2024-10-02,17:41,Wednesday,4,82.0,8.2,11.07,84.87,DEBIT_CARD,DELIVERY,5,36
TXN102182,S004,2024-10-02,08:11,Wednesday,4,75.0,0.0,11.25,86.25,DIGITAL_WALLET,DRIVE_THRU,4,4
TXN102183,S004,2024-10-02,17:21,Wednesday,2,27.0,0.0,4.05,31.05,CREDIT_CARD,TAKEAWAY,3,13
TXN102184,S004,2024-10-02,19:02,Wednesday,3,66.0,6.6,8.91,68.31,DIGITAL_WALLET,DRIVE_THRU,3,3
TXN102185,S004,2024-10-02,19:45,Wednesday,2,40.0,0.0,6.0,46.0,DIGITAL_WALLET,TAKEAWAY,4,7
TXN102186,S004,2024-10-02,13:08,Wednesday,2,23.0,0.0,3.45,26.45,DIGITAL_WALLET,DINE_IN,4,15
TXN102187,S004,2024-10-02,18:51,Wednesday,2,23.0,0.0,3.45,26.45,CREDIT_CARD,DRIVE_THRU,2,5
TXN102188,S004,2024-10-02,19:49,Wednesday,2,38.0,0.0,5.7,43.7,MADA,DRIVE_THRU,4,7
TXN102189,S004,2024-10-02,14:05,Wednesday,5,80.0,0.0,12.0,92.0,DEBIT_CARD,DRIVE_THRU,5,8
TXN102190,S004,2024-10-02,13:28,Wednesday,1,12.0,0.0,1.8,13.8,DIGITAL_WALLET,TAKEAWAY,5,10
TXN102191,S004,2024-10-02,12:27,Wednesday,4,84.0,0.0,12.6,96.6,CREDIT_CARD,TAKEAWAY,3,11
TXN102192,S004,2024-10-02,19:08,Wednesday,3,84.0,0.0,12.6,96.6,CREDIT_CARD,DRIVE_THRU,4,3
TXN102193,S004,2024-10-02,19:53,Wednesday,3,34.0,0.0,5.1,39.1,CASH,TAKEAWAY,3,7
TXN102194,S004,2024-10-02,10:18,Wednesday,2,18.0,0.0,2.7,20.7,DEBIT_CARD,TAKEAWAY,4,8
TXN102195,S005,2024-10-02,13:06,Wednesday,4,102.0,0.0,15.3,117.3,CREDIT_CARD,TAKEAWAY,5,14
TXN102196,S005,2024-10-02,19:00,Wednesday,1,25.0,0.0,3.75,28.75,DIGITAL_WALLET,DELIVERY,4,22
TXN102197,S005,2024-10-02,10:34,Wednesday,1,32.0,0.0,4.8,36.8,CASH,DRIVE_THRU,5,3
TXN102198,S005,2024-10-02,14:12,Wednesday,3,48.0,0.0,7.2,55.2,DEBIT_CARD,DRIVE_THRU,3,6
TXN102199,S005,2024-10-02,19:11,Wednesday,2,40.0,0.0,6.0,46.0,CASH,TAKEAWAY,3,9
TXN102200,S005,2024-10-02,19:27,Wednesday,5,88.0,0.0,13.2,101.2,DEBIT_CARD,DELIVERY,2,31
TXN102201,S005,2024-10-02,18:39,Wednesday,4,80.0,0.0,12.0,92.0,CREDIT_CARD,DRIVE_THRU,4,4
TXN102202,S005,2024-10-02,23:31,Wednesday,2,58.0,0.0,8.7,66.7,CASH,TAKEAWAY,4,15
TXN102203,S005,2024-10-02,10:49,Wednesday,3,69.0,0.0,10.35,79.35,DIGITAL_WALLET,TAKEAWAY,4,10
TXN102204,S005,2024-10-02,19:29,Wednesday,4,55.0,0.0,8.25,63.25,MADA,TAKEAWAY,4,15
TXN102205,S005,2024-10-02,18:01,Wednesday,3,48.0,0.0,7.2,55.2,CASH,TAKEAWAY,5,10
TXN102206,S005,2024-10-02,19:54,Wednesday,4,74.0,0.0,11.1,85.1,CASH,DRIVE_THRU,4,4
TXN102207,S005,2024-10-02,12:04,Wednesday,4,101.0,0.0,15.15,116.15,MADA,DINE_IN,4,7
TXN102208,S005,2024-10-02,20:22,Wednesday,5,112.0,0.0,16.8,128.8,CASH,DINE_IN,3,10
TXN102209,S005,2024-10-02,20:51,Wednesday,2,60.0,0.0,9.0,69.0,CREDIT_CARD,DELIVERY,4,21
TXN102210,S005,2024-10-02,12:25,Wednesday,3,43.0,0.0,6.45,49.45,CREDIT_CARD,DRIVE_THRU,5,4
TXN102211,S005,2024-10-02,12:10,Wednesday,2,45.0,0.0,6.75,51.75,MADA,TAKEAWAY,3,13
TXN102212,S005,2024-10-02,09:36,Wednesday,3,50.0,0.0,7.5,57.5,DEBIT_CARD,DELIVERY,3,38
TXN102213,S005,2024-10-02,10:49,Wednesday,2,33.0,0.0,4.95,37.95,MADA,DRIVE_THRU,5,3
TXN102214,S005,2024-10-02,12:31,Wednesday,3,56.0,0.0,8.4,64.4,DEBIT_CARD,DELIVERY,3,20
TXN102215,S005,2024-10-02,13:38,Wednesday,4,99.0,0.0,14.85,113.85,DEBIT_CARD,DINE_IN,4,7
TXN102216,S005,2024-10-02,13:04,Wednesday,3,54.0,0.0,8.1,62.1,DIGITAL_WALLET,DRIVE_THRU,5,5
TXN102217,S005,2024-10-02,15:09,Wednesday,3,35.0,0.0,5.25,40.25,CASH,DRIVE_THRU,5,7
TXN102218,S005,2024-10-02,14:28,Wednesday,4,96.0,0.0,14.4,110.4,MADA,DELIVERY,4,24
TXN102219,S005,2024-10-02,13:12,Wednesday,2,42.0,0.0,6.3,48.3,CREDIT_CARD,DELIVERY,4,30
TXN102220,S005,2024-10-02,11:13,Wednesday,3,76.0,0.0,11.4,87.4,DEBIT_CARD,DRIVE_THRU,5,3
TXN102221,S005,2024-10-02,17:28,Wednesday,3,56.0,0.0,8.4,64.4,MADA,DRIVE_THRU,4,8
TXN102222,S005,2024-10-02,12:08,Wednesday,2,40.0,0.0,6.0,46.0,DEBIT_CARD,DELIVERY,5,37
TXN102223,S005,2024-10-02,19:37,Wednesday,2,53.0,0.0,7.95,60.95,DIGITAL_WALLET,TAKEAWAY,2,12
TXN102224,S005,2024-10-02,18:53,Wednesday,3,66.0,0.0,9.9,75.9,MADA,TAKEAWAY,4,10
TXN102225,S005,2024-10-02,19:03,Wednesday,2,20.0,0.0,3.0,23.0,DIGITAL_WALLET,DELIVERY,2,36
TXN102226,S005,2024-10-02,13:32,Wednesday,4,60.0,0.0,9.0,69.0,MADA,DRIVE_THRU,5,5
TXN102227,S005,2024-10-02,18:45,Wednesday,4,79.0,0.0,11.85,90.85,DEBIT_CARD,TAKEAWAY,4,15
TXN102228,S005,2024-10-02,18:10,Wednesday,2,42.0,0.0,6.3,48.3,DEBIT_CARD,DINE_IN,5,11
TXN102229,S005,2024-10-02,12:10,Wednesday,2,38.0,0.0,5.7,43.7,MADA,DRIVE_THRU,4,8
TXN102230,S005,2024-10-02,21:25,Wednesday,2,37.0,0.0,5.55,42.55,DIGITAL_WALLET,DRIVE_THRU,4,5
TXN102231,S005,2024-10-02,20:41,Wednesday,1,26.0,0.0,3.9,29.9,CREDIT_CARD,DELIVERY,3,38
TXN102232,S005,2024-10-02,18:38,Wednesday,1,28.0,0.0,4.2,32.2,DIGITAL_WALLET,TAKEAWAY,3,12
TXN102233,S005,2024-10-02,10:26,Wednesday,2,35.0,0.0,5.25,40.25,CASH,DELIVERY,4,25
TXN102234,S005,2024-10-02,10:53,Wednesday,2,38.0,0.0,5.7,43.7,MADA,DINE_IN,2,6
TXN102235,S005,2024-10-02,18:15,Wednesday,2,38.0,0.0,5.7,43.7,CREDIT_CARD,DRIVE_THRU,4,6
TXN102236,S005,2024-10-02,11:37,Wednesday,2,38.0,0.0,5.7,43.7,CASH,DRIVE_THRU,4,8
TXN102237,S005,2024-10-02,10:25,Wednesday,2,44.0,0.0,6.6,50.6,CASH,TAKEAWAY,5,7
TXN102238,S005,2024-10-02,13:13,Wednesday,3,48.0,4.8,6.48,49.68,DEBIT_CARD,DRIVE_THRU,4,4
TXN102239,S005,2024-10-02,13:05,Wednesday,3,53.0,0.0,7.95,60.95,CASH,DRIVE_THRU,5,4
TXN102240,S005,2024-10-02,19:07,Wednesday,1,18.0,0.0,2.7,20.7,CASH,TAKEAWAY,4,8
TXN102241,S005,2024-10-02,19:24,Wednesday,2,57.0,0.0,8.55,65.55,CREDIT_CARD,TAKEAWAY,3,12
TXN102242,S005,2024-10-02,18:24,Wednesday,3,55.0,0.0,8.25,63.25,CREDIT_CARD,DELIVERY,4,25
TXN102243,S005,2024-10-02,18:02,Wednesday,4,69.0,0.0,10.35,79.35,CASH,TAKEAWAY,1,6
TXN102244,S005,2024-10-02,19:31,Wednesday,3,74.0,0.0,11.1,85.1,CREDIT_CARD,DINE_IN,5,9
TXN102245,S005,2024-10-02,17:28,Wednesday,2,57.0,0.0,8.55,65.55,CREDIT_CARD,DRIVE_THRU,4,6
TXN102246,S005,2024-10-02,19:50,Wednesday,2,33.0,0.0,4.95,37.95,MADA,DINE_IN,3,9
TXN102247,S005,2024-10-02,19:23,Wednesday,3,51.0,0.0,7.65,58.65,CASH,DELIVERY,5,25
TXN102248,S005,2024-10-02,12:27,Wednesday,3,85.0,0.0,12.75,97.75,CASH,DELIVERY,4,30
TXN102249,S005,2024-10-02,18:20,Wednesday,3,83.0,0.0,12.45,95.45,DEBIT_CARD,DRIVE_THRU,4,7
TXN102250,S005,2024-10-02,18:53,Wednesday,4,68.0,6.8,9.18,70.38,DIGITAL_WALLET,DINE_IN,4,15
TXN102251,S005,2024-10-02,18:47,Wednesday,1,30.0,0.0,4.5,34.5,MADA,DELIVERY,4,34
TXN102252,S005,2024-10-02,10:46,Wednesday,2,20.0,0.0,3.0,23.0,DEBIT_CARD,TAKEAWAY,4,11
TXN102253,S005,2024-10-02,19:08,Wednesday,3,55.0,0.0,8.25,63.25,CASH,DELIVERY,5,22
TXN102254,S005,2024-10-02,17:52,Wednesday,3,56.0,0.0,8.4,64.4,CREDIT_CARD,TAKEAWAY,4,7
TXN102255,S005,2024-10-02,18:07,Wednesday,1,8.0,0.0,1.2,9.2,CASH,TAKEAWAY,5,13
TXN102256,S005,2024-10-02,13:18,Wednesday,5,75.0,0.0,11.25,86.25,CREDIT_CARD,DRIVE_THRU,4,6
TXN102257,S005,2024-10-02,18:15,Wednesday,2,27.0,0.0,4.05,31.05,CREDIT_CARD,DINE_IN,5,12
TXN102258,S005,2024-10-02,18:56,Wednesday,4,64.0,0.0,9.6,73.6,DIGITAL_WALLET,DELIVERY,5,39
TXN102259,S005,2024-10-02,08:32,Wednesday,3,35.0,0.0,5.25,40.25,MADA,DELIVERY,5,21
TXN102260,S005,2024-10-02,13:48,Wednesday,2,45.0,0.0,6.75,51.75,CREDIT_CARD,TAKEAWAY,5,5
TXN102261,S005,2024-10-02,19:20,Wednesday,4,75.0,0.0,11.25,86.25,CREDIT_CARD,DINE_IN,5,5
TXN102262,S005,2024-10-02,13:54,Wednesday,3,50.0,0.0,7.5,57.5,DIGITAL_WALLET,DINE_IN,4,8
TXN102263,S005,2024-10-02,12:03,Wednesday,4,87.0,0.0,13.05,100.05,MADA,DRIVE_THRU,5,7
TXN102264,S005,2024-10-02,19:05,Wednesday,3,52.0,0.0,7.8,59.8,MADA,DRIVE_THRU,4,5
TXN102265,S005,2024-10-02,22:49,Wednesday,2,42.0,4.2,5.67,43.47,CASH,TAKEAWAY,5,9
TXN102266,S005,2024-10-02,18:10,Wednesday,3,79.0,0.0,11.85,90.85,MADA,DRIVE_THRU,5,3
TXN102267,S005,2024-10-02,18:15,Wednesday,5,115.0,0.0,17.25,132.25,MADA,TAKEAWAY,4,11
TXN102268,S005,2024-10-02,18:04,Wednesday,3,50.0,5.0,6.75,51.75,DEBIT_CARD,DRIVE_THRU,5,5
TXN102269,S005,2024-10-02,12:58,Wednesday,3,67.0,0.0,10.05,77.05,CREDIT_CARD,DINE_IN,4,13
TXN102270,S005,2024-10-02,11:30,Wednesday,3,55.0,0.0,8.25,63.25,DEBIT_CARD,DRIVE_THRU,5,5
TXN102271,S005,2024-10-02,20:33,Wednesday,3,75.0,0.0,11.25,86.25,DEBIT_CARD,DRIVE_THRU,5,8
TXN102272,S005,2024-10-02,16:21,Wednesday,1,12.0,0.0,1.8,13.8,CASH,TAKEAWAY,2,14
TXN102273,S005,2024-10-02,22:26,Wednesday,3,50.0,0.0,7.5,57.5,MADA,DINE_IN,4,6
TXN102274,S005,2024-10-02,15:25,Wednesday,2,44.0,0.0,6.6,50.6,MADA,DRIVE_THRU,5,5
TXN102275,S005,2024-10-02,19:53,Wednesday,3,50.0,0.0,7.5,57.5,MADA,DELIVERY,5,25
TXN102276,S005,2024-10-02,18:29,Wednesday,3,57.0,0.0,8.55,65.55,DIGITAL_WALLET,DINE_IN,5,11
TXN102277,S005,2024-10-02,19:10,Wednesday,4,79.0,0.0,11.85,90.85,MADA,DRIVE_THRU,5,4
TXN102278,S005,2024-10-02,18:29,Wednesday,1,26.0,0.0,3.9,29.9,DIGITAL_WALLET,DRIVE_THRU,5,5
TXN102279,S005,2024-10-02,13:13,Wednesday,2,33.0,0.0,4.95,37.95,CREDIT_CARD,DELIVERY,4,36
TXN102280,S005,2024-10-02,18:56,Wednesday,3,86.0,8.6,11.61,89.01,DEBIT_CARD,DRIVE_THRU,4,8
TXN102281,S005,2024-10-02,19:13,Wednesday,3,78.0,0.0,11.7,89.7,CREDIT_CARD,DRIVE_THRU,4,4
TXN102282,S005,2024-10-02,08:35,Wednesday,4,73.0,0.0,10.95,83.95,DIGITAL_WALLET,TAKEAWAY,1,9
TXN102283,S005,2024-10-02,12:20,Wednesday,2,35.0,3.5,4.72,36.22,DEBIT_CARD,DRIVE_THRU,5,6
TXN102284,S005,2024-10-02,12:48,Wednesday,1,8.0,0.0,1.2,9.2,DEBIT_CARD,DELIVERY,5,27
TXN102285,S005,2024-10-02,19:52,Wednesday,3,44.0,0.0,6.6,50.6,MADA,TAKEAWAY,5,8
TXN102286,S005,2024-10-02,17:17,Wednesday,4,81.0,0.0,12.15,93.15,CREDIT_CARD,TAKEAWAY,2,11
TXN102287,S005,2024-10-02,19:38,Wednesday,4,80.0,0.0,12.0,92.0,MADA,DELIVERY,4,35
TXN102288,S005,2024-10-02,22:54,Wednesday,4,89.0,0.0,13.35,102.35,MADA,TAKEAWAY,3,11
TXN102289,S005,2024-10-02,17:08,Wednesday,1,15.0,0.0,2.25,17.25,DIGITAL_WALLET,TAKEAWAY,3,10
TXN102290,S005,2024-10-02,13:37,Wednesday,4,64.0,0.0,9.6,73.6,DEBIT_CARD,TAKEAWAY,5,11
TXN102291,S005,2024-10-02,17:29,Wednesday,3,56.0,0.0,8.4,64.4,DIGITAL_WALLET,DINE_IN,4,8
TXN102292,S005,2024-10-02,12:11,Wednesday,1,25.0,0.0,3.75,28.75,CREDIT_CARD,DINE_IN,4,14
TXN102293,S005,2024-10-02,17:12,Wednesday,5,101.0,10.1,13.63,104.53,CASH,DINE_IN,4,5
TXN102294,S005,2024-10-02,18:42,Wednesday,3,59.0,0.0,8.85,67.85,CASH,DELIVERY,5,27
TXN102295,S005,2024-10-02,19:55,Wednesday,2,50.0,0.0,7.5,57.5,CASH,DINE_IN,3,14
TXN102296,S005,2024-10-02,16:09,Wednesday,4,74.0,0.0,11.1,85.1,MADA,TAKEAWAY,5,15
TXN102297,S005,2024-10-02,13:10,Wednesday,3,63.0,0.0,9.45,72.45,DEBIT_CARD,DRIVE_THRU,2,4
TXN102298,S005,2024-10-02,12:53,Wednesday,2,30.0,0.0,4.5,34.5,DIGITAL_WALLET,DINE_IN,5,9
TXN102299,S005,2024-10-02,17:39,Wednesday,3,54.0,0.0,8.1,62.1,DEBIT_CARD,TAKEAWAY,4,5
TXN102300,S005,2024-10-02,11:42,Wednesday,2,40.0,0.0,6.0,46.0,DIGITAL_WALLET,TAKEAWAY,3,13
TXN102301,S005,2024-10-02,14:21,Wednesday,5,109.0,0.0,16.35,125.35,DEBIT_CARD,TAKEAWAY,4,7
TXN102302,S005,2024-10-02,13:04,Wednesday,3,42.0,0.0,6.3,48.3,DIGITAL_WALLET,DINE_IN,1,12
TXN102303,S005,2024-10-02,16:12,Wednesday,3,54.0,5.4,7.29,55.89,DIGITAL_WALLET,DINE_IN,5,15
TXN102304,S005,2024-10-02,12:02,Wednesday,2,28.0,0.0,4.2,32.2,MADA,DINE_IN,4,13
TXN102305,S005,2024-10-02,16:13,Wednesday,3,81.0,0.0,12.15,93.15,DEBIT_CARD,DELIVERY,5,29
TXN102306,S005,2024-10-02,17:00,Wednesday,4,65.0,0.0,9.75,74.75,MADA,TAKEAWAY,5,8
TXN102307,S005,2024-10-02,13:04,Wednesday,4,65.0,6.5,8.78,67.28,MADA,DINE_IN,5,15
TXN102308,S005,2024-10-02,09:58,Wednesday,3,54.0,0.0,8.1,62.1,CREDIT_CARD,DELIVERY,3,31
TXN102309,S005,2024-10-02,13:16,Wednesday,1,32.0,0.0,4.8,36.8,DEBIT_CARD,DINE_IN,4,13
TXN102310,S005,2024-10-02,19:46,Wednesday,3,54.0,0.0,8.1,62.1,MADA,TAKEAWAY,5,8
TXN102311,S005,2024-10-02,18:07,Wednesday,4,70.0,7.0,9.45,72.45,DEBIT_CARD,DINE_IN,4,5
TXN102312,S005,2024-10-02,19:20,Wednesday,4,93.0,0.0,13.95,106.95,CREDIT_CARD,DRIVE_THRU,3,7
TXN102313,S005,2024-10-02,09:13,Wednesday,3,69.0,0.0,10.35,79.35,DEBIT_CARD,TAKEAWAY,5,9
TXN102314,S005,2024-10-02,18:44,Wednesday,3,32.0,0.0,4.8,36.8,CREDIT_CARD,TAKEAWAY,4,14
TXN102315,S005,2024-10-02,18:05,Wednesday,5,88.0,0.0,13.2,101.2,DEBIT_CARD,TAKEAWAY,3,5
TXN102316,S005,2024-10-02,21:38,Wednesday,5,89.0,0.0,13.35,102.35,DIGITAL_WALLET,TAKEAWAY,2,14
TXN102317,S005,2024-10-02,17:02,Wednesday,3,72.0,0.0,10.8,82.8,MADA,DINE_IN,4,15
TXN102318,S005,2024-10-02,20:18,Wednesday,4,98.0,0.0,14.7,112.7,DIGITAL_WALLET,DINE_IN,3,13
TXN102319,S005,2024-10-02,13:21,Wednesday,3,51.0,0.0,7.65,58.65,CASH,DINE_IN,4,11
TXN102320,S005,2024-10-02,09:29,Wednesday,4,76.0,0.0,11.4,87.4,MADA,TAKEAWAY,5,12
TXN102321,S005,2024-10-02,15:17,Wednesday,2,35.0,0.0,5.25,40.25,CASH,DRIVE_THRU,5,4
TXN102322,S005,2024-10-02,11:48,Wednesday,1,15.0,0.0,2.25,17.25,MADA,DELIVERY,5,38
TXN102323,S005,2024-10-02,13:56,Wednesday,4,63.0,0.0,9.45,72.45,DEBIT_CARD,TAKEAWAY,5,10
TXN102324,S005,2024-10-02,12:00,Wednesday,2,47.0,0.0,7.05,54.05,DEBIT_CARD,DINE_IN,3,12
TXN102325,S005,2024-10-02,19:58,Wednesday,3,53.0,0.0,7.95,60.95,DEBIT_CARD,DINE_IN,4,5
TXN102326,S005,2024-10-02,13:15,Wednesday,3,48.0,0.0,7.2,55.2,MADA,DINE_IN,5,11
TXN102327,S005,2024-10-02,13:00,Wednesday,3,78.0,0.0,11.7,89.7,MADA,DINE_IN,4,7
TXN102328,S005,2024-10-02,10:47,Wednesday,2,54.0,0.0,8.1,62.1,CASH,DELIVERY,4,26
TXN102329,S005,2024-10-02,19:29,Wednesday,4,50.0,0.0,7.5,57.5,CASH,DRIVE_THRU,5,3
TXN102330,S005,2024-10-02,10:45,Wednesday,3,66.0,0.0,9.9,75.9,DIGITAL_WALLET,DELIVERY,5,28
TXN102331,S005,2024-10-02,19:40,Wednesday,3,64.0,0.0,9.6,73.6,MADA,DELIVERY,5,30
TXN102332,S005,2024-10-02,12:05,Wednesday,2,40.0,0.0,6.0,46.0,MADA,TAKEAWAY,4,10
TXN102333,S005,2024-10-02,17:18,Wednesday,4,68.0,0.0,10.2,78.2,CREDIT_CARD,DELIVERY,3,35
TXN102334,S005,2024-10-02,18:03,Wednesday,2,25.0,2.5,3.38,25.88,DIGITAL_WALLET,DINE_IN,5,7
TXN102335,S005,2024-10-02,13:27,Wednesday,1,28.0,0.0,4.2,32.2,CREDIT_CARD,TAKEAWAY,5,11
TXN102336,S005,2024-10-02,08:12,Wednesday,2,42.0,0.0,6.3,48.3,CASH,DINE_IN,4,8
TXN102337,S005,2024-10-02,18:04,Wednesday,3,54.0,0.0,8.1,62.1,CASH,DELIVERY,4,31
TXN102338,S005,2024-10-02,17:36,Wednesday,1,26.0,0.0,3.9,29.9,DEBIT_CARD,DINE_IN,3,14
TXN102339,S005,2024-10-02,13:28,Wednesday,3,68.0,0.0,10.2,78.2,DEBIT_CARD,DRIVE_THRU,3,5
TXN102340,S005,2024-10-02,18:58,Wednesday,3,50.0,0.0,7.5,57.5,CASH,TAKEAWAY,4,9
TXN102341,S005,2024-10-02,19:25,Wednesday,3,35.0,0.0,5.25,40.25,MADA,DRIVE_THRU,3,5
TXN102342,S005,2024-10-02,19:31,Wednesday,2,20.0,0.0,3.0,23.0,MADA,DINE_IN,4,12
TXN102343,S005,2024-10-02,10:11,Wednesday,5,91.0,0.0,13.65,104.65,CASH,DINE_IN,4,7
TXN102344,S005,2024-10-02,09:23,Wednesday,3,52.0,0.0,7.8,59.8,CREDIT_CARD,TAKEAWAY,3,15
TXN102345,S005,2024-10-02,12:36,Wednesday,5,106.0,0.0,15.9,121.9,CREDIT_CARD,DELIVERY,4,25
TXN102346,S005,2024-10-02,19:59,Wednesday,4,71.0,0.0,10.65,81.65,DIGITAL_WALLET,TAKEAWAY,5,14
TXN102347,S005,2024-10-02,21:10,Wednesday,2,18.0,0.0,2.7,20.7,CASH,DRIVE_THRU,4,4
TXN102348,S005,2024-10-02,09:06,Wednesday,2,60.0,0.0,9.0,69.0,CREDIT_CARD,DRIVE_THRU,5,4
TXN102349,S005,2024-10-02,16:18,Wednesday,2,37.0,0.0,5.55,42.55,MADA,DRIVE_THRU,5,3
TXN102350,S005,2024-10-02,19:30,Wednesday,2,42.0,0.0,6.3,48.3,DEBIT_CARD,DELIVERY,3,32
TXN102351,S005,2024-10-02,10:59,Wednesday,3,45.0,0.0,6.75,51.75,CREDIT_CARD,DRIVE_THRU,3,3
TXN102352,S005,2024-10-02,19:25,Wednesday,4,84.0,0.0,12.6,96.6,DIGITAL_WALLET,DRIVE_THRU,5,6
TXN102353,S005,2024-10-02,15:29,Wednesday,2,47.0,0.0,7.05,54.05,MADA,DINE_IN,5,11
TXN102354,S005,2024-10-02,20:46,Wednesday,3,70.0,0.0,10.5,80.5,CASH,DRIVE_THRU,4,3
TXN102355,S005,2024-10-02,13:20,Wednesday,2,33.0,0.0,4.95,37.95,DEBIT_CARD,DINE_IN,5,5
TXN102356,S005,2024-10-02,18:50,Wednesday,3,64.0,0.0,9.6,73.6,DEBIT_CARD,DINE_IN,5,11
TXN102357,S005,2024-10-02,15:48,Wednesday,2,41.0,0.0,6.15,47.15,CREDIT_CARD,DELIVERY,4,20
TXN102358,S005,2024-10-02,19:27,Wednesday,4,83.0,0.0,12.45,95.45,MADA,DELIVERY,5,32
TXN102359,S005,2024-10-02,20:50,Wednesday,2,47.0,0.0,7.05,54.05,DIGITAL_WALLET,DELIVERY,4,35
TXN102360,S005,2024-10-02,18:13,Wednesday,2,48.0,0.0,7.2,55.2,MADA,TAKEAWAY,5,13
TXN102361,S005,2024-10-02,19:53,Wednesday,5,98.0,9.8,13.23,101.43,MADA,DELIVERY,5,20
TXN102362,S005,2024-10-02,19:38,Wednesday,3,68.0,0.0,10.2,78.2,DIGITAL_WALLET,DELIVERY,3,24
TXN102363,S005,2024-10-02,19:37,Wednesday,2,47.0,0.0,7.05,54.05,CREDIT_CARD,DINE_IN,5,6
TXN102364,S005,2024-10-02,13:18,Wednesday,3,65.0,6.5,8.78,67.28,CASH,DRIVE_THRU,5,6
TXN102365,S005,2024-10-02,19:58,Wednesday,4,82.0,0.0,12.3,94.3,DEBIT_CARD,TAKEAWAY,4,15
TXN102366,S005,2024-10-02,12:25,Wednesday,3,30.0,3.0,4.05,31.05,MADA,DRIVE_THRU,5,4
TXN102367,S005,2024-10-02,12:33,Wednesday,3,52.0,0.0,7.8,59.8,MADA,DELIVERY,2,36
TXN102368,S005,2024-10-02,10:44,Wednesday,1,10.0,0.0,1.5,11.5,DEBIT_CARD,DELIVERY,4,34
TXN102369,S005,2024-10-02,19:36,Wednesday,3,68.0,0.0,10.2,78.2,DEBIT_CARD,TAKEAWAY,5,14
TXN102370,S005,2024-10-02,13:49,Wednesday,4,60.0,0.0,9.0,69.0,MADA,TAKEAWAY,3,11
TXN102371,S005,2024-10-02,19:03,Wednesday,4,87.0,8.7,11.74,90.04,DIGITAL_WALLET,DRIVE_THRU,1,6
TXN102372,S005,2024-10-02,13:57,Wednesday,2,24.0,0.0,3.6,27.6,DEBIT_CARD,DELIVERY,4,36
TXN102373,S005,2024-10-02,21:20,Wednesday,2,22.0,0.0,3.3,25.3,CREDIT_CARD,DELIVERY,4,28
TXN102374,S005,2024-10-02,08:03,Wednesday,2,22.0,0.0,3.3,25.3,DIGITAL_WALLET,DRIVE_THRU,4,3
TXN102375,S005,2024-10-02,13:26,Wednesday,2,35.0,0.0,5.25,40.25,CREDIT_CARD,DELIVERY,5,28
TXN102376,S005,2024-10-02,10:32,Wednesday,3,65.0,0.0,9.75,74.75,CREDIT_CARD,DRIVE_THRU,4,7
TXN102377,S005,2024-10-02,23:01,Wednesday,3,52.0,0.0,7.8,59.8,CASH,TAKEAWAY,1,8
TXN102378,S005,2024-10-02,14:02,Wednesday,4,91.0,0.0,13.65,104.65,DIGITAL_WALLET,DINE_IN,3,10
TXN102379,S005,2024-10-02,19:34,Wednesday,3,66.0,0.0,9.9,75.9,DEBIT_CARD,DINE_IN,3,15
TXN102380,S005,2024-10-02,18:37,Wednesday,4,74.0,0.0,11.1,85.1,MADA,TAKEAWAY,3,9
TXN102381,S005,2024-10-02,13:09,Wednesday,3,72.0,0.0,10.8,82.8,DEBIT_CARD,DINE_IN,4,5
TXN102382,S005,2024-10-02,15:22,Wednesday,4,60.0,0.0,9.0,69.0,CASH,DELIVERY,4,40
TXN102383,S005,2024-10-02,21:36,Wednesday,2,38.0,0.0,5.7,43.7,MADA,DINE_IN,3,11
TXN102384,S005,2024-10-02,08:45,Wednesday,3,79.0,0.0,11.85,90.85,CASH,DELIVERY,5,39
TXN102385,S005,2024-10-02,22:08,Wednesday,2,43.0,0.0,6.45,49.45,CASH,TAKEAWAY,3,9
TXN102386,S005,2024-10-02,12:14,Wednesday,1,10.0,0.0,1.5,11.5,DIGITAL_WALLET,TAKEAWAY,4,11
TXN102387,S005,2024-10-02,15:39,Wednesday,2,44.0,0.0,6.6,50.6,MADA,TAKEAWAY,5,15
TXN102388,S005,2024-10-02,17:10,Wednesday,2,18.0,0.0,2.7,20.7,CREDIT_CARD,DELIVERY,5,36
TXN102389,S005,2024-10-02,19:44,Wednesday,3,75.0,0.0,11.25,86.25,CREDIT_CARD,DRIVE_THRU,3,6
TXN102390,S005,2024-10-02,09:41,Wednesday,2,23.0,0.0,3.45,26.45,DEBIT_CARD,DRIVE_THRU,4,6
TXN102391,S005,2024-10-02,13:33,Wednesday,2,42.0,0.0,6.3,48.3,DIGITAL_WALLET,TAKEAWAY,3,14
TXN102392,S005,2024-10-02,12:41,Wednesday,4,60.0,0.0,9.0,69.0,CASH,TAKEAWAY,4,7
TXN102393,S005,2024-10-02,13:09,Wednesday,4,63.0,0.0,9.45,72.45,MADA,DINE_IN,5,7
TXN102394,S005,2024-10-02,12:29,Wednesday,3,54.0,0.0,8.1,62.1,MADA,DINE_IN,5,7
TXN102395,S005,2024-10-02,12:43,Wednesday,4,63.0,0.0,9.45,72.45,MADA,TAKEAWAY,2,13
TXN102396,S005,2024-10-02,13:29,Wednesday,5,97.0,0.0,14.55,111.55,DEBIT_CARD,DELIVERY,3,36
TXN102397,S005,2024-10-02,11:52,Wednesday,4,64.0,0.0,9.6,73.6,CREDIT_CARD,TAKEAWAY,4,10
TXN102398,S005,2024-10-02,18:20,Wednesday,3,54.0,0.0,8.1,62.1,MADA,TAKEAWAY,3,13
TXN102399,S001,2024-10-03,16:35,Thursday,3,53.0,5.3,7.16,54.86,CREDIT_CARD,DINE_IN,5,11
TXN102400,S001,2024-10-03,11:15,Thursday,3,70.0,0.0,10.5,80.5,MADA,DINE_IN,5,10
TXN102401,S001,2024-10-03,19:35,Thursday,4,76.0,0.0,11.4,87.4,DIGITAL_WALLET,DINE_IN,4,7
TXN102402,S001,2024-10-03,19:01,Thursday,3,55.0,0.0,8.25,63.25,MADA,DINE_IN,5,5
TXN102403,S001,2024-10-03,15:08,Thursday,2,44.0,0.0,6.6,50.6,DIGITAL_WALLET,DRIVE_THRU,4,8
TXN102404,S001,2024-10-03,16:59,Thursday,4,67.0,0.0,10.05,77.05,CREDIT_CARD,DELIVERY,2,35
TXN102405,S001,2024-10-03,13:32,Thursday,3,50.0,0.0,7.5,57.5,DIGITAL_WALLET,DINE_IN,5,12
TXN102406,S001,2024-10-03,12:06,Thursday,4,84.0,0.0,12.6,96.6,CASH,DELIVERY,4,21
TXN102407,S001,2024-10-03,13:41,Thursday,1,12.0,0.0,1.8,13.8,CREDIT_CARD,DELIVERY,5,28
TXN102408,S001,2024-10-03,13:19,Thursday,2,18.0,0.0,2.7,20.7,CASH,DELIVERY,2,35
TXN102409,S001,2024-10-03,21:41,Thursday,4,98.0,0.0,14.7,112.7,CREDIT_CARD,TAKEAWAY,4,12
TXN102410,S001,2024-10-03,11:40,Thursday,4,86.0,0.0,12.9,98.9,DIGITAL_WALLET,TAKEAWAY,4,13
TXN102411,S001,2024-10-03,10:56,Thursday,2,37.0,0.0,5.55,42.55,DEBIT_CARD,DELIVERY,4,29
TXN102412,S001,2024-10-03,13:30,Thursday,3,83.0,0.0,12.45,95.45,DIGITAL_WALLET,TAKEAWAY,5,5
TXN102413,S001,2024-10-03,10:13,Thursday,4,70.0,0.0,10.5,80.5,MADA,DRIVE_THRU,5,5
TXN102414,S001,2024-10-03,18:31,Thursday,2,36.0,0.0,5.4,41.4,CREDIT_CARD,TAKEAWAY,4,13
TXN102415,S001,2024-10-03,13:35,Thursday,4,116.0,0.0,17.4,133.4,DEBIT_CARD,DELIVERY,5,27
TXN102416,S001,2024-10-03,12:19,Thursday,1,10.0,0.0,1.5,11.5,MADA,DELIVERY,5,28
TXN102417,S001,2024-10-03,17:37,Thursday,3,55.0,0.0,8.25,63.25,DEBIT_CARD,DELIVERY,5,35
TXN102418,S001,2024-10-03,19:24,Thursday,2,42.0,0.0,6.3,48.3,MADA,DELIVERY,4,40
TXN102419,S001,2024-10-03,11:40,Thursday,3,60.0,0.0,9.0,69.0,DIGITAL_WALLET,DINE_IN,4,7
TXN102420,S001,2024-10-03,20:04,Thursday,3,65.0,0.0,9.75,74.75,DEBIT_CARD,DINE_IN,4,9
TXN102421,S001,2024-10-03,19:42,Thursday,3,56.0,0.0,8.4,64.4,MADA,DRIVE_THRU,5,6
TXN102422,S001,2024-10-03,13:47,Thursday,5,92.0,0.0,13.8,105.8,CREDIT_CARD,DRIVE_THRU,5,3
TXN102423,S001,2024-10-03,19:27,Thursday,5,91.0,0.0,13.65,104.65,CREDIT_CARD,TAKEAWAY,4,12
TXN102424,S001,2024-10-03,12:47,Thursday,2,25.0,0.0,3.75,28.75,CASH,DINE_IN,3,10
TXN102425,S001,2024-10-03,19:58,Thursday,2,54.0,0.0,8.1,62.1,CREDIT_CARD,DRIVE_THRU,5,4
TXN102426,S001,2024-10-03,13:37,Thursday,3,74.0,0.0,11.1,85.1,MADA,DRIVE_THRU,5,6
TXN102427,S001,2024-10-03,13:47,Thursday,1,12.0,0.0,1.8,13.8,MADA,DINE_IN,4,15
TXN102428,S001,2024-10-03,13:52,Thursday,3,63.0,0.0,9.45,72.45,CREDIT_CARD,DRIVE_THRU,5,5
TXN102429,S001,2024-10-03,10:19,Thursday,4,76.0,0.0,11.4,87.4,DIGITAL_WALLET,DINE_IN,3,11
TXN102430,S001,2024-10-03,12:48,Thursday,2,62.0,0.0,9.3,71.3,DEBIT_CARD,TAKEAWAY,5,15
TXN102431,S001,2024-10-03,13:37,Thursday,4,68.0,0.0,10.2,78.2,DEBIT_CARD,DINE_IN,4,5
TXN102432,S001,2024-10-03,09:59,Thursday,4,72.0,0.0,10.8,82.8,DEBIT_CARD,DELIVERY,2,26
TXN102433,S001,2024-10-03,19:50,Thursday,5,70.0,0.0,10.5,80.5,CREDIT_CARD,DRIVE_THRU,4,5
TXN102434,S001,2024-10-03,15:15,Thursday,5,94.0,0.0,14.1,108.1,CASH,DELIVERY,5,29
TXN102435,S001,2024-10-03,18:12,Thursday,2,42.0,0.0,6.3,48.3,MADA,TAKEAWAY,4,12
TXN102436,S001,2024-10-03,18:20,Thursday,2,54.0,0.0,8.1,62.1,MADA,DELIVERY,4,34
TXN102437,S001,2024-10-03,16:27,Thursday,3,66.0,0.0,9.9,75.9,DEBIT_CARD,DINE_IN,2,13
TXN102438,S001,2024-10-03,15:15,Thursday,1,30.0,0.0,4.5,34.5,DEBIT_CARD,DINE_IN,5,9
TXN102439,S001,2024-10-03,12:30,Thursday,3,70.0,0.0,10.5,80.5,CASH,TAKEAWAY,5,6
TXN102440,S001,2024-10-03,17:06,Thursday,1,12.0,0.0,1.8,13.8,MADA,DELIVERY,4,24
TXN102441,S001,2024-10-03,13:29,Thursday,4,63.0,0.0,9.45,72.45,DIGITAL_WALLET,DRIVE_THRU,4,8
TXN102442,S001,2024-10-03,11:16,Thursday,2,40.0,4.0,5.4,41.4,CASH,DINE_IN,3,5
TXN102443,S001,2024-10-03,12:32,Thursday,3,32.0,0.0,4.8,36.8,CASH,DELIVERY,5,24
TXN102444,S001,2024-10-03,12:47,Thursday,1,25.0,0.0,3.75,28.75,CASH,TAKEAWAY,4,5
TXN102445,S001,2024-10-03,11:04,Thursday,2,28.0,0.0,4.2,32.2,CASH,DINE_IN,5,11
TXN102446,S001,2024-10-03,14:15,Thursday,2,18.0,0.0,2.7,20.7,CREDIT_CARD,DRIVE_THRU,4,3
TXN102447,S001,2024-10-03,23:14,Thursday,4,66.0,6.6,8.91,68.31,DIGITAL_WALLET,DRIVE_THRU,5,3
TXN102448,S001,2024-10-03,21:47,Thursday,3,72.0,0.0,10.8,82.8,DEBIT_CARD,DELIVERY,3,38
TXN102449,S001,2024-10-03,11:14,Thursday,3,44.0,0.0,6.6,50.6,CASH,DRIVE_THRU,3,8
TXN102450,S001,2024-10-03,18:21,Thursday,4,62.0,0.0,9.3,71.3,DEBIT_CARD,DRIVE_THRU,4,5
TXN102451,S001,2024-10-03,19:19,Thursday,3,69.0,0.0,10.35,79.35,MADA,TAKEAWAY,4,9
TXN102452,S001,2024-10-03,12:03,Thursday,3,58.0,0.0,8.7,66.7,DIGITAL_WALLET,TAKEAWAY,5,8
TXN102453,S001,2024-10-03,13:36,Thursday,3,48.0,0.0,7.2,55.2,CREDIT_CARD,DELIVERY,4,22
TXN102454,S001,2024-10-03,13:11,Thursday,5,94.0,0.0,14.1,108.1,DIGITAL_WALLET,DRIVE_THRU,4,4
TXN102455,S001,2024-10-03,19:32,Thursday,1,15.0,0.0,2.25,17.25,CASH,DELIVERY,4,31
TXN102456,S001,2024-10-03,12:25,Thursday,4,71.0,0.0,10.65,81.65,DEBIT_CARD,TAKEAWAY,4,10
TXN102457,S001,2024-10-03,18:21,Thursday,2,33.0,0.0,4.95,37.95,MADA,DELIVERY,5,24
TXN102458,S001,2024-10-03,13:56,Thursday,4,71.0,0.0,10.65,81.65,DEBIT_CARD,TAKEAWAY,3,15
TXN102459,S001,2024-10-03,15:41,Thursday,3,53.0,0.0,7.95,60.95,DEBIT_CARD,DELIVERY,3,29
TXN102460,S001,2024-10-03,14:21,Thursday,3,63.0,6.3,8.51,65.21,CASH,TAKEAWAY,5,7
TXN102461,S001,2024-10-03,13:30,Thursday,3,60.0,0.0,9.0,69.0,MADA,DINE_IN,4,10
TXN102462,S001,2024-10-03,19:43,Thursday,4,65.0,0.0,9.75,74.75,DIGITAL_WALLET,DINE_IN,2,5
TXN102463,S001,2024-10-03,16:13,Thursday,3,55.0,0.0,8.25,63.25,CASH,DINE_IN,4,14
TXN102464,S001,2024-10-03,14:30,Thursday,5,87.0,0.0,13.05,100.05,MADA,DRIVE_THRU,3,3
TXN102465,S001,2024-10-03,22:25,Thursday,4,70.0,0.0,10.5,80.5,DEBIT_CARD,DRIVE_THRU,5,8
TXN102466,S001,2024-10-03,12:53,Thursday,3,55.0,0.0,8.25,63.25,CREDIT_CARD,DINE_IN,4,14
TXN102467,S001,2024-10-03,19:37,Thursday,3,83.0,0.0,12.45,95.45,MADA,DELIVERY,4,22
TXN102468,S001,2024-10-03,23:07,Thursday,2,25.0,0.0,3.75,28.75,MADA,TAKEAWAY,3,11
TXN102469,S001,2024-10-03,15:43,Thursday,1,12.0,0.0,1.8,13.8,CREDIT_CARD,DRIVE_THRU,4,7
TXN102470,S001,2024-10-03,11:06,Thursday,5,106.0,0.0,15.9,121.9,CREDIT_CARD,DELIVERY,5,21
TXN102471,S001,2024-10-03,19:05,Thursday,2,55.0,0.0,8.25,63.25,CREDIT_CARD,TAKEAWAY,5,11
TXN102472,S001,2024-10-03,19:42,Thursday,4,77.0,0.0,11.55,88.55,MADA,DELIVERY,3,21
TXN102473,S001,2024-10-03,21:55,Thursday,3,76.0,7.6,10.26,78.66,DEBIT_CARD,DINE_IN,3,5
TXN102474,S001,2024-10-03,22:37,Thursday,3,62.0,0.0,9.3,71.3,CASH,DELIVERY,5,25
TXN102475,S001,2024-10-03,20:02,Thursday,2,23.0,0.0,3.45,26.45,CASH,TAKEAWAY,5,5
TXN102476,S001,2024-10-03,19:04,Thursday,4,101.0,0.0,15.15,116.15,CREDIT_CARD,DELIVERY,4,30
TXN102477,S001,2024-10-03,13:16,Thursday,4,80.0,8.0,10.8,82.8,CASH,TAKEAWAY,4,15
TXN102478,S001,2024-10-03,11:53,Thursday,4,88.0,0.0,13.2,101.2,CASH,DELIVERY,5,23
TXN102479,S001,2024-10-03,19:56,Thursday,1,12.0,0.0,1.8,13.8,CREDIT_CARD,DINE_IN,4,9
TXN102480,S001,2024-10-03,20:52,Thursday,1,26.0,0.0,3.9,29.9,DIGITAL_WALLET,DINE_IN,3,13
TXN102481,S001,2024-10-03,17:41,Thursday,1,32.0,0.0,4.8,36.8,MADA,TAKEAWAY,5,9
TXN102482,S001,2024-10-03,13:58,Thursday,3,60.0,0.0,9.0,69.0,DIGITAL_WALLET,TAKEAWAY,5,10
TXN102483,S001,2024-10-03,16:18,Thursday,4,90.0,0.0,13.5,103.5,CASH,DINE_IN,5,12
TXN102484,S001,2024-10-03,13:07,Thursday,3,65.0,0.0,9.75,74.75,CREDIT_CARD,DRIVE_THRU,5,3
TXN102485,S001,2024-10-03,13:56,Thursday,1,10.0,0.0,1.5,11.5,DEBIT_CARD,DRIVE_THRU,4,6
TXN102486,S001,2024-10-03,18:27,Thursday,5,110.0,0.0,16.5,126.5,DEBIT_CARD,DRIVE_THRU,5,4
TXN102487,S001,2024-10-03,19:31,Thursday,3,86.0,0.0,12.9,98.9,DEBIT_CARD,TAKEAWAY,5,6
TXN102488,S001,2024-10-03,21:29,Thursday,3,53.0,0.0,7.95,60.95,DEBIT_CARD,TAKEAWAY,4,9
TXN102489,S001,2024-10-03,16:38,Thursday,2,38.0,0.0,5.7,43.7,MADA,DELIVERY,4,31
TXN102490,S001,2024-10-03,21:58,Thursday,3,28.0,0.0,4.2,32.2,CREDIT_CARD,DRIVE_THRU,4,8
TXN102491,S001,2024-10-03,11:09,Thursday,2,38.0,0.0,5.7,43.7,DEBIT_CARD,DINE_IN,4,5
TXN102492,S001,2024-10-03,15:42,Thursday,1,25.0,0.0,3.75,28.75,DEBIT_CARD,DINE_IN,5,5
TXN102493,S001,2024-10-03,23:24,Thursday,3,66.0,6.6,8.91,68.31,MADA,TAKEAWAY,5,6
TXN102494,S001,2024-10-03,19:00,Thursday,5,86.0,0.0,12.9,98.9,CASH,TAKEAWAY,3,7
TXN102495,S001,2024-10-03,08:26,Thursday,2,40.0,0.0,6.0,46.0,CREDIT_CARD,DRIVE_THRU,4,7
TXN102496,S001,2024-10-03,12:11,Thursday,3,61.0,0.0,9.15,70.15,DEBIT_CARD,DRIVE_THRU,4,5
TXN102497,S001,2024-10-03,23:37,Thursday,3,63.0,6.3,8.51,65.21,MADA,DELIVERY,4,23
TXN102498,S001,2024-10-03,12:56,Thursday,4,82.0,0.0,12.3,94.3,DEBIT_CARD,DRIVE_THRU,4,6
TXN102499,S001,2024-10-03,20:10,Thursday,4,80.0,0.0,12.0,92.0,DIGITAL_WALLET,DELIVERY,3,31
TXN102500,S001,2024-10-03,21:35,Thursday,5,96.0,0.0,14.4,110.4,MADA,DINE_IN,5,5
TXN102501,S001,2024-10-03,20:06,Thursday,3,50.0,0.0,7.5,57.5,MADA,DELIVERY,5,24
TXN102502,S001,2024-10-03,19:32,Thursday,4,87.0,0.0,13.05,100.05,DIGITAL_WALLET,TAKEAWAY,4,15
TXN102503,S001,2024-10-03,12:02,Thursday,2,20.0,0.0,3.0,23.0,MADA,DRIVE_THRU,2,4
TXN102504,S001,2024-10-03,19:31,Thursday,5,90.0,0.0,13.5,103.5,CASH,DRIVE_THRU,3,8
TXN102505,S001,2024-10-03,18:57,Thursday,3,70.0,0.0,10.5,80.5,CASH,DELIVERY,5,37
TXN102506,S001,2024-10-03,13:22,Thursday,4,65.0,0.0,9.75,74.75,CASH,DELIVERY,3,20
TXN102507,S001,2024-10-03,19:38,Thursday,5,93.0,0.0,13.95,106.95,MADA,TAKEAWAY,1,6
TXN102508,S001,2024-10-03,19:24,Thursday,2,42.0,0.0,6.3,48.3,DEBIT_CARD,DELIVERY,4,21
TXN102509,S001,2024-10-03,11:20,Thursday,2,47.0,0.0,7.05,54.05,DIGITAL_WALLET,DINE_IN,4,13
TXN102510,S001,2024-10-03,10:22,Thursday,2,36.0,0.0,5.4,41.4,DIGITAL_WALLET,TAKEAWAY,4,7
TXN102511,S001,2024-10-03,18:54,Thursday,2,35.0,0.0,5.25,40.25,DIGITAL_WALLET,DRIVE_THRU,4,3
TXN102512,S001,2024-10-03,17:43,Thursday,2,36.0,0.0,5.4,41.4,CREDIT_CARD,DRIVE_THRU,4,3
TXN102513,S001,2024-10-03,19:17,Thursday,1,10.0,0.0,1.5,11.5,CASH,DELIVERY,4,32
TXN102514,S001,2024-10-03,18:20,Thursday,3,47.0,0.0,7.05,54.05,MADA,DINE_IN,4,12
TXN102515,S001,2024-10-03,17:24,Thursday,1,25.0,0.0,3.75,28.75,DIGITAL_WALLET,DINE_IN,4,8
TXN102516,S001,2024-10-03,12:09,Thursday,3,40.0,0.0,6.0,46.0,CREDIT_CARD,DRIVE_THRU,5,5
TXN102517,S001,2024-10-03,18:58,Thursday,4,81.0,0.0,12.15,93.15,CREDIT_CARD,TAKEAWAY,4,14
TXN102518,S001,2024-10-03,18:28,Thursday,2,37.0,0.0,5.55,42.55,MADA,DRIVE_THRU,5,3
TXN102519,S001,2024-10-03,13:26,Thursday,3,68.0,0.0,10.2,78.2,MADA,DRIVE_THRU,5,6
TXN102520,S001,2024-10-03,18:30,Thursday,4,99.0,0.0,14.85,113.85,CASH,DRIVE_THRU,3,4
TXN102521,S001,2024-10-03,18:32,Thursday,1,8.0,0.0,1.2,9.2,DEBIT_CARD,DINE_IN,3,5
TXN102522,S001,2024-10-03,14:42,Thursday,3,80.0,0.0,12.0,92.0,CREDIT_CARD,DELIVERY,4,35
TXN102523,S001,2024-10-03,18:05,Thursday,3,50.0,0.0,7.5,57.5,MADA,DELIVERY,4,32
TXN102524,S001,2024-10-03,12:53,Thursday,2,22.0,0.0,3.3,25.3,DIGITAL_WALLET,DINE_IN,4,10
TXN102525,S001,2024-10-03,13:38,Thursday,2,22.0,0.0,3.3,25.3,MADA,DRIVE_THRU,4,5
TXN102526,S001,2024-10-03,19:22,Thursday,3,66.0,6.6,8.91,68.31,DIGITAL_WALLET,TAKEAWAY,4,13
TXN102527,S001,2024-10-03,19:18,Thursday,2,37.0,0.0,5.55,42.55,CREDIT_CARD,TAKEAWAY,1,6
TXN102528,S001,2024-10-03,18:48,Thursday,2,30.0,0.0,4.5,34.5,CASH,DINE_IN,5,12
TXN102529,S001,2024-10-03,14:26,Thursday,3,48.0,0.0,7.2,55.2,DIGITAL_WALLET,TAKEAWAY,2,5
TXN102530,S001,2024-10-03,19:10,Thursday,3,32.0,0.0,4.8,36.8,CASH,TAKEAWAY,5,14
TXN102531,S001,2024-10-03,10:08,Thursday,2,44.0,0.0,6.6,50.6,MADA,TAKEAWAY,2,15
TXN102532,S001,2024-10-03,19:40,Thursday,3,66.0,0.0,9.9,75.9,DIGITAL_WALLET,DINE_IN,4,14
TXN102533,S001,2024-10-03,12:55,Thursday,2,20.0,0.0,3.0,23.0,MADA,DELIVERY,4,35
TXN102534,S001,2024-10-03,11:18,Thursday,4,101.0,10.1,13.63,104.53,CREDIT_CARD,TAKEAWAY,5,8
TXN102535,S001,2024-10-03,18:34,Thursday,3,66.0,0.0,9.9,75.9,CASH,DRIVE_THRU,3,6
TXN102536,S001,2024-10-03,13:42,Thursday,3,43.0,0.0,6.45,49.45,DIGITAL_WALLET,DELIVERY,3,37
TXN102537,S001,2024-10-03,12:43,Thursday,3,60.0,0.0,9.0,69.0,DEBIT_CARD,DRIVE_THRU,5,4
TXN102538,S001,2024-10-03,10:06,Thursday,4,65.0,0.0,9.75,74.75,DIGITAL_WALLET,TAKEAWAY,4,11
TXN102539,S001,2024-10-03,14:50,Thursday,4,80.0,0.0,12.0,92.0,DEBIT_CARD,DELIVERY,5,27
TXN102540,S001,2024-10-03,21:58,Thursday,2,22.0,0.0,3.3,25.3,DIGITAL_WALLET,TAKEAWAY,5,9
TXN102541,S001,2024-10-03,17:32,Thursday,2,41.0,0.0,6.15,47.15,MADA,DELIVERY,5,23
TXN102542,S001,2024-10-03,09:26,Thursday,3,53.0,0.0,7.95,60.95,MADA,TAKEAWAY,4,13
TXN102543,S001,2024-10-03,20:54,Thursday,2,40.0,0.0,6.0,46.0,CREDIT_CARD,TAKEAWAY,5,12
TXN102544,S001,2024-10-03,12:14,Thursday,3,56.0,0.0,8.4,64.4,CREDIT_CARD,DELIVERY,5,28
TXN102545,S001,2024-10-03,19:04,Thursday,2,57.0,0.0,8.55,65.55,DEBIT_CARD,DINE_IN,3,8
TXN102546,S001,2024-10-03,13:31,Thursday,3,50.0,0.0,7.5,57.5,DEBIT_CARD,TAKEAWAY,5,12
TXN102547,S001,2024-10-03,19:08,Thursday,2,33.0,0.0,4.95,37.95,CASH,TAKEAWAY,2,8
TXN102548,S001,2024-10-03,18:33,Thursday,2,37.0,0.0,5.55,42.55,CREDIT_CARD,DRIVE_THRU,3,8
TXN102549,S001,2024-10-03,19:09,Thursday,3,53.0,5.3,7.16,54.86,DIGITAL_WALLET,TAKEAWAY,4,12
TXN102550,S001,2024-10-03,08:12,Thursday,3,68.0,0.0,10.2,78.2,MADA,TAKEAWAY,3,6
TXN102551,S001,2024-10-03,10:08,Thursday,4,74.0,0.0,11.1,85.1,DEBIT_CARD,DRIVE_THRU,4,5
TXN102552,S001,2024-10-03,19:55,Thursday,3,55.0,0.0,8.25,63.25,MADA,TAKEAWAY,2,13
TXN102553,S001,2024-10-03,12:44,Thursday,3,59.0,0.0,8.85,67.85,DIGITAL_WALLET,DINE_IN,5,15
TXN102554,S001,2024-10-03,18:38,Thursday,4,87.0,0.0,13.05,100.05,DEBIT_CARD,TAKEAWAY,4,5
TXN102555,S001,2024-10-03,11:12,Thursday,2,28.0,0.0,4.2,32.2,CASH,DRIVE_THRU,4,8
TXN102556,S001,2024-10-03,22:55,Thursday,1,32.0,0.0,4.8,36.8,DEBIT_CARD,TAKEAWAY,3,10
TXN102557,S001,2024-10-03,19:33,Thursday,3,50.0,0.0,7.5,57.5,CASH,DRIVE_THRU,5,8
TXN102558,S001,2024-10-03,16:40,Thursday,4,81.0,0.0,12.15,93.15,CASH,DELIVERY,2,27
TXN102559,S001,2024-10-03,10:25,Thursday,2,18.0,1.8,2.43,18.63,CREDIT_CARD,DELIVERY,3,40
TXN102560,S001,2024-10-03,18:17,Thursday,3,67.0,0.0,10.05,77.05,DEBIT_CARD,DINE_IN,3,14
TXN102561,S001,2024-10-03,18:06,Thursday,4,58.0,0.0,8.7,66.7,DIGITAL_WALLET,TAKEAWAY,4,5
TXN102562,S001,2024-10-03,11:59,Thursday,3,70.0,0.0,10.5,80.5,MADA,DRIVE_THRU,4,3
TXN102563,S001,2024-10-03,14:06,Thursday,2,25.0,0.0,3.75,28.75,MADA,TAKEAWAY,3,14
TXN102564,S001,2024-10-03,18:52,Thursday,4,48.0,0.0,7.2,55.2,CREDIT_CARD,DRIVE_THRU,4,6
TXN102565,S001,2024-10-03,19:46,Thursday,2,38.0,0.0,5.7,43.7,MADA,DRIVE_THRU,4,5
TXN102566,S001,2024-10-03,13:34,Thursday,1,10.0,0.0,1.5,11.5,DIGITAL_WALLET,DRIVE_THRU,4,4
TXN102567,S001,2024-10-03,13:15,Thursday,5,74.0,0.0,11.1,85.1,DIGITAL_WALLET,TAKEAWAY,5,6
TXN102568,S001,2024-10-03,15:49,Thursday,3,46.0,4.6,6.21,47.61,DEBIT_CARD,DELIVERY,5,33
TXN102569,S001,2024-10-03,17:38,Thursday,4,94.0,0.0,14.1,108.1,DEBIT_CARD,DRIVE_THRU,3,6
TXN102570,S001,2024-10-03,12:48,Thursday,2,26.0,0.0,3.9,29.9,CREDIT_CARD,DELIVERY,4,40
TXN102571,S001,2024-10-03,13:47,Thursday,3,46.0,0.0,6.9,52.9,DEBIT_CARD,DELIVERY,4,27
TXN102572,S001,2024-10-03,08:34,Thursday,3,66.0,0.0,9.9,75.9,DIGITAL_WALLET,DRIVE_THRU,5,3
TXN102573,S001,2024-10-03,18:48,Thursday,4,64.0,0.0,9.6,73.6,CASH,DINE_IN,5,13
TXN102574,S001,2024-10-03,13:20,Thursday,2,22.0,0.0,3.3,25.3,DIGITAL_WALLET,DRIVE_THRU,1,7
TXN102575,S001,2024-10-03,10:28,Thursday,4,96.0,0.0,14.4,110.4,DEBIT_CARD,DRIVE_THRU,3,8
TXN102576,S001,2024-10-03,13:13,Thursday,4,68.0,0.0,10.2,78.2,CASH,TAKEAWAY,5,15
TXN102577,S001,2024-10-03,18:40,Thursday,3,43.0,0.0,6.45,49.45,DIGITAL_WALLET,TAKEAWAY,5,11
TXN102578,S001,2024-10-03,13:38,Thursday,3,35.0,0.0,5.25,40.25,CREDIT_CARD,DELIVERY,5,20
TXN102579,S001,2024-10-03,09:45,Thursday,2,51.0,0.0,7.65,58.65,DIGITAL_WALLET,DELIVERY,3,34
TXN102580,S001,2024-10-03,18:44,Thursday,2,50.0,5.0,6.75,51.75,DEBIT_CARD,DRIVE_THRU,5,8
TXN102581,S001,2024-10-03,08:01,Thursday,2,37.0,0.0,5.55,42.55,DIGITAL_WALLET,DINE_IN,5,10
TXN102582,S001,2024-10-03,16:40,Thursday,3,70.0,0.0,10.5,80.5,CASH,DINE_IN,2,7
TXN102583,S001,2024-10-03,14:01,Thursday,3,51.0,0.0,7.65,58.65,CREDIT_CARD,DELIVERY,5,30
TXN102584,S001,2024-10-03,18:55,Thursday,3,50.0,0.0,7.5,57.5,MADA,DRIVE_THRU,4,3
TXN102585,S001,2024-10-03,18:06,Thursday,2,27.0,0.0,4.05,31.05,DEBIT_CARD,TAKEAWAY,4,13
TXN102586,S001,2024-10-03,20:40,Thursday,2,37.0,0.0,5.55,42.55,CREDIT_CARD,DINE_IN,5,6
TXN102587,S001,2024-10-03,21:31,Thursday,3,37.0,0.0,5.55,42.55,MADA,DRIVE_THRU,4,7
TXN102588,S001,2024-10-03,13:54,Thursday,4,73.0,7.3,9.86,75.56,CASH,DRIVE_THRU,2,6
TXN102589,S001,2024-10-03,18:05,Thursday,2,25.0,0.0,3.75,28.75,DEBIT_CARD,DINE_IN,4,13
TXN102590,S001,2024-10-03,19:17,Thursday,2,38.0,0.0,5.7,43.7,DIGITAL_WALLET,DRIVE_THRU,5,8
TXN102591,S001,2024-10-03,18:12,Thursday,5,85.0,0.0,12.75,97.75,CASH,DINE_IN,2,5
TXN102592,S001,2024-10-03,18:33,Thursday,4,88.0,0.0,13.2,101.2,CASH,DINE_IN,5,9
TXN102593,S001,2024-10-03,19:34,Thursday,5,99.0,9.9,13.36,102.46,MADA,DRIVE_THRU,5,3
TXN102594,S001,2024-10-03,18:14,Thursday,1,25.0,0.0,3.75,28.75,DIGITAL_WALLET,TAKEAWAY,4,8
TXN102595,S001,2024-10-03,19:25,Thursday,2,40.0,0.0,6.0,46.0,CASH,DRIVE_THRU,5,8
TXN102596,S001,2024-10-03,18:33,Thursday,1,18.0,0.0,2.7,20.7,DIGITAL_WALLET,DELIVERY,5,20
TXN102597,S001,2024-10-03,19:58,Thursday,3,70.0,0.0,10.5,80.5,MADA,DRIVE_THRU,5,8
TXN102598,S001,2024-10-03,12:55,Thursday,3,60.0,0.0,9.0,69.0,MADA,DELIVERY,5,23
TXN102599,S001,2024-10-03,17:07,Thursday,3,53.0,0.0,7.95,60.95,DIGITAL_WALLET,TAKEAWAY,5,10
TXN102600,S001,2024-10-03,18:48,Thursday,3,37.0,0.0,5.55,42.55,CASH,TAKEAWAY,4,7
TXN102601,S001,2024-10-03,18:34,Thursday,4,67.0,0.0,10.05,77.05,DEBIT_CARD,DINE_IN,3,15
TXN102602,S001,2024-10-03,13:49,Thursday,4,63.0,0.0,9.45,72.45,CREDIT_CARD,TAKEAWAY,4,12
TXN102603,S001,2024-10-03,16:44,Thursday,3,60.0,0.0,9.0,69.0,CASH,TAKEAWAY,5,10
TXN102604,S001,2024-10-03,12:35,Thursday,4,66.0,0.0,9.9,75.9,MADA,DRIVE_THRU,5,7
TXN102605,S001,2024-10-03,17:08,Thursday,2,30.0,0.0,4.5,34.5,CREDIT_CARD,TAKEAWAY,4,14
TXN102606,S001,2024-10-03,19:24,Thursday,2,38.0,0.0,5.7,43.7,DEBIT_CARD,DINE_IN,4,6
TXN102607,S001,2024-10-03,20:59,Thursday,2,44.0,0.0,6.6,50.6,DIGITAL_WALLET,DELIVERY,4,38
TXN102608,S001,2024-10-03,12:04,Thursday,5,81.0,0.0,12.15,93.15,MADA,TAKEAWAY,3,6
TXN102609,S001,2024-10-03,19:19,Thursday,3,48.0,0.0,7.2,55.2,CASH,DRIVE_THRU,4,7
TXN102610,S001,2024-10-03,18:11,Thursday,3,30.0,0.0,4.5,34.5,DIGITAL_WALLET,DINE_IN,5,15
TXN102611,S001,2024-10-03,08:09,Thursday,3,72.0,0.0,10.8,82.8,CREDIT_CARD,DELIVERY,5,22
TXN102612,S001,2024-10-03,18:25,Thursday,4,91.0,0.0,13.65,104.65,CASH,TAKEAWAY,5,14
TXN102613,S001,2024-10-03,13:11,Thursday,2,45.0,0.0,6.75,51.75,CASH,DINE_IN,4,5
TXN102614,S001,2024-10-03,08:31,Thursday,3,79.0,0.0,11.85,90.85,DIGITAL_WALLET,TAKEAWAY,3,14
TXN102615,S001,2024-10-03,15:15,Thursday,3,47.0,0.0,7.05,54.05,DEBIT_CARD,TAKEAWAY,5,6
TXN102616,S001,2024-10-03,19:48,Thursday,2,27.0,0.0,4.05,31.05,DEBIT_CARD,TAKEAWAY,5,12
TXN102617,S001,2024-10-03,12:46,Thursday,2,42.0,0.0,6.3,48.3,DEBIT_CARD,DELIVERY,5,27
TXN102618,S001,2024-10-03,12:46,Thursday,1,15.0,0.0,2.25,17.25,MADA,TAKEAWAY,4,13
TXN102619,S001,2024-10-03,12:47,Thursday,4,73.0,0.0,10.95,83.95,CREDIT_CARD,DELIVERY,5,33
TXN102620,S001,2024-10-03,18:54,Thursday,3,57.0,0.0,8.55,65.55,DEBIT_CARD,DELIVERY,4,20
TXN102621,S001,2024-10-03,19:51,Thursday,3,30.0,3.0,4.05,31.05,MADA,DELIVERY,4,40
TXN102622,S001,2024-10-03,14:51,Thursday,3,67.0,0.0,10.05,77.05,DIGITAL_WALLET,DELIVERY,5,21
TXN102623,S001,2024-10-03,13:48,Thursday,3,63.0,0.0,9.45,72.45,CASH,DRIVE_THRU,4,6
TXN102624,S001,2024-10-03,15:46,Thursday,4,95.0,0.0,14.25,109.25,MADA,DRIVE_THRU,4,8
TXN102625,S002,2024-10-03,14:58,Thursday,3,54.0,0.0,8.1,62.1,DEBIT_CARD,DINE_IN,4,5
TXN102626,S002,2024-10-03,10:08,Thursday,2,42.0,0.0,6.3,48.3,CREDIT_CARD,DINE_IN,4,10
TXN102627,S002,2024-10-03,09:11,Thursday,5,115.0,0.0,17.25,132.25,CREDIT_CARD,TAKEAWAY,4,15
TXN102628,S002,2024-10-03,18:43,Thursday,2,42.0,0.0,6.3,48.3,DEBIT_CARD,DRIVE_THRU,3,8
TXN102629,S002,2024-10-03,19:06,Thursday,2,42.0,0.0,6.3,48.3,CASH,DELIVERY,5,25
TXN102630,S002,2024-10-03,14:11,Thursday,4,74.0,0.0,11.1,85.1,DIGITAL_WALLET,DRIVE_THRU,5,5
TXN102631,S002,2024-10-03,11:03,Thursday,3,50.0,0.0,7.5,57.5,DEBIT_CARD,DELIVERY,4,22
TXN102632,S002,2024-10-03,13:48,Thursday,3,78.0,0.0,11.7,89.7,DEBIT_CARD,DINE_IN,3,15
TXN102633,S002,2024-10-03,20:19,Thursday,2,20.0,0.0,3.0,23.0,CREDIT_CARD,TAKEAWAY,5,11
TXN102634,S002,2024-10-03,12:11,Thursday,3,59.0,0.0,8.85,67.85,DIGITAL_WALLET,DELIVERY,4,24
TXN102635,S002,2024-10-03,19:42,Thursday,2,22.0,0.0,3.3,25.3,CREDIT_CARD,TAKEAWAY,4,6
TXN102636,S002,2024-10-03,12:27,Thursday,1,25.0,0.0,3.75,28.75,MADA,TAKEAWAY,4,5
TXN102637,S002,2024-10-03,18:59,Thursday,1,18.0,0.0,2.7,20.7,MADA,TAKEAWAY,4,8
TXN102638,S002,2024-10-03,20:38,Thursday,2,47.0,0.0,7.05,54.05,CASH,DELIVERY,4,30
TXN102639,S002,2024-10-03,19:52,Thursday,3,51.0,0.0,7.65,58.65,CASH,DRIVE_THRU,5,4
TXN102640,S002,2024-10-03,13:14,Thursday,4,58.0,0.0,8.7,66.7,DEBIT_CARD,DINE_IN,5,15
TXN102641,S002,2024-10-03,12:09,Thursday,2,45.0,0.0,6.75,51.75,CASH,DRIVE_THRU,4,8
TXN102642,S002,2024-10-03,12:15,Thursday,2,22.0,0.0,3.3,25.3,DIGITAL_WALLET,TAKEAWAY,4,14
TXN102643,S002,2024-10-03,18:07,Thursday,3,71.0,0.0,10.65,81.65,DEBIT_CARD,DRIVE_THRU,5,7
TXN102644,S002,2024-10-03,19:12,Thursday,3,63.0,0.0,9.45,72.45,CASH,DINE_IN,5,7
TXN102645,S002,2024-10-03,18:37,Thursday,3,54.0,0.0,8.1,62.1,DIGITAL_WALLET,DRIVE_THRU,5,3
TXN102646,S002,2024-10-03,21:59,Thursday,3,51.0,0.0,7.65,58.65,DIGITAL_WALLET,DRIVE_THRU,5,7
TXN102647,S002,2024-10-03,11:27,Thursday,2,50.0,0.0,7.5,57.5,MADA,TAKEAWAY,4,14
TXN102648,S002,2024-10-03,12:06,Thursday,3,63.0,0.0,9.45,72.45,DEBIT_CARD,TAKEAWAY,3,12
TXN102649,S002,2024-10-03,14:30,Thursday,2,38.0,0.0,5.7,43.7,MADA,TAKEAWAY,4,12
TXN102650,S002,2024-10-03,18:22,Thursday,4,70.0,0.0,10.5,80.5,CASH,DELIVERY,4,21
TXN102651,S002,2024-10-03,08:11,Thursday,1,12.0,0.0,1.8,13.8,MADA,DRIVE_THRU,4,7
TXN102652,S002,2024-10-03,18:56,Thursday,2,37.0,0.0,5.55,42.55,CASH,DRIVE_THRU,4,7
TXN102653,S002,2024-10-03,14:48,Thursday,2,42.0,0.0,6.3,48.3,DEBIT_CARD,DINE_IN,4,8
TXN102654,S002,2024-10-03,13:43,Thursday,3,47.0,0.0,7.05,54.05,MADA,DRIVE_THRU,4,6
TXN102655,S002,2024-10-03,17:06,Thursday,1,30.0,0.0,4.5,34.5,CREDIT_CARD,TAKEAWAY,3,5
TXN102656,S002,2024-10-03,19:20,Thursday,2,55.0,0.0,8.25,63.25,CASH,DELIVERY,3,20
TXN102657,S002,2024-10-03,11:34,Thursday,3,66.0,0.0,9.9,75.9,MADA,DRIVE_THRU,5,3
TXN102658,S002,2024-10-03,20:43,Thursday,2,44.0,0.0,6.6,50.6,DIGITAL_WALLET,DINE_IN,4,14
TXN102659,S002,2024-10-03,18:43,Thursday,1,10.0,0.0,1.5,11.5,CREDIT_CARD,TAKEAWAY,4,12
TXN102660,S002,2024-10-03,19:37,Thursday,3,39.0,0.0,5.85,44.85,CASH,DINE_IN,2,7
TXN102661,S002,2024-10-03,11:44,Thursday,3,50.0,0.0,7.5,57.5,DIGITAL_WALLET,DRIVE_THRU,4,5
TXN102662,S002,2024-10-03,19:01,Thursday,4,48.0,0.0,7.2,55.2,CREDIT_CARD,TAKEAWAY,1,10
TXN102663,S002,2024-10-03,11:07,Thursday,4,85.0,0.0,12.75,97.75,DEBIT_CARD,DELIVERY,4,31
TXN102664,S002,2024-10-03,14:30,Thursday,2,25.0,0.0,3.75,28.75,CASH,DRIVE_THRU,4,6
TXN102665,S002,2024-10-03,11:28,Thursday,3,52.0,0.0,7.8,59.8,CREDIT_CARD,TAKEAWAY,4,10
TXN102666,S002,2024-10-03,14:08,Thursday,3,35.0,0.0,5.25,40.25,CASH,DELIVERY,4,26
TXN102667,S002,2024-10-03,15:12,Thursday,3,45.0,0.0,6.75,51.75,CASH,DRIVE_THRU,5,4
TXN102668,S002,2024-10-03,18:59,Thursday,3,52.0,0.0,7.8,59.8,DEBIT_CARD,DELIVERY,5,32
TXN102669,S002,2024-10-03,12:27,Thursday,2,58.0,0.0,8.7,66.7,CASH,DINE_IN,5,11
TXN102670,S002,2024-10-03,19:43,Thursday,2,22.0,0.0,3.3,25.3,CREDIT_CARD,DELIVERY,4,23
TXN102671,S002,2024-10-03,18:34,Thursday,3,70.0,0.0,10.5,80.5,DEBIT_CARD,TAKEAWAY,4,13
TXN102672,S002,2024-10-03,22:24,Thursday,3,70.0,0.0,10.5,80.5,MADA,DRIVE_THRU,1,5
TXN102673,S002,2024-10-03,17:31,Thursday,3,57.0,0.0,8.55,65.55,CASH,DELIVERY,4,25
TXN102674,S002,2024-10-03,19:09,Thursday,4,86.0,0.0,12.9,98.9,CASH,TAKEAWAY,4,8
TXN102675,S002,2024-10-03,13:02,Thursday,4,101.0,10.1,13.63,104.53,DIGITAL_WALLET,DRIVE_THRU,3,4
TXN102676,S002,2024-10-03,13:07,Thursday,3,68.0,0.0,10.2,78.2,MADA,TAKEAWAY,5,12
TXN102677,S002,2024-10-03,13:28,Thursday,3,43.0,0.0,6.45,49.45,DIGITAL_WALLET,DELIVERY,4,34
TXN102678,S002,2024-10-03,18:03,Thursday,2,58.0,0.0,8.7,66.7,CASH,DELIVERY,4,33
TXN102679,S002,2024-10-03,19:26,Thursday,2,42.0,0.0,6.3,48.3,MADA,DINE_IN,5,5
TXN102680,S002,2024-10-03,14:31,Thursday,2,22.0,0.0,3.3,25.3,CREDIT_CARD,DINE_IN,5,8
TXN102681,S002,2024-10-03,19:10,Thursday,3,32.0,0.0,4.8,36.8,DIGITAL_WALLET,DINE_IN,4,9
TXN102682,S002,2024-10-03,18:13,Thursday,3,50.0,5.0,6.75,51.75,CREDIT_CARD,DINE_IN,4,7
TXN102683,S002,2024-10-03,18:07,Thursday,4,84.0,0.0,12.6,96.6,DIGITAL_WALLET,DELIVERY,3,25
TXN102684,S002,2024-10-03,11:14,Thursday,4,87.0,0.0,13.05,100.05,CREDIT_CARD,DINE_IN,4,13
TXN102685,S002,2024-10-03,13:37,Thursday,1,28.0,0.0,4.2,32.2,MADA,DINE_IN,4,15
TXN102686,S002,2024-10-03,12:22,Thursday,3,28.0,0.0,4.2,32.2,DEBIT_CARD,TAKEAWAY,5,8
TXN102687,S002,2024-10-03,18:58,Thursday,3,70.0,0.0,10.5,80.5,CREDIT_CARD,DRIVE_THRU,3,5
TXN102688,S002,2024-10-03,19:57,Thursday,2,37.0,3.7,4.99,38.29,MADA,DRIVE_THRU,4,3
TXN102689,S002,2024-10-03,18:53,Thursday,5,110.0,0.0,16.5,126.5,CREDIT_CARD,DRIVE_THRU,4,3
TXN102690,S002,2024-10-03,12:34,Thursday,2,28.0,0.0,4.2,32.2,DEBIT_CARD,DINE_IN,5,13
TXN102691,S002,2024-10-03,12:14,Thursday,1,15.0,0.0,2.25,17.25,CASH,DRIVE_THRU,1,6
TXN102692,S002,2024-10-03,18:33,Thursday,3,56.0,0.0,8.4,64.4,DIGITAL_WALLET,DELIVERY,4,38
TXN102693,S002,2024-10-03,17:08,Thursday,3,46.0,0.0,6.9,52.9,MADA,DRIVE_THRU,5,6
TXN102694,S002,2024-10-03,16:49,Thursday,4,69.0,0.0,10.35,79.35,CASH,DINE_IN,5,8
TXN102695,S002,2024-10-03,21:30,Thursday,2,27.0,2.7,3.65,27.95,CREDIT_CARD,DINE_IN,4,8
TXN102696,S002,2024-10-03,18:00,Thursday,3,61.0,0.0,9.15,70.15,CREDIT_CARD,DELIVERY,3,39
TXN102697,S002,2024-10-03,17:50,Thursday,4,83.0,0.0,12.45,95.45,CREDIT_CARD,TAKEAWAY,4,5
TXN102698,S002,2024-10-03,11:34,Thursday,1,25.0,0.0,3.75,28.75,CREDIT_CARD,DELIVERY,5,37
TXN102699,S002,2024-10-03,19:17,Thursday,2,40.0,0.0,6.0,46.0,DEBIT_CARD,DRIVE_THRU,5,5
TXN102700,S002,2024-10-03,08:38,Thursday,2,25.0,0.0,3.75,28.75,CASH,DINE_IN,5,13
TXN102701,S002,2024-10-03,14:04,Thursday,5,112.0,0.0,16.8,128.8,DEBIT_CARD,DRIVE_THRU,5,7
TXN102702,S002,2024-10-03,18:57,Thursday,2,38.0,0.0,5.7,43.7,CREDIT_CARD,DELIVERY,5,22
TXN102703,S002,2024-10-03,18:39,Thursday,1,26.0,0.0,3.9,29.9,CASH,DINE_IN,2,8
TXN102704,S002,2024-10-03,13:20,Thursday,3,56.0,0.0,8.4,64.4,CASH,DRIVE_THRU,4,6
TXN102705,S002,2024-10-03,19:27,Thursday,3,59.0,0.0,8.85,67.85,MADA,DELIVERY,4,37
TXN102706,S002,2024-10-03,13:36,Thursday,2,44.0,0.0,6.6,50.6,CREDIT_CARD,DINE_IN,5,8
TXN102707,S002,2024-10-03,19:19,Thursday,2,22.0,0.0,3.3,25.3,DEBIT_CARD,DINE_IN,4,15
TXN102708,S002,2024-10-03,12:47,Thursday,2,45.0,0.0,6.75,51.75,DEBIT_CARD,DRIVE_THRU,5,5
TXN102709,S002,2024-10-03,12:23,Thursday,2,18.0,0.0,2.7,20.7,MADA,DELIVERY,5,36
TXN102710,S002,2024-10-03,14:51,Thursday,2,51.0,0.0,7.65,58.65,MADA,DRIVE_THRU,4,7
TXN102711,S002,2024-10-03,21:35,Thursday,2,40.0,0.0,6.0,46.0,DEBIT_CARD,DINE_IN,4,10
TXN102712,S002,2024-10-03,12:48,Thursday,4,48.0,0.0,7.2,55.2,DIGITAL_WALLET,DINE_IN,4,11
TXN102713,S002,2024-10-03,19:38,Thursday,4,80.0,0.0,12.0,92.0,CASH,TAKEAWAY,4,5
TXN102714,S002,2024-10-03,12:07,Thursday,4,84.0,0.0,12.6,96.6,MADA,DELIVERY,4,37
TXN102715,S002,2024-10-03,16:29,Thursday,2,35.0,0.0,5.25,40.25,MADA,TAKEAWAY,5,13
TXN102716,S002,2024-10-03,21:27,Thursday,3,38.0,0.0,5.7,43.7,CASH,TAKEAWAY,5,12
TXN102717,S002,2024-10-03,18:54,Thursday,3,61.0,6.1,8.23,63.13,DEBIT_CARD,TAKEAWAY,5,6
TXN102718,S002,2024-10-03,09:48,Thursday,2,33.0,0.0,4.95,37.95,DIGITAL_WALLET,DINE_IN,4,12
TXN102719,S002,2024-10-03,19:26,Thursday,3,48.0,4.8,6.48,49.68,MADA,TAKEAWAY,5,15
TXN102720,S002,2024-10-03,11:31,Thursday,3,69.0,0.0,10.35,79.35,CREDIT_CARD,DELIVERY,4,40
TXN102721,S002,2024-10-03,23:36,Thursday,3,63.0,0.0,9.45,72.45,CASH,DELIVERY,5,33
TXN102722,S002,2024-10-03,19:36,Thursday,4,77.0,7.7,10.39,79.69,DEBIT_CARD,DRIVE_THRU,5,6
TXN102723,S002,2024-10-03,11:53,Thursday,3,54.0,0.0,8.1,62.1,CASH,DELIVERY,5,24
TXN102724,S002,2024-10-03,13:55,Thursday,3,48.0,0.0,7.2,55.2,DIGITAL_WALLET,TAKEAWAY,5,11
TXN102725,S002,2024-10-03,19:19,Thursday,3,59.0,0.0,8.85,67.85,CREDIT_CARD,DELIVERY,4,33
TXN102726,S002,2024-10-03,19:55,Thursday,1,15.0,0.0,2.25,17.25,MADA,DELIVERY,4,22
TXN102727,S002,2024-10-03,09:05,Thursday,4,61.0,0.0,9.15,70.15,CASH,DRIVE_THRU,1,5
TXN102728,S002,2024-10-03,18:32,Thursday,4,60.0,0.0,9.0,69.0,DIGITAL_WALLET,DINE_IN,5,11
TXN102729,S002,2024-10-03,13:09,Thursday,1,30.0,0.0,4.5,34.5,CREDIT_CARD,DELIVERY,4,29
TXN102730,S002,2024-10-03,12:38,Thursday,2,26.0,0.0,3.9,29.9,CREDIT_CARD,DRIVE_THRU,3,3
TXN102731,S002,2024-10-03,18:09,Thursday,2,22.0,0.0,3.3,25.3,CASH,TAKEAWAY,5,5
TXN102732,S002,2024-10-03,15:14,Thursday,4,59.0,0.0,8.85,67.85,DIGITAL_WALLET,DRIVE_THRU,5,4
TXN102733,S002,2024-10-03,13:25,Thursday,3,46.0,0.0,6.9,52.9,MADA,TAKEAWAY,5,9
TXN102734,S002,2024-10-03,19:49,Thursday,4,85.0,0.0,12.75,97.75,MADA,DELIVERY,3,31
TXN102735,S002,2024-10-03,19:28,Thursday,3,83.0,0.0,12.45,95.45,DIGITAL_WALLET,TAKEAWAY,4,9
TXN102736,S002,2024-10-03,09:55,Thursday,2,27.0,0.0,4.05,31.05,CASH,DELIVERY,4,31
TXN102737,S002,2024-10-03,12:05,Thursday,1,12.0,0.0,1.8,13.8,CREDIT_CARD,DINE_IN,5,5
TXN102738,S002,2024-10-03,19:41,Thursday,3,71.0,0.0,10.65,81.65,DEBIT_CARD,TAKEAWAY,4,13
TXN102739,S002,2024-10-03,12:47,Thursday,2,35.0,0.0,5.25,40.25,DEBIT_CARD,TAKEAWAY,4,10
TXN102740,S002,2024-10-03,21:58,Thursday,2,38.0,0.0,5.7,43.7,DIGITAL_WALLET,DINE_IN,5,15
TXN102741,S002,2024-10-03,19:55,Thursday,5,105.0,10.5,14.17,108.67,CREDIT_CARD,DELIVERY,4,31
TXN102742,S002,2024-10-03,19:04,Thursday,1,10.0,0.0,1.5,11.5,MADA,TAKEAWAY,5,6
TXN102743,S002,2024-10-03,11:06,Thursday,3,48.0,0.0,7.2,55.2,DIGITAL_WALLET,DELIVERY,4,22
TXN102744,S002,2024-10-03,13:19,Thursday,3,55.0,0.0,8.25,63.25,DIGITAL_WALLET,TAKEAWAY,5,9
TXN102745,S002,2024-10-03,19:46,Thursday,3,37.0,0.0,5.55,42.55,CREDIT_CARD,DINE_IN,5,7
TXN102746,S002,2024-10-03,13:21,Thursday,5,96.0,0.0,14.4,110.4,CREDIT_CARD,DRIVE_THRU,5,3
TXN102747,S002,2024-10-03,19:36,Thursday,3,52.0,0.0,7.8,59.8,DEBIT_CARD,DELIVERY,5,27
TXN102748,S002,2024-10-03,18:27,Thursday,2,58.0,0.0,8.7,66.7,DEBIT_CARD,DINE_IN,3,6
TXN102749,S002,2024-10-03,17:24,Thursday,1,12.0,0.0,1.8,13.8,CREDIT_CARD,DRIVE_THRU,4,3
TXN102750,S002,2024-10-03,12:46,Thursday,3,61.0,0.0,9.15,70.15,DEBIT_CARD,DRIVE_THRU,1,5
TXN102751,S002,2024-10-03,18:18,Thursday,2,22.0,0.0,3.3,25.3,CREDIT_CARD,TAKEAWAY,5,10
TXN102752,S002,2024-10-03,23:34,Thursday,4,62.0,0.0,9.3,71.3,DIGITAL_WALLET,TAKEAWAY,4,8
TXN102753,S002,2024-10-03,11:13,Thursday,4,98.0,0.0,14.7,112.7,MADA,DELIVERY,3,33
TXN102754,S002,2024-10-03,19:34,Thursday,4,66.0,0.0,9.9,75.9,DEBIT_CARD,DRIVE_THRU,5,6
TXN102755,S002,2024-10-03,17:20,Thursday,2,28.0,2.8,3.78,28.98,MADA,DELIVERY,5,22
TXN102756,S002,2024-10-03,20:35,Thursday,5,75.0,0.0,11.25,86.25,MADA,DRIVE_THRU,3,4
TXN102757,S002,2024-10-03,21:06,Thursday,3,51.0,5.1,6.88,52.78,CASH,DINE_IN,5,13
TXN102758,S002,2024-10-03,10:16,Thursday,4,99.0,0.0,14.85,113.85,CREDIT_CARD,DINE_IN,5,10
TXN102759,S002,2024-10-03,18:47,Thursday,4,104.0,10.4,14.04,107.64,DEBIT_CARD,DRIVE_THRU,4,4
TXN102760,S002,2024-10-03,13:05,Thursday,2,47.0,0.0,7.05,54.05,CASH,DELIVERY,5,31
TXN102761,S002,2024-10-03,13:54,Thursday,1,32.0,0.0,4.8,36.8,CASH,DRIVE_THRU,2,5
TXN102762,S002,2024-10-03,13:28,Thursday,3,54.0,0.0,8.1,62.1,MADA,TAKEAWAY,4,13
TXN102763,S002,2024-10-03,13:49,Thursday,2,27.0,0.0,4.05,31.05,DIGITAL_WALLET,DRIVE_THRU,5,5
TXN102764,S002,2024-10-03,13:56,Thursday,2,34.0,0.0,5.1,39.1,CASH,DRIVE_THRU,4,7
TXN102765,S002,2024-10-03,19:38,Thursday,2,54.0,0.0,8.1,62.1,CASH,DINE_IN,2,6
TXN102766,S002,2024-10-03,20:47,Thursday,2,27.0,0.0,4.05,31.05,CASH,DINE_IN,2,13
TXN102767,S002,2024-10-03,18:10,Thursday,3,73.0,0.0,10.95,83.95,DIGITAL_WALLET,DRIVE_THRU,3,3
TXN102768,S002,2024-10-03,18:31,Thursday,2,27.0,0.0,4.05,31.05,DIGITAL_WALLET,TAKEAWAY,5,5
TXN102769,S002,2024-10-03,17:40,Thursday,2,50.0,0.0,7.5,57.5,CASH,DELIVERY,4,24
TXN102770,S002,2024-10-03,18:40,Thursday,3,34.0,0.0,5.1,39.1,CREDIT_CARD,TAKEAWAY,2,8
TXN102771,S002,2024-10-03,12:01,Thursday,1,12.0,0.0,1.8,13.8,DEBIT_CARD,DELIVERY,4,24
TXN102772,S002,2024-10-03,12:12,Thursday,3,76.0,0.0,11.4,87.4,DEBIT_CARD,DELIVERY,3,21
TXN102773,S002,2024-10-03,13:32,Thursday,4,74.0,0.0,11.1,85.1,DIGITAL_WALLET,DINE_IN,4,5
TXN102774,S002,2024-10-03,12:59,Thursday,4,78.0,0.0,11.7,89.7,DIGITAL_WALLET,DELIVERY,4,32
TXN102775,S002,2024-10-03,18:38,Thursday,5,113.0,0.0,16.95,129.95,MADA,DELIVERY,4,28
TXN102776,S002,2024-10-03,12:06,Thursday,4,47.0,0.0,7.05,54.05,CREDIT_CARD,TAKEAWAY,4,13
TXN102777,S002,2024-10-03,14:56,Thursday,2,33.0,0.0,4.95,37.95,CREDIT_CARD,DINE_IN,3,15
TXN102778,S002,2024-10-03,21:26,Thursday,3,72.0,0.0,10.8,82.8,CASH,DRIVE_THRU,4,3
TXN102779,S002,2024-10-03,20:30,Thursday,4,81.0,0.0,12.15,93.15,MADA,DINE_IN,3,5
TXN102780,S002,2024-10-03,12:07,Thursday,4,53.0,0.0,7.95,60.95,MADA,DRIVE_THRU,5,7
TXN102781,S002,2024-10-03,13:04,Thursday,3,69.0,0.0,10.35,79.35,CASH,DELIVERY,4,34
TXN102782,S002,2024-10-03,12:15,Thursday,3,59.0,0.0,8.85,67.85,CASH,DELIVERY,5,24
TXN102783,S002,2024-10-03,18:25,Thursday,3,43.0,0.0,6.45,49.45,DIGITAL_WALLET,TAKEAWAY,5,10
TXN102784,S002,2024-10-03,13:42,Thursday,2,36.0,0.0,5.4,41.4,MADA,DRIVE_THRU,5,4
TXN102785,S002,2024-10-03,17:10,Thursday,3,68.0,0.0,10.2,78.2,CREDIT_CARD,DELIVERY,3,33
TXN102786,S002,2024-10-03,20:32,Thursday,2,33.0,0.0,4.95,37.95,DIGITAL_WALLET,TAKEAWAY,5,15
TXN102787,S002,2024-10-03,16:01,Thursday,3,50.0,0.0,7.5,57.5,CREDIT_CARD,TAKEAWAY,5,9
TXN102788,S002,2024-10-03,18:53,Thursday,3,68.0,0.0,10.2,78.2,CREDIT_CARD,DINE_IN,5,10
TXN102789,S002,2024-10-03,20:43,Thursday,4,62.0,0.0,9.3,71.3,DIGITAL_WALLET,DELIVERY,4,34
TXN102790,S002,2024-10-03,21:05,Thursday,5,92.0,0.0,13.8,105.8,CREDIT_CARD,TAKEAWAY,4,6
TXN102791,S002,2024-10-03,19:41,Thursday,2,28.0,0.0,4.2,32.2,DEBIT_CARD,DELIVERY,4,39
TXN102792,S002,2024-10-03,14:50,Thursday,2,22.0,0.0,3.3,25.3,CASH,TAKEAWAY,4,14
TXN102793,S002,2024-10-03,14:59,Thursday,3,76.0,0.0,11.4,87.4,MADA,DRIVE_THRU,2,3
TXN102794,S002,2024-10-03,13:12,Thursday,4,72.0,0.0,10.8,82.8,CREDIT_CARD,DRIVE_THRU,5,4
TXN102795,S002,2024-10-03,12:17,Thursday,4,91.0,0.0,13.65,104.65,DIGITAL_WALLET,DINE_IN,4,13
TXN102796,S002,2024-10-03,19:27,Thursday,3,68.0,0.0,10.2,78.2,DEBIT_CARD,DINE_IN,5,8
TXN102797,S002,2024-10-03,20:35,Thursday,1,10.0,0.0,1.5,11.5,DIGITAL_WALLET,DRIVE_THRU,4,7
TXN102798,S002,2024-10-03,14:47,Thursday,3,45.0,0.0,6.75,51.75,CASH,DELIVERY,4,24
TXN102799,S002,2024-10-03,20:02,Thursday,3,52.0,0.0,7.8,59.8,DIGITAL_WALLET,DRIVE_THRU,4,3
TXN102800,S002,2024-10-03,18:47,Thursday,2,35.0,0.0,5.25,40.25,CASH,DINE_IN,4,7
TXN102801,S002,2024-10-03,19:52,Thursday,5,71.0,0.0,10.65,81.65,CREDIT_CARD,DINE_IN,5,10
TXN102802,S002,2024-10-03,22:46,Thursday,4,60.0,0.0,9.0,69.0,CASH,TAKEAWAY,4,10
TXN102803,S002,2024-10-03,17:05,Thursday,4,76.0,0.0,11.4,87.4,MADA,DELIVERY,4,40
TXN102804,S002,2024-10-03,16:18,Thursday,3,48.0,0.0,7.2,55.2,CASH,TAKEAWAY,5,6
TXN102805,S002,2024-10-03,18:57,Thursday,3,60.0,0.0,9.0,69.0,DIGITAL_WALLET,TAKEAWAY,4,6
TXN102806,S002,2024-10-03,12:43,Thursday,3,67.0,0.0,10.05,77.05,CREDIT_CARD,DELIVERY,3,23
TXN102807,S002,2024-10-03,14:17,Thursday,3,64.0,0.0,9.6,73.6,DEBIT_CARD,TAKEAWAY,4,12
TXN102808,S002,2024-10-03,14:24,Thursday,4,70.0,0.0,10.5,80.5,DEBIT_CARD,DELIVERY,5,26
TXN102809,S002,2024-10-03,18:19,Thursday,2,23.0,0.0,3.45,26.45,DIGITAL_WALLET,DINE_IN,4,11
TXN102810,S002,2024-10-03,19:11,Thursday,5,93.0,0.0,13.95,106.95,CREDIT_CARD,DELIVERY,5,31
TXN102811,S002,2024-10-03,12:37,Thursday,3,72.0,0.0,10.8,82.8,DEBIT_CARD,DELIVERY,4,27
TXN102812,S002,2024-10-03,19:39,Thursday,5,111.0,0.0,16.65,127.65,DEBIT_CARD,DELIVERY,4,36
TXN102813,S002,2024-10-03,13:16,Thursday,2,35.0,0.0,5.25,40.25,DIGITAL_WALLET,DELIVERY,3,37
TXN102814,S002,2024-10-03,13:41,Thursday,2,48.0,0.0,7.2,55.2,CREDIT_CARD,DRIVE_THRU,5,7
TXN102815,S002,2024-10-03,13:23,Thursday,2,40.0,0.0,6.0,46.0,DEBIT_CARD,TAKEAWAY,5,9
TXN102816,S002,2024-10-03,19:23,Thursday,4,77.0,7.7,10.39,79.69,MADA,DELIVERY,5,23
TXN102817,S002,2024-10-03,19:26,Thursday,2,42.0,0.0,6.3,48.3,DEBIT_CARD,TAKEAWAY,1,5
TXN102818,S002,2024-10-03,15:16,Thursday,3,62.0,0.0,9.3,71.3,DIGITAL_WALLET,TAKEAWAY,5,8
TXN102819,S002,2024-10-03,22:07,Thursday,3,38.0,0.0,5.7,43.7,CASH,DRIVE_THRU,4,5
TXN102820,S002,2024-10-03,13:49,Thursday,3,72.0,0.0,10.8,82.8,DIGITAL_WALLET,DINE_IN,1,12
TXN102821,S002,2024-10-03,13:43,Thursday,1,28.0,0.0,4.2,32.2,DIGITAL_WALLET,DINE_IN,5,12
TXN102822,S002,2024-10-03,18:41,Thursday,2,40.0,0.0,6.0,46.0,MADA,DRIVE_THRU,5,5
TXN102823,S002,2024-10-03,13:06,Thursday,2,36.0,0.0,5.4,41.4,DEBIT_CARD,DRIVE_THRU,5,7
TXN102824,S002,2024-10-03,14:25,Thursday,3,55.0,0.0,8.25,63.25,CREDIT_CARD,DELIVERY,5,31
TXN102825,S002,2024-10-03,18:38,Thursday,3,50.0,0.0,7.5,57.5,MADA,DRIVE_THRU,4,3
TXN102826,S002,2024-10-03,22:14,Thursday,4,108.0,10.8,14.58,111.78,CREDIT_CARD,DINE_IN,4,9
TXN102827,S002,2024-10-03,12:40,Thursday,2,48.0,0.0,7.2,55.2,CREDIT_CARD,DELIVERY,4,38
TXN102828,S002,2024-10-03,14:49,Thursday,4,93.0,0.0,13.95,106.95,CASH,DINE_IN,5,15
TXN102829,S002,2024-10-03,19:51,Thursday,2,27.0,0.0,4.05,31.05,MADA,DRIVE_THRU,4,3
TXN102830,S002,2024-10-03,16:54,Thursday,2,27.0,0.0,4.05,31.05,DIGITAL_WALLET,DELIVERY,5,22
TXN102831,S002,2024-10-03,12:32,Thursday,4,67.0,6.7,9.04,69.34,CREDIT_CARD,DRIVE_THRU,5,4
TXN102832,S002,2024-10-03,11:40,Thursday,3,51.0,5.1,6.88,52.78,CASH,TAKEAWAY,5,13
TXN102833,S002,2024-10-03,17:09,Thursday,4,68.0,0.0,10.2,78.2,DEBIT_CARD,DELIVERY,4,31
TXN102834,S002,2024-10-03,18:11,Thursday,2,35.0,0.0,5.25,40.25,CASH,DINE_IN,4,13
TXN102835,S002,2024-10-03,18:48,Thursday,4,87.0,0.0,13.05,100.05,CREDIT_CARD,DINE_IN,5,7
TXN102836,S002,2024-10-03,10:35,Thursday,4,82.0,0.0,12.3,94.3,DIGITAL_WALLET,DELIVERY,5,37
TXN102837,S002,2024-10-03,19:17,Thursday,4,98.0,0.0,14.7,112.7,CASH,DELIVERY,5,27
TXN102838,S002,2024-10-03,12:20,Thursday,2,60.0,0.0,9.0,69.0,DIGITAL_WALLET,DRIVE_THRU,4,6
TXN102839,S002,2024-10-03,08:00,Thursday,3,52.0,0.0,7.8,59.8,CASH,DINE_IN,5,15
TXN102840,S002,2024-10-03,18:27,Thursday,2,38.0,0.0,5.7,43.7,DIGITAL_WALLET,DRIVE_THRU,5,5
TXN102841,S002,2024-10-03,08:26,Thursday,3,57.0,0.0,8.55,65.55,CASH,TAKEAWAY,3,9
TXN102842,S002,2024-10-03,17:54,Thursday,3,61.0,0.0,9.15,70.15,DIGITAL_WALLET,DRIVE_THRU,2,8
TXN102843,S002,2024-10-03,12:54,Thursday,2,25.0,0.0,3.75,28.75,DIGITAL_WALLET,TAKEAWAY,4,14
TXN102844,S002,2024-10-03,18:25,Thursday,1,10.0,0.0,1.5,11.5,CREDIT_CARD,DINE_IN,4,9
TXN102845,S002,2024-10-03,19:36,Thursday,1,18.0,0.0,2.7,20.7,DIGITAL_WALLET,DINE_IN,4,7
TXN102846,S002,2024-10-03,13:42,Thursday,5,100.0,0.0,15.0,115.0,DEBIT_CARD,DINE_IN,3,13
TXN102847,S002,2024-10-03,12:25,Thursday,3,65.0,0.0,9.75,74.75,DEBIT_CARD,DRIVE_THRU,2,4
TXN102848,S002,2024-10-03,18:25,Thursday,3,51.0,0.0,7.65,58.65,CREDIT_CARD,DRIVE_THRU,3,7
TXN102849,S002,2024-10-03,19:48,Thursday,1,10.0,0.0,1.5,11.5,DEBIT_CARD,DELIVERY,4,24
TXN102850,S002,2024-10-03,19:59,Thursday,3,48.0,0.0,7.2,55.2,MADA,DELIVERY,3,39
TXN102851,S002,2024-10-03,18:00,Thursday,3,52.0,0.0,7.8,59.8,DIGITAL_WALLET,DELIVERY,4,28
TXN102852,S002,2024-10-03,13:13,Thursday,4,80.0,0.0,12.0,92.0,CASH,DELIVERY,2,22
TXN102853,S002,2024-10-03,12:34,Thursday,2,50.0,0.0,7.5,57.5,MADA,TAKEAWAY,4,5
TXN102854,S002,2024-10-03,21:21,Thursday,4,74.0,0.0,11.1,85.1,CASH,TAKEAWAY,5,8
TXN102855,S002,2024-10-03,09:26,Thursday,3,71.0,7.1,9.58,73.48,DEBIT_CARD,TAKEAWAY,1,6
TXN102856,S002,2024-10-03,21:16,Thursday,3,50.0,0.0,7.5,57.5,CREDIT_CARD,DRIVE_THRU,4,7
TXN102857,S002,2024-10-03,13:48,Thursday,3,39.0,0.0,5.85,44.85,DIGITAL_WALLET,DINE_IN,1,9
TXN102858,S002,2024-10-03,12:20,Thursday,4,72.0,0.0,10.8,82.8,DIGITAL_WALLET,DRIVE_THRU,2,4
TXN102859,S002,2024-10-03,12:37,Thursday,4,44.0,0.0,6.6,50.6,DEBIT_CARD,DELIVERY,3,20
TXN102860,S002,2024-10-03,13:17,Thursday,4,83.0,0.0,12.45,95.45,CREDIT_CARD,DINE_IN,4,10
TXN102861,S002,2024-10-03,13:54,Thursday,2,51.0,0.0,7.65,58.65,DIGITAL_WALLET,DELIVERY,5,29
TXN102862,S002,2024-10-03,19:26,Thursday,4,82.0,0.0,12.3,94.3,MADA,TAKEAWAY,4,12
TXN102863,S002,2024-10-03,13:43,Thursday,3,37.0,0.0,5.55,42.55,MADA,TAKEAWAY,3,11
TXN102864,S002,2024-10-03,18:13,Thursday,2,35.0,0.0,5.25,40.25,CASH,DRIVE_THRU,4,7
TXN102865,S002,2024-10-03,16:43,Thursday,2,25.0,2.5,3.38,25.88,DIGITAL_WALLET,TAKEAWAY,5,14
TXN102866,S002,2024-10-03,12:55,Thursday,5,113.0,0.0,16.95,129.95,MADA,TAKEAWAY,2,12
TXN102867,S002,2024-10-03,20:56,Thursday,3,40.0,4.0,5.4,41.4,CREDIT_CARD,TAKEAWAY,3,8
TXN102868,S002,2024-10-03,16:37,Thursday,2,22.0,2.2,2.97,22.77,CASH,DINE_IN,5,8
TXN102869,S002,2024-10-03,23:07,Thursday,2,33.0,0.0,4.95,37.95,CASH,TAKEAWAY,4,15
TXN102870,S002,2024-10-03,20:18,Thursday,2,40.0,0.0,6.0,46.0,CREDIT_CARD,DINE_IN,5,8
TXN102871,S002,2024-10-03,18:59,Thursday,2,40.0,4.0,5.4,41.4,DIGITAL_WALLET,DINE_IN,5,11
TXN102872,S002,2024-10-03,17:16,Thursday,3,55.0,0.0,8.25,63.25,CREDIT_CARD,DRIVE_THRU,4,7
TXN102873,S002,2024-10-03,20:20,Thursday,4,101.0,0.0,15.15,116.15,CREDIT_CARD,TAKEAWAY,5,5
TXN102874,S002,2024-10-03,09:24,Thursday,4,61.0,0.0,9.15,70.15,MADA,TAKEAWAY,5,10
TXN102875,S002,2024-10-03,12:07,Thursday,5,99.0,0.0,14.85,113.85,DEBIT_CARD,DRIVE_THRU,4,3
TXN102876,S002,2024-10-03,13:28,Thursday,3,61.0,0.0,9.15,70.15,CASH,TAKEAWAY,4,11
TXN102877,S002,2024-10-03,17:40,Thursday,5,95.0,0.0,14.25,109.25,MADA,DRIVE_THRU,3,4
TXN102878,S002,2024-10-03,20:58,Thursday,3,60.0,0.0,9.0,69.0,DIGITAL_WALLET,DRIVE_THRU,5,7
TXN102879,S002,2024-10-03,18:34,Thursday,4,64.0,0.0,9.6,73.6,MADA,TAKEAWAY,3,6
TXN102880,S002,2024-10-03,12:10,Thursday,4,69.0,0.0,10.35,79.35,CASH,TAKEAWAY,5,14
TXN102881,S002,2024-10-03,13:19,Thursday,2,58.0,0.0,8.7,66.7,CREDIT_CARD,DINE_IN,4,5
TXN102882,S002,2024-10-03,13:44,Thursday,1,8.0,0.0,1.2,9.2,DEBIT_CARD,DINE_IN,3,5
TXN102883,S002,2024-10-03,12:10,Thursday,3,72.0,0.0,10.8,82.8,DIGITAL_WALLET,DELIVERY,4,28
TXN102884,S003,2024-10-03,14:33,Thursday,3,70.0,7.0,9.45,72.45,DEBIT_CARD,TAKEAWAY,4,12
TXN102885,S003,2024-10-03,13:47,Thursday,1,32.0,0.0,4.8,36.8,DIGITAL_WALLET,TAKEAWAY,4,7
TXN102886,S003,2024-10-03,19:14,Thursday,4,63.0,0.0,9.45,72.45,DEBIT_CARD,DELIVERY,5,26
TXN102887,S003,2024-10-03,12:36,Thursday,5,86.0,0.0,12.9,98.9,CASH,TAKEAWAY,2,6
TXN102888,S003,2024-10-03,19:21,Thursday,3,74.0,0.0,11.1,85.1,DIGITAL_WALLET,DINE_IN,4,15
TXN102889,S003,2024-10-03,17:32,Thursday,3,42.0,4.2,5.67,43.47,DEBIT_CARD,DINE_IN,5,14
TXN102890,S003,2024-10-03,14:38,Thursday,5,96.0,0.0,14.4,110.4,MADA,DRIVE_THRU,2,7
TXN102891,S003,2024-10-03,12:46,Thursday,3,68.0,0.0,10.2,78.2,MADA,TAKEAWAY,5,9
TXN102892,S003,2024-10-03,18:54,Thursday,2,30.0,0.0,4.5,34.5,CREDIT_CARD,DINE_IN,4,15
TXN102893,S003,2024-10-03,20:58,Thursday,2,42.0,0.0,6.3,48.3,CREDIT_CARD,TAKEAWAY,3,14
TXN102894,S003,2024-10-03,12:01,Thursday,4,57.0,0.0,8.55,65.55,CASH,DELIVERY,5,29
TXN102895,S003,2024-10-03,17:29,Thursday,4,71.0,0.0,10.65,81.65,MADA,DINE_IN,4,13
TXN102896,S003,2024-10-03,12:04,Thursday,2,30.0,0.0,4.5,34.5,DIGITAL_WALLET,TAKEAWAY,4,15
TXN102897,S003,2024-10-03,14:50,Thursday,3,63.0,0.0,9.45,72.45,DEBIT_CARD,DRIVE_THRU,5,5
TXN102898,S003,2024-10-03,19:39,Thursday,4,61.0,0.0,9.15,70.15,CASH,DELIVERY,5,29
TXN102899,S003,2024-10-03,12:33,Thursday,4,76.0,0.0,11.4,87.4,CREDIT_CARD,DELIVERY,5,40
TXN102900,S003,2024-10-03,09:18,Thursday,2,30.0,0.0,4.5,34.5,CASH,DINE_IN,5,14
TXN102901,S003,2024-10-03,13:38,Thursday,1,10.0,0.0,1.5,11.5,CREDIT_CARD,TAKEAWAY,4,9
TXN102902,S003,2024-10-03,19:25,Thursday,2,36.0,0.0,5.4,41.4,DEBIT_CARD,DRIVE_THRU,5,4
TXN102903,S003,2024-10-03,14:38,Thursday,2,50.0,0.0,7.5,57.5,DEBIT_CARD,DINE_IN,5,15
TXN102904,S003,2024-10-03,13:29,Thursday,2,42.0,0.0,6.3,48.3,CREDIT_CARD,DRIVE_THRU,4,3
TXN102905,S003,2024-10-03,13:55,Thursday,2,46.0,0.0,6.9,52.9,CASH,DELIVERY,3,39
TXN102906,S003,2024-10-03,19:13,Thursday,5,73.0,0.0,10.95,83.95,MADA,DRIVE_THRU,5,8
TXN102907,S003,2024-10-03,19:39,Thursday,3,39.0,0.0,5.85,44.85,CASH,DELIVERY,4,39
TXN102908,S003,2024-10-03,09:10,Thursday,2,51.0,0.0,7.65,58.65,CREDIT_CARD,TAKEAWAY,4,5
TXN102909,S003,2024-10-03,19:09,Thursday,3,56.0,0.0,8.4,64.4,CASH,TAKEAWAY,4,12
TXN102910,S003,2024-10-03,14:55,Thursday,4,73.0,0.0,10.95,83.95,CREDIT_CARD,DELIVERY,4,21
TXN102911,S003,2024-10-03,19:18,Thursday,2,62.0,0.0,9.3,71.3,DIGITAL_WALLET,DRIVE_THRU,5,8
TXN102912,S003,2024-10-03,10:27,Thursday,3,53.0,0.0,7.95,60.95,CREDIT_CARD,DELIVERY,5,38
TXN102913,S003,2024-10-03,14:01,Thursday,2,42.0,0.0,6.3,48.3,CREDIT_CARD,DELIVERY,3,35
TXN102914,S003,2024-10-03,17:14,Thursday,2,40.0,0.0,6.0,46.0,MADA,DINE_IN,5,8
TXN102915,S003,2024-10-03,09:30,Thursday,2,40.0,0.0,6.0,46.0,CREDIT_CARD,DINE_IN,3,8
TXN102916,S003,2024-10-03,14:06,Thursday,4,75.0,7.5,10.12,77.62,MADA,DELIVERY,3,34
TXN102917,S003,2024-10-03,12:15,Thursday,2,38.0,0.0,5.7,43.7,DIGITAL_WALLET,DINE_IN,3,7
TXN102918,S003,2024-10-03,13:52,Thursday,1,10.0,1.0,1.35,10.35,DEBIT_CARD,DELIVERY,4,35
TXN102919,S003,2024-10-03,10:37,Thursday,5,101.0,0.0,15.15,116.15,DEBIT_CARD,DELIVERY,4,22
TXN102920,S003,2024-10-03,11:39,Thursday,2,42.0,0.0,6.3,48.3,CREDIT_CARD,DINE_IN,5,13
TXN102921,S003,2024-10-03,11:05,Thursday,4,60.0,0.0,9.0,69.0,CREDIT_CARD,DELIVERY,4,28
TXN102922,S003,2024-10-03,21:04,Thursday,3,54.0,0.0,8.1,62.1,DEBIT_CARD,DELIVERY,4,23
TXN102923,S003,2024-10-03,20:25,Thursday,3,64.0,0.0,9.6,73.6,CREDIT_CARD,DELIVERY,4,20
TXN102924,S003,2024-10-03,19:27,Thursday,2,41.0,0.0,6.15,47.15,CASH,DELIVERY,5,33
TXN102925,S003,2024-10-03,12:08,Thursday,1,28.0,0.0,4.2,32.2,CASH,DELIVERY,2,24
TXN102926,S003,2024-10-03,10:38,Thursday,3,33.0,0.0,4.95,37.95,DIGITAL_WALLET,TAKEAWAY,4,6
TXN102927,S003,2024-10-03,13:43,Thursday,2,43.0,0.0,6.45,49.45,MADA,DINE_IN,5,14
TXN102928,S003,2024-10-03,10:02,Thursday,1,25.0,0.0,3.75,28.75,DIGITAL_WALLET,DINE_IN,5,8
TXN102929,S003,2024-10-03,18:31,Thursday,4,62.0,0.0,9.3,71.3,CREDIT_CARD,DINE_IN,4,11
TXN102930,S003,2024-10-03,18:24,Thursday,4,65.0,0.0,9.75,74.75,DIGITAL_WALLET,DELIVERY,3,31
TXN102931,S003,2024-10-03,21:59,Thursday,3,50.0,0.0,7.5,57.5,DIGITAL_WALLET,DELIVERY,5,37
TXN102932,S003,2024-10-03,17:10,Thursday,2,34.0,3.4,4.59,35.19,DIGITAL_WALLET,DRIVE_THRU,5,4
TXN102933,S003,2024-10-03,19:46,Thursday,3,65.0,0.0,9.75,74.75,CREDIT_CARD,TAKEAWAY,3,11
TXN102934,S003,2024-10-03,13:29,Thursday,3,46.0,0.0,6.9,52.9,DIGITAL_WALLET,TAKEAWAY,5,13
TXN102935,S003,2024-10-03,19:37,Thursday,3,60.0,0.0,9.0,69.0,DEBIT_CARD,DELIVERY,4,26
TXN102936,S003,2024-10-03,14:57,Thursday,1,15.0,0.0,2.25,17.25,MADA,DINE_IN,5,11
TXN102937,S003,2024-10-03,17:46,Thursday,3,50.0,0.0,7.5,57.5,DIGITAL_WALLET,DINE_IN,3,9
TXN102938,S003,2024-10-03,13:02,Thursday,2,28.0,0.0,4.2,32.2,CREDIT_CARD,DELIVERY,4,22
TXN102939,S003,2024-10-03,16:58,Thursday,3,60.0,0.0,9.0,69.0,CASH,DINE_IN,3,13
TXN102940,S003,2024-10-03,19:22,Thursday,3,52.0,0.0,7.8,59.8,DIGITAL_WALLET,DRIVE_THRU,1,4
TXN102941,S003,2024-10-03,11:31,Thursday,3,62.0,0.0,9.3,71.3,DIGITAL_WALLET,DINE_IN,4,13
TXN102942,S003,2024-10-03,15:09,Thursday,1,32.0,0.0,4.8,36.8,CASH,DRIVE_THRU,5,5
TXN102943,S003,2024-10-03,13:01,Thursday,3,53.0,0.0,7.95,60.95,MADA,DINE_IN,5,14
TXN102944,S003,2024-10-03,20:53,Thursday,2,27.0,0.0,4.05,31.05,CREDIT_CARD,TAKEAWAY,3,11
TXN102945,S003,2024-10-03,11:13,Thursday,1,25.0,0.0,3.75,28.75,CREDIT_CARD,DINE_IN,2,14
TXN102946,S003,2024-10-03,11:14,Thursday,2,43.0,0.0,6.45,49.45,CREDIT_CARD,DINE_IN,4,9
TXN102947,S003,2024-10-03,11:36,Thursday,3,37.0,0.0,5.55,42.55,DIGITAL_WALLET,TAKEAWAY,3,14
TXN102948,S003,2024-10-03,16:12,Thursday,2,26.0,0.0,3.9,29.9,CREDIT_CARD,DRIVE_THRU,4,6
TXN102949,S003,2024-10-03,19:40,Thursday,3,66.0,0.0,9.9,75.9,CREDIT_CARD,DRIVE_THRU,5,5
TXN102950,S003,2024-10-03,10:24,Thursday,3,70.0,0.0,10.5,80.5,DEBIT_CARD,DINE_IN,5,6
TXN102951,S003,2024-10-03,20:54,Thursday,3,46.0,4.6,6.21,47.61,DIGITAL_WALLET,TAKEAWAY,2,13
TXN102952,S003,2024-10-03,19:54,Thursday,2,44.0,0.0,6.6,50.6,MADA,DELIVERY,5,35
TXN102953,S003,2024-10-03,18:02,Thursday,3,55.0,5.5,7.42,56.92,CREDIT_CARD,TAKEAWAY,4,10
TXN102954,S003,2024-10-03,19:51,Thursday,4,73.0,7.3,9.86,75.56,CREDIT_CARD,DELIVERY,5,24
TXN102955,S003,2024-10-03,12:34,Thursday,4,84.0,0.0,12.6,96.6,CASH,DELIVERY,4,27
TXN102956,S003,2024-10-03,21:53,Thursday,4,94.0,0.0,14.1,108.1,DIGITAL_WALLET,DINE_IN,5,6
TXN102957,S003,2024-10-03,18:15,Thursday,3,53.0,5.3,7.16,54.86,DEBIT_CARD,TAKEAWAY,5,6
TXN102958,S003,2024-10-03,19:36,Thursday,4,86.0,0.0,12.9,98.9,DIGITAL_WALLET,DRIVE_THRU,5,8
TXN102959,S003,2024-10-03,16:35,Thursday,3,87.0,0.0,13.05,100.05,CREDIT_CARD,DELIVERY,3,22
TXN102960,S003,2024-10-03,12:04,Thursday,3,50.0,0.0,7.5,57.5,DEBIT_CARD,DINE_IN,5,8
TXN102961,S003,2024-10-03,12:40,Thursday,2,30.0,3.0,4.05,31.05,DEBIT_CARD,TAKEAWAY,2,10
TXN102962,S003,2024-10-03,14:36,Thursday,3,55.0,0.0,8.25,63.25,MADA,TAKEAWAY,4,6
TXN102963,S003,2024-10-03,09:06,Thursday,2,25.0,0.0,3.75,28.75,DIGITAL_WALLET,DRIVE_THRU,5,4
TXN102964,S003,2024-10-03,15:42,Thursday,5,95.0,9.5,12.82,98.32,CREDIT_CARD,TAKEAWAY,4,14
TXN102965,S003,2024-10-03,18:39,Thursday,4,78.0,0.0,11.7,89.7,CASH,DRIVE_THRU,4,7
TXN102966,S003,2024-10-03,13:11,Thursday,4,100.0,0.0,15.0,115.0,CASH,DRIVE_THRU,3,6
TXN102967,S003,2024-10-03,13:04,Thursday,3,46.0,0.0,6.9,52.9,DIGITAL_WALLET,DRIVE_THRU,3,3
TXN102968,S003,2024-10-03,11:34,Thursday,3,47.0,0.0,7.05,54.05,CASH,DRIVE_THRU,4,6
TXN102969,S003,2024-10-03,10:59,Thursday,2,53.0,0.0,7.95,60.95,MADA,TAKEAWAY,4,9
TXN102970,S003,2024-10-03,19:24,Thursday,4,63.0,0.0,9.45,72.45,MADA,DINE_IN,4,15
TXN102971,S003,2024-10-03,12:51,Thursday,2,40.0,0.0,6.0,46.0,CASH,DINE_IN,4,8
TXN102972,S003,2024-10-03,18:20,Thursday,3,73.0,0.0,10.95,83.95,CASH,TAKEAWAY,4,6
TXN102973,S003,2024-10-03,21:04,Thursday,3,61.0,0.0,9.15,70.15,DEBIT_CARD,DINE_IN,3,6
TXN102974,S003,2024-10-03,13:18,Thursday,1,10.0,0.0,1.5,11.5,MADA,TAKEAWAY,4,8
TXN102975,S003,2024-10-03,12:42,Thursday,3,55.0,0.0,8.25,63.25,DEBIT_CARD,DELIVERY,5,27
TXN102976,S003,2024-10-03,17:06,Thursday,3,70.0,0.0,10.5,80.5,DEBIT_CARD,DRIVE_THRU,5,3
TXN102977,S003,2024-10-03,13:44,Thursday,4,69.0,0.0,10.35,79.35,CREDIT_CARD,TAKEAWAY,5,14
TXN102978,S003,2024-10-03,15:53,Thursday,3,74.0,0.0,11.1,85.1,DEBIT_CARD,TAKEAWAY,5,7
TXN102979,S003,2024-10-03,13:31,Thursday,3,64.0,0.0,9.6,73.6,MADA,TAKEAWAY,5,15
TXN102980,S003,2024-10-03,12:39,Thursday,2,24.0,0.0,3.6,27.6,MADA,TAKEAWAY,5,9
TXN102981,S003,2024-10-03,18:59,Thursday,5,117.0,0.0,17.55,134.55,DIGITAL_WALLET,TAKEAWAY,5,11
TXN102982,S003,2024-10-03,08:23,Thursday,3,74.0,0.0,11.1,85.1,DIGITAL_WALLET,DRIVE_THRU,3,8
TXN102983,S003,2024-10-03,12:08,Thursday,2,33.0,0.0,4.95,37.95,CREDIT_CARD,DELIVERY,5,32
TXN102984,S003,2024-10-03,13:13,Thursday,4,66.0,0.0,9.9,75.9,DEBIT_CARD,DELIVERY,4,20
TXN102985,S003,2024-10-03,19:14,Thursday,3,81.0,0.0,12.15,93.15,CASH,TAKEAWAY,4,14
TXN102986,S003,2024-10-03,21:23,Thursday,2,30.0,3.0,4.05,31.05,CASH,DRIVE_THRU,4,3
TXN102987,S003,2024-10-03,08:42,Thursday,1,32.0,0.0,4.8,36.8,CASH,DINE_IN,5,11
TXN102988,S003,2024-10-03,11:04,Thursday,4,75.0,0.0,11.25,86.25,MADA,DINE_IN,3,6
TXN102989,S003,2024-10-03,19:00,Thursday,1,10.0,0.0,1.5,11.5,CREDIT_CARD,DRIVE_THRU,4,5
TXN102990,S003,2024-10-03,18:24,Thursday,4,69.0,0.0,10.35,79.35,CREDIT_CARD,DRIVE_THRU,3,5
TXN102991,S003,2024-10-03,18:33,Thursday,2,24.0,0.0,3.6,27.6,CREDIT_CARD,TAKEAWAY,5,10
TXN102992,S003,2024-10-03,22:46,Thursday,3,56.0,0.0,8.4,64.4,MADA,DRIVE_THRU,5,3
TXN102993,S003,2024-10-03,14:48,Thursday,1,10.0,0.0,1.5,11.5,DEBIT_CARD,DINE_IN,4,6
TXN102994,S003,2024-10-03,18:40,Thursday,5,109.0,0.0,16.35,125.35,CASH,TAKEAWAY,4,11
TXN102995,S003,2024-10-03,16:20,Thursday,4,75.0,0.0,11.25,86.25,DIGITAL_WALLET,DELIVERY,1,27
TXN102996,S003,2024-10-03,12:50,Thursday,3,80.0,0.0,12.0,92.0,DEBIT_CARD,DRIVE_THRU,5,7
TXN102997,S003,2024-10-03,12:56,Thursday,3,59.0,0.0,8.85,67.85,MADA,DRIVE_THRU,4,5
TXN102998,S003,2024-10-03,18:39,Thursday,3,46.0,0.0,6.9,52.9,MADA,TAKEAWAY,5,9
TXN102999,S003,2024-10-03,13:33,Thursday,2,42.0,0.0,6.3,48.3,MADA,TAKEAWAY,4,6
TXN103000,S003,2024-10-03,11:50,Thursday,5,110.0,0.0,16.5,126.5,MADA,DINE_IN,4,12
TXN103001,S003,2024-10-03,15:53,Thursday,2,20.0,0.0,3.0,23.0,CASH,TAKEAWAY,5,7
TXN103002,S003,2024-10-03,19:33,Thursday,3,72.0,0.0,10.8,82.8,MADA,DINE_IN,5,5
TXN103003,S003,2024-10-03,19:17,Thursday,5,115.0,0.0,17.25,132.25,DIGITAL_WALLET,TAKEAWAY,5,8
TXN103004,S003,2024-10-03,12:20,Thursday,3,68.0,0.0,10.2,78.2,DEBIT_CARD,DELIVERY,5,38
TXN103005,S003,2024-10-03,17:31,Thursday,3,60.0,0.0,9.0,69.0,DEBIT_CARD,TAKEAWAY,5,10
TXN103006,S003,2024-10-03,19:04,Thursday,3,63.0,0.0,9.45,72.45,DEBIT_CARD,DINE_IN,3,12
TXN103007,S003,2024-10-03,18:25,Thursday,5,93.0,0.0,13.95,106.95,DEBIT_CARD,TAKEAWAY,5,12
TXN103008,S003,2024-10-03,19:06,Thursday,2,18.0,0.0,2.7,20.7,CREDIT_CARD,DRIVE_THRU,3,3
TXN103009,S003,2024-10-03,17:23,Thursday,2,58.0,0.0,8.7,66.7,MADA,DRIVE_THRU,4,4
TXN103010,S003,2024-10-03,18:40,Thursday,3,50.0,0.0,7.5,57.5,CREDIT_CARD,DINE_IN,2,12
TXN103011,S003,2024-10-03,18:33,Thursday,3,70.0,0.0,10.5,80.5,DIGITAL_WALLET,DELIVERY,5,29
TXN103012,S003,2024-10-03,17:09,Thursday,2,38.0,3.8,5.13,39.33,MADA,TAKEAWAY,5,13
TXN103013,S003,2024-10-03,13:34,Thursday,3,59.0,0.0,8.85,67.85,CREDIT_CARD,TAKEAWAY,4,11
TXN103014,S003,2024-10-03,19:13,Thursday,3,68.0,0.0,10.2,78.2,DEBIT_CARD,DELIVERY,4,20
TXN103015,S003,2024-10-03,09:23,Thursday,4,93.0,0.0,13.95,106.95,DEBIT_CARD,DRIVE_THRU,3,4
TXN103016,S003,2024-10-03,12:03,Thursday,1,15.0,1.5,2.02,15.52,DIGITAL_WALLET,DRIVE_THRU,3,5
TXN103017,S003,2024-10-03,10:47,Thursday,3,68.0,0.0,10.2,78.2,CREDIT_CARD,DELIVERY,3,34
TXN103018,S003,2024-10-03,13:13,Thursday,3,59.0,0.0,8.85,67.85,MADA,DINE_IN,5,6
TXN103019,S003,2024-10-03,19:45,Thursday,2,47.0,0.0,7.05,54.05,DIGITAL_WALLET,TAKEAWAY,5,12
TXN103020,S003,2024-10-03,19:19,Thursday,1,30.0,0.0,4.5,34.5,DEBIT_CARD,DELIVERY,4,28
TXN103021,S003,2024-10-03,10:01,Thursday,2,25.0,0.0,3.75,28.75,DIGITAL_WALLET,DINE_IN,2,13
TXN103022,S003,2024-10-03,13:50,Thursday,3,68.0,0.0,10.2,78.2,CASH,TAKEAWAY,4,7
TXN103023,S003,2024-10-03,18:26,Thursday,4,72.0,0.0,10.8,82.8,CASH,DELIVERY,1,20
TXN103024,S003,2024-10-03,18:51,Thursday,3,65.0,0.0,9.75,74.75,CREDIT_CARD,DINE_IN,4,7
TXN103025,S003,2024-10-03,19:23,Thursday,2,56.0,0.0,8.4,64.4,MADA,DINE_IN,4,13
TXN103026,S003,2024-10-03,12:29,Thursday,3,67.0,0.0,10.05,77.05,DEBIT_CARD,DINE_IN,5,9
TXN103027,S003,2024-10-03,16:25,Thursday,2,22.0,0.0,3.3,25.3,DEBIT_CARD,DINE_IN,5,6
TXN103028,S003,2024-10-03,11:21,Thursday,4,43.0,0.0,6.45,49.45,DIGITAL_WALLET,TAKEAWAY,5,13
TXN103029,S003,2024-10-03,17:25,Thursday,1,32.0,0.0,4.8,36.8,DEBIT_CARD,DINE_IN,5,5
TXN103030,S003,2024-10-03,12:22,Thursday,4,58.0,0.0,8.7,66.7,MADA,TAKEAWAY,2,9
TXN103031,S003,2024-10-03,19:08,Thursday,2,40.0,0.0,6.0,46.0,DEBIT_CARD,DELIVERY,5,31
TXN103032,S003,2024-10-03,18:11,Thursday,1,10.0,0.0,1.5,11.5,MADA,TAKEAWAY,4,12
TXN103033,S003,2024-10-03,16:38,Thursday,5,102.0,10.2,13.77,105.57,DEBIT_CARD,DELIVERY,4,24
TXN103034,S003,2024-10-03,14:16,Thursday,2,44.0,4.4,5.94,45.54,DIGITAL_WALLET,DINE_IN,4,10
TXN103035,S003,2024-10-03,22:36,Thursday,3,70.0,0.0,10.5,80.5,CREDIT_CARD,DRIVE_THRU,3,4
TXN103036,S003,2024-10-03,12:45,Thursday,3,55.0,0.0,8.25,63.25,CREDIT_CARD,DELIVERY,4,22
TXN103037,S003,2024-10-03,12:32,Thursday,3,38.0,0.0,5.7,43.7,CASH,TAKEAWAY,4,6
TXN103038,S003,2024-10-03,19:47,Thursday,2,28.0,0.0,4.2,32.2,DIGITAL_WALLET,DRIVE_THRU,4,8
TXN103039,S003,2024-10-03,20:21,Thursday,3,70.0,0.0,10.5,80.5,DIGITAL_WALLET,DELIVERY,5,24
TXN103040,S003,2024-10-03,16:46,Thursday,3,36.0,0.0,5.4,41.4,CASH,DELIVERY,5,38
TXN103041,S003,2024-10-03,15:44,Thursday,2,28.0,2.8,3.78,28.98,CASH,TAKEAWAY,4,14
TXN103042,S003,2024-10-03,13:37,Thursday,5,75.0,0.0,11.25,86.25,DEBIT_CARD,DELIVERY,4,21
TXN103043,S003,2024-10-03,15:37,Thursday,4,63.0,0.0,9.45,72.45,DEBIT_CARD,DELIVERY,5,29
TXN103044,S003,2024-10-03,19:53,Thursday,2,50.0,0.0,7.5,57.5,CASH,DELIVERY,4,38
TXN103045,S003,2024-10-03,18:32,Thursday,2,26.0,0.0,3.9,29.9,MADA,DINE_IN,4,14
TXN103046,S003,2024-10-03,18:36,Thursday,5,70.0,0.0,10.5,80.5,DIGITAL_WALLET,DELIVERY,4,37
TXN103047,S003,2024-10-03,11:30,Thursday,3,83.0,0.0,12.45,95.45,CREDIT_CARD,DINE_IN,5,15
TXN103048,S003,2024-10-03,18:51,Thursday,3,37.0,3.7,4.99,38.29,CREDIT_CARD,DELIVERY,5,40
TXN103049,S003,2024-10-03,18:31,Thursday,3,63.0,0.0,9.45,72.45,CREDIT_CARD,DRIVE_THRU,5,7
TXN103050,S003,2024-10-03,13:00,Thursday,2,45.0,0.0,6.75,51.75,MADA,DELIVERY,3,37
TXN103051,S003,2024-10-03,13:49,Thursday,1,26.0,0.0,3.9,29.9,CREDIT_CARD,TAKEAWAY,4,7
TXN103052,S003,2024-10-03,15:20,Thursday,3,52.0,0.0,7.8,59.8,DIGITAL_WALLET,DRIVE_THRU,4,8
TXN103053,S003,2024-10-03,10:08,Thursday,5,117.0,0.0,17.55,134.55,MADA,DELIVERY,5,38
TXN103054,S003,2024-10-03,12:22,Thursday,2,22.0,0.0,3.3,25.3,CASH,DRIVE_THRU,2,6
TXN103055,S003,2024-10-03,11:16,Thursday,1,15.0,0.0,2.25,17.25,DEBIT_CARD,DELIVERY,4,35
TXN103056,S003,2024-10-03,19:07,Thursday,4,88.0,0.0,13.2,101.2,MADA,DINE_IN,5,7
TXN103057,S003,2024-10-03,15:46,Thursday,4,63.0,0.0,9.45,72.45,DIGITAL_WALLET,DINE_IN,5,7
TXN103058,S003,2024-10-03,19:58,Thursday,5,95.0,0.0,14.25,109.25,DIGITAL_WALLET,DELIVERY,4,20
TXN103059,S003,2024-10-03,21:23,Thursday,2,28.0,0.0,4.2,32.2,CREDIT_CARD,TAKEAWAY,3,10
TXN103060,S003,2024-10-03,14:31,Thursday,3,51.0,0.0,7.65,58.65,CREDIT_CARD,DRIVE_THRU,5,6
TXN103061,S003,2024-10-03,14:12,Thursday,3,71.0,0.0,10.65,81.65,DIGITAL_WALLET,DINE_IN,2,7
TXN103062,S003,2024-10-03,18:52,Thursday,2,33.0,0.0,4.95,37.95,CREDIT_CARD,TAKEAWAY,5,14
TXN103063,S003,2024-10-03,09:43,Thursday,2,46.0,0.0,6.9,52.9,DEBIT_CARD,DINE_IN,4,12
TXN103064,S003,2024-10-03,19:02,Thursday,3,72.0,0.0,10.8,82.8,CASH,DRIVE_THRU,2,4
TXN103065,S003,2024-10-03,18:13,Thursday,2,46.0,0.0,6.9,52.9,MADA,TAKEAWAY,5,6
TXN103066,S003,2024-10-03,13:46,Thursday,1,12.0,0.0,1.8,13.8,CREDIT_CARD,DRIVE_THRU,4,8
TXN103067,S003,2024-10-03,19:04,Thursday,3,59.0,0.0,8.85,67.85,MADA,DRIVE_THRU,3,5
TXN103068,S003,2024-10-03,12:30,Thursday,1,26.0,0.0,3.9,29.9,CASH,DINE_IN,5,7
TXN103069,S003,2024-10-03,20:32,Thursday,2,22.0,0.0,3.3,25.3,CREDIT_CARD,TAKEAWAY,5,10
TXN103070,S003,2024-10-03,13:35,Thursday,2,18.0,0.0,2.7,20.7,DIGITAL_WALLET,DRIVE_THRU,5,4
TXN103071,S003,2024-10-03,10:12,Thursday,2,22.0,0.0,3.3,25.3,CASH,DINE_IN,5,7
TXN103072,S003,2024-10-03,14:36,Thursday,3,50.0,0.0,7.5,57.5,DEBIT_CARD,DELIVERY,3,28
TXN103073,S003,2024-10-03,16:00,Thursday,4,78.0,0.0,11.7,89.7,DEBIT_CARD,DELIVERY,3,34
TXN103074,S003,2024-10-03,12:35,Thursday,3,49.0,0.0,7.35,56.35,MADA,DELIVERY,1,20
TXN103075,S003,2024-10-03,19:44,Thursday,3,37.0,0.0,5.55,42.55,CASH,TAKEAWAY,3,14
TXN103076,S003,2024-10-03,16:38,Thursday,3,59.0,0.0,8.85,67.85,MADA,DINE_IN,5,7
TXN103077,S003,2024-10-03,16:09,Thursday,4,84.0,0.0,12.6,96.6,CASH,DINE_IN,4,12
TXN103078,S003,2024-10-03,11:33,Thursday,4,71.0,0.0,10.65,81.65,CASH,DRIVE_THRU,3,8
TXN103079,S003,2024-10-03,14:19,Thursday,5,98.0,0.0,14.7,112.7,CREDIT_CARD,DINE_IN,5,9
TXN103080,S003,2024-10-03,12:43,Thursday,2,22.0,0.0,3.3,25.3,CASH,TAKEAWAY,5,6
TXN103081,S003,2024-10-03,18:05,Thursday,5,83.0,0.0,12.45,95.45,CASH,DINE_IN,4,13
TXN103082,S003,2024-10-03,19:43,Thursday,3,68.0,6.8,9.18,70.38,DIGITAL_WALLET,DINE_IN,5,5
TXN103083,S003,2024-10-03,15:18,Thursday,1,30.0,0.0,4.5,34.5,MADA,DELIVERY,5,39
TXN103084,S003,2024-10-03,13:44,Thursday,2,40.0,4.0,5.4,41.4,CASH,DELIVERY,5,22
TXN103085,S003,2024-10-03,10:53,Thursday,3,50.0,5.0,6.75,51.75,CASH,TAKEAWAY,4,10
TXN103086,S003,2024-10-03,09:11,Thursday,1,28.0,0.0,4.2,32.2,DEBIT_CARD,TAKEAWAY,3,15
TXN103087,S003,2024-10-03,12:43,Thursday,3,70.0,0.0,10.5,80.5,CREDIT_CARD,TAKEAWAY,4,14
TXN103088,S003,2024-10-03,19:30,Thursday,2,24.0,0.0,3.6,27.6,DEBIT_CARD,DRIVE_THRU,5,6
TXN103089,S003,2024-10-03,13:55,Thursday,3,49.0,0.0,7.35,56.35,CREDIT_CARD,DELIVERY,3,39
TXN103090,S003,2024-10-03,19:16,Thursday,3,79.0,7.9,10.66,81.76,DEBIT_CARD,DINE_IN,4,8
TXN103091,S003,2024-10-03,14:02,Thursday,4,84.0,0.0,12.6,96.6,MADA,DRIVE_THRU,5,6
TXN103092,S004,2024-10-03,13:36,Thursday,4,57.0,0.0,8.55,65.55,DIGITAL_WALLET,DINE_IN,5,10
TXN103093,S004,2024-10-03,13:49,Thursday,1,12.0,0.0,1.8,13.8,CASH,DELIVERY,4,39
TXN103094,S004,2024-10-03,19:33,Thursday,3,53.0,0.0,7.95,60.95,MADA,DINE_IN,3,10
TXN103095,S004,2024-10-03,16:10,Thursday,2,40.0,0.0,6.0,46.0,DEBIT_CARD,DELIVERY,4,38
TXN103096,S004,2024-10-03,18:35,Thursday,3,61.0,0.0,9.15,70.15,DEBIT_CARD,DRIVE_THRU,5,8
TXN103097,S004,2024-10-03,18:06,Thursday,4,78.0,0.0,11.7,89.7,CASH,DELIVERY,4,33
TXN103098,S004,2024-10-03,20:39,Thursday,3,38.0,0.0,5.7,43.7,CREDIT_CARD,DINE_IN,4,14
TXN103099,S004,2024-10-03,14:32,Thursday,3,52.0,0.0,7.8,59.8,CREDIT_CARD,DELIVERY,5,37
TXN103100,S004,2024-10-03,08:48,Thursday,1,26.0,0.0,3.9,29.9,DIGITAL_WALLET,DELIVERY,3,39
TXN103101,S004,2024-10-03,22:31,Thursday,3,64.0,0.0,9.6,73.6,DEBIT_CARD,DRIVE_THRU,5,7
TXN103102,S004,2024-10-03,19:59,Thursday,3,58.0,0.0,8.7,66.7,CASH,DELIVERY,4,28
TXN103103,S004,2024-10-03,18:34,Thursday,2,40.0,4.0,5.4,41.4,CREDIT_CARD,DRIVE_THRU,5,3
TXN103104,S004,2024-10-03,15:35,Thursday,4,82.0,0.0,12.3,94.3,CASH,TAKEAWAY,3,10
TXN103105,S004,2024-10-03,17:51,Thursday,2,44.0,0.0,6.6,50.6,CREDIT_CARD,TAKEAWAY,4,11
TXN103106,S004,2024-10-03,18:32,Thursday,3,40.0,0.0,6.0,46.0,MADA,TAKEAWAY,5,10
TXN103107,S004,2024-10-03,13:21,Thursday,3,69.0,0.0,10.35,79.35,CASH,DINE_IN,5,7
TXN103108,S004,2024-10-03,19:37,Thursday,5,95.0,0.0,14.25,109.25,DIGITAL_WALLET,DELIVERY,5,22
TXN103109,S004,2024-10-03,23:37,Thursday,2,45.0,0.0,6.75,51.75,CASH,DINE_IN,3,9
TXN103110,S004,2024-10-03,19:33,Thursday,2,37.0,0.0,5.55,42.55,DIGITAL_WALLET,DELIVERY,4,22
TXN103111,S004,2024-10-03,22:26,Thursday,3,53.0,0.0,7.95,60.95,CREDIT_CARD,DINE_IN,5,12
TXN103112,S004,2024-10-03,09:26,Thursday,2,33.0,3.3,4.46,34.16,DEBIT_CARD,DRIVE_THRU,3,3
TXN103113,S004,2024-10-03,12:08,Thursday,3,67.0,6.7,9.04,69.34,DIGITAL_WALLET,DRIVE_THRU,5,8
TXN103114,S004,2024-10-03,19:58,Thursday,3,49.0,0.0,7.35,56.35,DIGITAL_WALLET,DELIVERY,4,22
TXN103115,S004,2024-10-03,19:06,Thursday,2,62.0,0.0,9.3,71.3,CASH,TAKEAWAY,4,7
TXN103116,S004,2024-10-03,17:31,Thursday,3,55.0,5.5,7.42,56.92,DEBIT_CARD,DELIVERY,5,36
TXN103117,S004,2024-10-03,13:25,Thursday,2,25.0,0.0,3.75,28.75,DEBIT_CARD,DINE_IN,4,5
TXN103118,S004,2024-10-03,12:54,Thursday,3,44.0,0.0,6.6,50.6,CREDIT_CARD,TAKEAWAY,4,5
TXN103119,S004,2024-10-03,20:20,Thursday,4,66.0,0.0,9.9,75.9,CREDIT_CARD,DRIVE_THRU,5,7
TXN103120,S004,2024-10-03,23:28,Thursday,4,94.0,9.4,12.69,97.29,CREDIT_CARD,DRIVE_THRU,5,7
TXN103121,S004,2024-10-03,17:57,Thursday,3,66.0,0.0,9.9,75.9,CASH,DRIVE_THRU,5,6
TXN103122,S004,2024-10-03,17:18,Thursday,2,22.0,0.0,3.3,25.3,CREDIT_CARD,TAKEAWAY,5,15
TXN103123,S004,2024-10-03,19:11,Thursday,3,35.0,0.0,5.25,40.25,CREDIT_CARD,DRIVE_THRU,1,6
TXN103124,S004,2024-10-03,15:14,Thursday,4,87.0,0.0,13.05,100.05,MADA,DRIVE_THRU,5,5
TXN103125,S004,2024-10-03,18:22,Thursday,4,64.0,0.0,9.6,73.6,DIGITAL_WALLET,DRIVE_THRU,3,8
TXN103126,S004,2024-10-03,12:51,Thursday,4,68.0,0.0,10.2,78.2,CREDIT_CARD,DELIVERY,4,38
TXN103127,S004,2024-10-03,15:03,Thursday,4,86.0,0.0,12.9,98.9,DIGITAL_WALLET,DINE_IN,4,7
TXN103128,S004,2024-10-03,19:02,Thursday,4,66.0,0.0,9.9,75.9,DIGITAL_WALLET,DRIVE_THRU,5,6
TXN103129,S004,2024-10-03,20:29,Thursday,3,69.0,0.0,10.35,79.35,MADA,DINE_IN,4,14
TXN103130,S004,2024-10-03,14:50,Thursday,4,69.0,0.0,10.35,79.35,DEBIT_CARD,TAKEAWAY,4,9
TXN103131,S004,2024-10-03,21:17,Thursday,3,52.0,0.0,7.8,59.8,CREDIT_CARD,DRIVE_THRU,3,4
TXN103132,S004,2024-10-03,18:04,Thursday,5,87.0,0.0,13.05,100.05,DIGITAL_WALLET,DINE_IN,1,11
TXN103133,S004,2024-10-03,20:15,Thursday,3,53.0,0.0,7.95,60.95,DEBIT_CARD,DRIVE_THRU,4,3
TXN103134,S004,2024-10-03,16:01,Thursday,3,58.0,5.8,7.83,60.03,CREDIT_CARD,DINE_IN,4,8
TXN103135,S004,2024-10-03,18:01,Thursday,3,50.0,5.0,6.75,51.75,DIGITAL_WALLET,DRIVE_THRU,4,4
TXN103136,S004,2024-10-03,13:35,Thursday,3,50.0,5.0,6.75,51.75,CASH,DINE_IN,4,8
TXN103137,S004,2024-10-03,12:17,Thursday,4,67.0,6.7,9.04,69.34,DIGITAL_WALLET,TAKEAWAY,3,12
TXN103138,S004,2024-10-03,11:20,Thursday,4,53.0,0.0,7.95,60.95,MADA,DELIVERY,4,35
TXN103139,S004,2024-10-03,13:21,Thursday,3,48.0,0.0,7.2,55.2,DEBIT_CARD,DRIVE_THRU,5,6
TXN103140,S004,2024-10-03,12:45,Thursday,3,69.0,0.0,10.35,79.35,DEBIT_CARD,DINE_IN,4,14
TXN103141,S004,2024-10-03,13:10,Thursday,3,48.0,0.0,7.2,55.2,CASH,TAKEAWAY,5,13
TXN103142,S004,2024-10-03,18:32,Thursday,2,47.0,0.0,7.05,54.05,CASH,DINE_IN,4,7
TXN103143,S004,2024-10-03,11:53,Thursday,4,59.0,0.0,8.85,67.85,CREDIT_CARD,DINE_IN,5,15
TXN103144,S004,2024-10-03,12:40,Thursday,2,43.0,0.0,6.45,49.45,CASH,DRIVE_THRU,4,3
TXN103145,S004,2024-10-03,12:46,Thursday,2,56.0,0.0,8.4,64.4,CASH,DRIVE_THRU,5,5
TXN103146,S004,2024-10-03,19:18,Thursday,1,10.0,0.0,1.5,11.5,CREDIT_CARD,TAKEAWAY,4,15
TXN103147,S004,2024-10-03,19:50,Thursday,1,25.0,2.5,3.38,25.88,CASH,DINE_IN,4,15
TXN103148,S004,2024-10-03,12:30,Thursday,3,56.0,0.0,8.4,64.4,DEBIT_CARD,TAKEAWAY,4,9
TXN103149,S004,2024-10-03,11:51,Thursday,4,91.0,0.0,13.65,104.65,CASH,DINE_IN,5,6
TXN103150,S004,2024-10-03,12:19,Thursday,3,65.0,0.0,9.75,74.75,DEBIT_CARD,TAKEAWAY,2,8
TXN103151,S004,2024-10-03,18:43,Thursday,3,48.0,0.0,7.2,55.2,DIGITAL_WALLET,DINE_IN,3,8
TXN103152,S004,2024-10-03,13:08,Thursday,2,58.0,5.8,7.83,60.03,CREDIT_CARD,DINE_IN,5,8
TXN103153,S004,2024-10-03,16:14,Thursday,1,25.0,0.0,3.75,28.75,DEBIT_CARD,DINE_IN,3,13
TXN103154,S004,2024-10-03,21:03,Thursday,3,52.0,0.0,7.8,59.8,DIGITAL_WALLET,DELIVERY,5,25
TXN103155,S004,2024-10-03,12:52,Thursday,3,40.0,4.0,5.4,41.4,CREDIT_CARD,DINE_IN,5,8
TXN103156,S004,2024-10-03,13:35,Thursday,3,72.0,0.0,10.8,82.8,CREDIT_CARD,DRIVE_THRU,5,8
TXN103157,S004,2024-10-03,14:03,Thursday,5,94.0,0.0,14.1,108.1,CREDIT_CARD,DINE_IN,4,13
TXN103158,S004,2024-10-03,19:30,Thursday,2,38.0,0.0,5.7,43.7,CREDIT_CARD,DRIVE_THRU,2,4
TXN103159,S004,2024-10-03,13:51,Thursday,2,25.0,2.5,3.38,25.88,DIGITAL_WALLET,DINE_IN,4,13
TXN103160,S004,2024-10-03,15:25,Thursday,2,22.0,0.0,3.3,25.3,CREDIT_CARD,DELIVERY,5,40
TXN103161,S004,2024-10-03,15:14,Thursday,1,15.0,0.0,2.25,17.25,CREDIT_CARD,DINE_IN,4,8
TXN103162,S004,2024-10-03,18:41,Thursday,3,70.0,0.0,10.5,80.5,DIGITAL_WALLET,DINE_IN,5,14
TXN103163,S004,2024-10-03,18:55,Thursday,4,67.0,6.7,9.04,69.34,DEBIT_CARD,DELIVERY,4,39
TXN103164,S004,2024-10-03,19:25,Thursday,2,48.0,0.0,7.2,55.2,CREDIT_CARD,DRIVE_THRU,3,6
TXN103165,S004,2024-10-03,10:31,Thursday,2,22.0,0.0,3.3,25.3,CASH,DINE_IN,4,6
TXN103166,S004,2024-10-03,13:03,Thursday,3,66.0,0.0,9.9,75.9,CREDIT_CARD,DINE_IN,5,11
TXN103167,S004,2024-10-03,13:34,Thursday,4,61.0,0.0,9.15,70.15,MADA,DRIVE_THRU,4,5
TXN103168,S004,2024-10-03,18:00,Thursday,4,58.0,0.0,8.7,66.7,DEBIT_CARD,DRIVE_THRU,5,7
TXN103169,S004,2024-10-03,21:47,Thursday,2,42.0,0.0,6.3,48.3,CASH,TAKEAWAY,5,8
TXN103170,S004,2024-10-03,20:33,Thursday,4,65.0,0.0,9.75,74.75,CREDIT_CARD,TAKEAWAY,3,14
TXN103171,S004,2024-10-03,19:12,Thursday,2,38.0,3.8,5.13,39.33,DEBIT_CARD,DRIVE_THRU,4,6
TXN103172,S004,2024-10-03,13:19,Thursday,3,48.0,0.0,7.2,55.2,DEBIT_CARD,DINE_IN,4,12
TXN103173,S004,2024-10-03,19:08,Thursday,1,30.0,0.0,4.5,34.5,DEBIT_CARD,DELIVERY,5,38
TXN103174,S004,2024-10-03,14:25,Thursday,1,25.0,0.0,3.75,28.75,DEBIT_CARD,DINE_IN,4,6
TXN103175,S004,2024-10-03,19:17,Thursday,2,42.0,0.0,6.3,48.3,MADA,DINE_IN,5,8
TXN103176,S004,2024-10-03,18:57,Thursday,1,15.0,0.0,2.25,17.25,CASH,DINE_IN,4,5
TXN103177,S004,2024-10-03,19:56,Thursday,2,40.0,0.0,6.0,46.0,DIGITAL_WALLET,DINE_IN,5,10
TXN103178,S004,2024-10-03,13:40,Thursday,2,35.0,0.0,5.25,40.25,DIGITAL_WALLET,DRIVE_THRU,4,5
TXN103179,S004,2024-10-03,20:49,Thursday,5,111.0,0.0,16.65,127.65,CREDIT_CARD,DELIVERY,5,28
TXN103180,S004,2024-10-03,18:20,Thursday,2,28.0,0.0,4.2,32.2,DIGITAL_WALLET,TAKEAWAY,2,8
TXN103181,S004,2024-10-03,23:54,Thursday,1,18.0,0.0,2.7,20.7,CREDIT_CARD,DRIVE_THRU,4,4
TXN103182,S004,2024-10-03,21:33,Thursday,2,30.0,0.0,4.5,34.5,CREDIT_CARD,DINE_IN,5,12
TXN103183,S004,2024-10-03,19:51,Thursday,2,38.0,0.0,5.7,43.7,CASH,DELIVERY,5,40
TXN103184,S004,2024-10-03,15:50,Thursday,3,71.0,0.0,10.65,81.65,DIGITAL_WALLET,DELIVERY,2,23
TXN103185,S004,2024-10-03,11:26,Thursday,4,93.0,0.0,13.95,106.95,DEBIT_CARD,DELIVERY,3,35
TXN103186,S004,2024-10-03,19:02,Thursday,1,15.0,0.0,2.25,17.25,DIGITAL_WALLET,DELIVERY,5,38
TXN103187,S004,2024-10-03,13:45,Thursday,2,44.0,0.0,6.6,50.6,DEBIT_CARD,DELIVERY,4,32
TXN103188,S004,2024-10-03,14:21,Thursday,2,44.0,0.0,6.6,50.6,DEBIT_CARD,TAKEAWAY,3,10
TXN103189,S004,2024-10-03,12:00,Thursday,5,99.0,0.0,14.85,113.85,DIGITAL_WALLET,DELIVERY,5,30
TXN103190,S004,2024-10-03,18:14,Thursday,2,47.0,0.0,7.05,54.05,MADA,DRIVE_THRU,5,6
TXN103191,S004,2024-10-03,13:46,Thursday,3,72.0,7.2,9.72,74.52,DIGITAL_WALLET,DINE_IN,4,6
TXN103192,S004,2024-10-03,12:45,Thursday,3,32.0,0.0,4.8,36.8,CASH,DRIVE_THRU,2,5
TXN103193,S004,2024-10-03,19:49,Thursday,4,63.0,6.3,8.51,65.21,DEBIT_CARD,DRIVE_THRU,5,8
TXN103194,S004,2024-10-03,19:51,Thursday,2,20.0,0.0,3.0,23.0,MADA,DRIVE_THRU,5,6
TXN103195,S004,2024-10-03,12:34,Thursday,4,47.0,0.0,7.05,54.05,MADA,DINE_IN,5,5
TXN103196,S004,2024-10-03,20:26,Thursday,4,70.0,7.0,9.45,72.45,CASH,DELIVERY,4,24
TXN103197,S004,2024-10-03,20:46,Thursday,5,83.0,8.3,11.21,85.91,CASH,TAKEAWAY,5,6
TXN103198,S004,2024-10-03,11:26,Thursday,2,40.0,0.0,6.0,46.0,DIGITAL_WALLET,DINE_IN,5,14
TXN103199,S004,2024-10-03,19:15,Thursday,1,18.0,0.0,2.7,20.7,DEBIT_CARD,DRIVE_THRU,5,5
TXN103200,S004,2024-10-03,19:31,Thursday,2,22.0,0.0,3.3,25.3,MADA,DELIVERY,5,25
TXN103201,S004,2024-10-03,12:46,Thursday,3,45.0,0.0,6.75,51.75,CASH,TAKEAWAY,4,6
TXN103202,S004,2024-10-03,18:21,Thursday,2,42.0,0.0,6.3,48.3,MADA,DINE_IN,4,7
TXN103203,S004,2024-10-03,19:25,Thursday,3,56.0,0.0,8.4,64.4,DIGITAL_WALLET,TAKEAWAY,5,7
TXN103204,S004,2024-10-03,17:23,Thursday,4,58.0,0.0,8.7,66.7,DIGITAL_WALLET,DELIVERY,4,36
TXN103205,S004,2024-10-03,12:06,Thursday,4,80.0,8.0,10.8,82.8,MADA,DINE_IN,4,8
TXN103206,S004,2024-10-03,16:49,Thursday,1,12.0,0.0,1.8,13.8,DIGITAL_WALLET,TAKEAWAY,5,14
TXN103207,S004,2024-10-03,12:02,Thursday,3,56.0,0.0,8.4,64.4,MADA,DRIVE_THRU,4,5
TXN103208,S004,2024-10-03,18:43,Thursday,3,52.0,0.0,7.8,59.8,DIGITAL_WALLET,DRIVE_THRU,4,5
TXN103209,S004,2024-10-03,10:30,Thursday,4,62.0,0.0,9.3,71.3,CREDIT_CARD,TAKEAWAY,4,10
TXN103210,S004,2024-10-03,18:05,Thursday,4,76.0,0.0,11.4,87.4,MADA,DELIVERY,4,38
TXN103211,S004,2024-10-03,13:54,Thursday,4,93.0,0.0,13.95,106.95,CREDIT_CARD,DINE_IN,3,7
TXN103212,S004,2024-10-03,14:14,Thursday,1,26.0,0.0,3.9,29.9,DIGITAL_WALLET,DELIVERY,4,31
TXN103213,S004,2024-10-03,21:14,Thursday,2,46.0,0.0,6.9,52.9,DIGITAL_WALLET,DELIVERY,5,21
TXN103214,S004,2024-10-03,19:14,Thursday,2,23.0,0.0,3.45,26.45,CREDIT_CARD,DELIVERY,4,35
TXN103215,S004,2024-10-03,13:08,Thursday,2,38.0,0.0,5.7,43.7,MADA,DINE_IN,2,10
TXN103216,S004,2024-10-03,19:56,Thursday,2,25.0,0.0,3.75,28.75,CREDIT_CARD,DRIVE_THRU,3,6
TXN103217,S004,2024-10-03,12:16,Thursday,2,18.0,0.0,2.7,20.7,CREDIT_CARD,DRIVE_THRU,4,4
TXN103218,S004,2024-10-03,16:11,Thursday,2,48.0,0.0,7.2,55.2,CREDIT_CARD,DRIVE_THRU,5,8
TXN103219,S004,2024-10-03,18:56,Thursday,1,8.0,0.0,1.2,9.2,DEBIT_CARD,DRIVE_THRU,5,5
TXN103220,S004,2024-10-03,21:02,Thursday,2,40.0,0.0,6.0,46.0,CREDIT_CARD,DRIVE_THRU,5,4
TXN103221,S004,2024-10-03,18:40,Thursday,3,48.0,0.0,7.2,55.2,DIGITAL_WALLET,DINE_IN,3,15
TXN103222,S004,2024-10-03,16:35,Thursday,3,65.0,0.0,9.75,74.75,CASH,DELIVERY,5,23
TXN103223,S004,2024-10-03,15:26,Thursday,3,51.0,0.0,7.65,58.65,DIGITAL_WALLET,DELIVERY,4,31
TXN103224,S004,2024-10-03,13:46,Thursday,4,80.0,0.0,12.0,92.0,MADA,DRIVE_THRU,4,8
TXN103225,S004,2024-10-03,12:18,Thursday,1,30.0,0.0,4.5,34.5,DIGITAL_WALLET,DRIVE_THRU,5,7
TXN103226,S004,2024-10-03,14:33,Thursday,2,55.0,0.0,8.25,63.25,CREDIT_CARD,DRIVE_THRU,5,7
TXN103227,S004,2024-10-03,10:38,Thursday,3,38.0,0.0,5.7,43.7,CREDIT_CARD,DINE_IN,5,5
TXN103228,S004,2024-10-03,12:06,Thursday,3,43.0,0.0,6.45,49.45,DEBIT_CARD,DINE_IN,5,5
TXN103229,S004,2024-10-03,12:00,Thursday,2,27.0,0.0,4.05,31.05,CASH,TAKEAWAY,5,8
TXN103230,S004,2024-10-03,23:31,Thursday,3,75.0,0.0,11.25,86.25,MADA,TAKEAWAY,4,13
TXN103231,S004,2024-10-03,18:46,Thursday,3,68.0,0.0,10.2,78.2,CREDIT_CARD,DELIVERY,3,35
TXN103232,S004,2024-10-03,13:09,Thursday,2,28.0,0.0,4.2,32.2,CREDIT_CARD,TAKEAWAY,4,14
TXN103233,S004,2024-10-03,18:26,Thursday,2,43.0,0.0,6.45,49.45,MADA,DELIVERY,1,37
TXN103234,S004,2024-10-03,17:20,Thursday,4,62.0,0.0,9.3,71.3,DEBIT_CARD,DRIVE_THRU,3,3
TXN103235,S004,2024-10-03,16:13,Thursday,1,26.0,0.0,3.9,29.9,CASH,DINE_IN,5,12
TXN103236,S004,2024-10-03,21:24,Thursday,3,68.0,0.0,10.2,78.2,DIGITAL_WALLET,TAKEAWAY,3,7
TXN103237,S004,2024-10-03,12:46,Thursday,2,20.0,0.0,3.0,23.0,CREDIT_CARD,DINE_IN,4,11
TXN103238,S004,2024-10-03,08:06,Thursday,3,56.0,0.0,8.4,64.4,MADA,TAKEAWAY,4,5
TXN103239,S004,2024-10-03,19:13,Thursday,5,84.0,0.0,12.6,96.6,DIGITAL_WALLET,DRIVE_THRU,5,7
TXN103240,S004,2024-10-03,13:23,Thursday,3,69.0,0.0,10.35,79.35,CASH,DINE_IN,4,12
TXN103241,S004,2024-10-03,11:26,Thursday,2,22.0,0.0,3.3,25.3,MADA,DINE_IN,1,10
TXN103242,S004,2024-10-03,19:52,Thursday,2,40.0,0.0,6.0,46.0,MADA,DELIVERY,4,35
TXN103243,S004,2024-10-03,19:44,Thursday,5,90.0,0.0,13.5,103.5,DEBIT_CARD,DRIVE_THRU,4,7
TXN103244,S004,2024-10-03,09:21,Thursday,2,42.0,0.0,6.3,48.3,DIGITAL_WALLET,DELIVERY,5,34
TXN103245,S004,2024-10-03,11:33,Thursday,4,60.0,0.0,9.0,69.0,DEBIT_CARD,DELIVERY,2,32
TXN103246,S004,2024-10-03,16:39,Thursday,2,43.0,0.0,6.45,49.45,DEBIT_CARD,DINE_IN,3,5
TXN103247,S004,2024-10-03,16:36,Thursday,3,52.0,0.0,7.8,59.8,MADA,DRIVE_THRU,4,4
TXN103248,S004,2024-10-03,13:55,Thursday,2,33.0,0.0,4.95,37.95,DEBIT_CARD,DRIVE_THRU,5,4
TXN103249,S004,2024-10-03,19:43,Thursday,2,58.0,0.0,8.7,66.7,CASH,DINE_IN,4,5
TXN103250,S004,2024-10-03,12:55,Thursday,2,43.0,0.0,6.45,49.45,CASH,DELIVERY,4,21
TXN103251,S004,2024-10-03,12:25,Thursday,2,37.0,0.0,5.55,42.55,MADA,DINE_IN,5,6
TXN103252,S004,2024-10-03,14:11,Thursday,2,38.0,0.0,5.7,43.7,CREDIT_CARD,TAKEAWAY,5,10
TXN103253,S004,2024-10-03,17:26,Thursday,3,60.0,0.0,9.0,69.0,CASH,DINE_IN,5,9
TXN103254,S004,2024-10-03,12:33,Thursday,3,50.0,0.0,7.5,57.5,MADA,TAKEAWAY,5,15
TXN103255,S004,2024-10-03,14:06,Thursday,4,58.0,0.0,8.7,66.7,CASH,DRIVE_THRU,4,6
TXN103256,S004,2024-10-03,12:33,Thursday,1,28.0,2.8,3.78,28.98,DEBIT_CARD,DELIVERY,5,23
TXN103257,S004,2024-10-03,21:05,Thursday,4,83.0,0.0,12.45,95.45,MADA,DINE_IN,3,11
TXN103258,S004,2024-10-03,18:46,Thursday,2,20.0,0.0,3.0,23.0,CASH,DRIVE_THRU,5,7
TXN103259,S004,2024-10-03,14:28,Thursday,1,15.0,0.0,2.25,17.25,DIGITAL_WALLET,DINE_IN,4,13
TXN103260,S004,2024-10-03,08:19,Thursday,3,74.0,0.0,11.1,85.1,MADA,DELIVERY,1,23
TXN103261,S004,2024-10-03,18:05,Thursday,2,48.0,0.0,7.2,55.2,CREDIT_CARD,DINE_IN,5,9
TXN103262,S004,2024-10-03,18:10,Thursday,5,89.0,0.0,13.35,102.35,CREDIT_CARD,TAKEAWAY,5,6
TXN103263,S004,2024-10-03,21:30,Thursday,3,28.0,0.0,4.2,32.2,DIGITAL_WALLET,DELIVERY,4,32
TXN103264,S004,2024-10-03,14:04,Thursday,3,51.0,0.0,7.65,58.65,CREDIT_CARD,DINE_IN,5,14
TXN103265,S004,2024-10-03,23:23,Thursday,4,69.0,0.0,10.35,79.35,CASH,TAKEAWAY,2,15
TXN103266,S004,2024-10-03,10:05,Thursday,4,86.0,0.0,12.9,98.9,CREDIT_CARD,DELIVERY,4,36
TXN103267,S004,2024-10-03,19:37,Thursday,3,69.0,0.0,10.35,79.35,CREDIT_CARD,DINE_IN,5,15
TXN103268,S004,2024-10-03,13:27,Thursday,3,36.0,0.0,5.4,41.4,CASH,DINE_IN,5,11
TXN103269,S004,2024-10-03,18:36,Thursday,4,71.0,7.1,9.58,73.48,CREDIT_CARD,DINE_IN,2,5
TXN103270,S004,2024-10-03,19:50,Thursday,3,55.0,0.0,8.25,63.25,CASH,DINE_IN,4,11
TXN103271,S004,2024-10-03,19:56,Thursday,3,62.0,0.0,9.3,71.3,DEBIT_CARD,DINE_IN,5,13
TXN103272,S004,2024-10-03,19:17,Thursday,3,47.0,0.0,7.05,54.05,DEBIT_CARD,DINE_IN,5,5
TXN103273,S004,2024-10-03,18:51,Thursday,4,61.0,0.0,9.15,70.15,DIGITAL_WALLET,DELIVERY,4,33
TXN103274,S004,2024-10-03,18:14,Thursday,3,30.0,0.0,4.5,34.5,CASH,TAKEAWAY,4,14
TXN103275,S004,2024-10-03,23:05,Thursday,2,30.0,0.0,4.5,34.5,DEBIT_CARD,DELIVERY,4,40
TXN103276,S004,2024-10-03,14:27,Thursday,2,42.0,0.0,6.3,48.3,MADA,DELIVERY,4,32
TXN103277,S004,2024-10-03,18:56,Thursday,3,68.0,6.8,9.18,70.38,DEBIT_CARD,TAKEAWAY,3,15
TXN103278,S004,2024-10-03,14:30,Thursday,5,73.0,0.0,10.95,83.95,DIGITAL_WALLET,DRIVE_THRU,4,6
TXN103279,S004,2024-10-03,21:05,Thursday,2,25.0,0.0,3.75,28.75,MADA,TAKEAWAY,4,8
TXN103280,S004,2024-10-03,13:33,Thursday,2,23.0,0.0,3.45,26.45,DIGITAL_WALLET,TAKEAWAY,5,6
TXN103281,S004,2024-10-03,13:24,Thursday,2,22.0,0.0,3.3,25.3,DEBIT_CARD,DINE_IN,3,10
TXN103282,S004,2024-10-03,19:31,Thursday,5,116.0,0.0,17.4,133.4,CREDIT_CARD,DELIVERY,3,32
TXN103283,S004,2024-10-03,19:00,Thursday,3,36.0,0.0,5.4,41.4,DIGITAL_WALLET,DINE_IN,4,6
TXN103284,S004,2024-10-03,13:54,Thursday,1,26.0,2.6,3.51,26.91,DEBIT_CARD,DRIVE_THRU,4,3
TXN103285,S004,2024-10-03,12:07,Thursday,3,53.0,0.0,7.95,60.95,MADA,DRIVE_THRU,4,4
TXN103286,S004,2024-10-03,12:08,Thursday,3,70.0,0.0,10.5,80.5,CREDIT_CARD,DELIVERY,5,27
TXN103287,S004,2024-10-03,19:50,Thursday,4,79.0,0.0,11.85,90.85,MADA,TAKEAWAY,4,9
TXN103288,S004,2024-10-03,18:51,Thursday,4,52.0,0.0,7.8,59.8,MADA,DRIVE_THRU,5,5
TXN103289,S004,2024-10-03,10:09,Thursday,1,32.0,0.0,4.8,36.8,MADA,DRIVE_THRU,4,4
TXN103290,S004,2024-10-03,16:36,Thursday,4,62.0,0.0,9.3,71.3,CASH,DINE_IN,5,14
TXN103291,S004,2024-10-03,13:55,Thursday,2,25.0,0.0,3.75,28.75,MADA,TAKEAWAY,5,15
TXN103292,S004,2024-10-03,13:32,Thursday,3,61.0,0.0,9.15,70.15,DEBIT_CARD,DRIVE_THRU,3,6
TXN103293,S004,2024-10-03,19:09,Thursday,2,51.0,0.0,7.65,58.65,DEBIT_CARD,DRIVE_THRU,4,3
TXN103294,S004,2024-10-03,20:33,Thursday,3,62.0,0.0,9.3,71.3,CREDIT_CARD,DELIVERY,4,27
TXN103295,S004,2024-10-03,17:33,Thursday,2,38.0,3.8,5.13,39.33,DEBIT_CARD,TAKEAWAY,4,11
TXN103296,S004,2024-10-03,13:24,Thursday,3,44.0,0.0,6.6,50.6,DIGITAL_WALLET,DELIVERY,4,36
TXN103297,S004,2024-10-03,14:46,Thursday,3,52.0,0.0,7.8,59.8,CASH,DRIVE_THRU,5,6
TXN103298,S004,2024-10-03,17:38,Thursday,2,36.0,0.0,5.4,41.4,CASH,DINE_IN,4,9
TXN103299,S004,2024-10-03,19:05,Thursday,2,55.0,5.5,7.42,56.92,CASH,DINE_IN,5,6
TXN103300,S004,2024-10-03,13:18,Thursday,2,28.0,0.0,4.2,32.2,DEBIT_CARD,DELIVERY,5,29
TXN103301,S004,2024-10-03,13:13,Thursday,2,28.0,0.0,4.2,32.2,CASH,DINE_IN,5,10
TXN103302,S004,2024-10-03,12:52,Thursday,2,43.0,0.0,6.45,49.45,CREDIT_CARD,TAKEAWAY,5,12
TXN103303,S004,2024-10-03,09:01,Thursday,4,77.0,0.0,11.55,88.55,MADA,TAKEAWAY,4,13
TXN103304,S004,2024-10-03,18:52,Thursday,3,59.0,0.0,8.85,67.85,MADA,DINE_IN,5,12
TXN103305,S004,2024-10-03,16:03,Thursday,4,78.0,0.0,11.7,89.7,DEBIT_CARD,DRIVE_THRU,4,4
TXN103306,S004,2024-10-03,16:31,Thursday,4,86.0,0.0,12.9,98.9,CREDIT_CARD,DRIVE_THRU,4,7
TXN103307,S004,2024-10-03,13:35,Thursday,1,12.0,1.2,1.62,12.42,DIGITAL_WALLET,DRIVE_THRU,5,5
TXN103308,S004,2024-10-03,19:56,Thursday,3,53.0,0.0,7.95,60.95,DEBIT_CARD,TAKEAWAY,4,12
TXN103309,S004,2024-10-03,12:29,Thursday,1,15.0,0.0,2.25,17.25,DEBIT_CARD,TAKEAWAY,1,15
TXN103310,S004,2024-10-03,22:24,Thursday,5,88.0,0.0,13.2,101.2,CREDIT_CARD,DRIVE_THRU,3,4
TXN103311,S004,2024-10-03,19:32,Thursday,3,46.0,0.0,6.9,52.9,DEBIT_CARD,TAKEAWAY,3,9
TXN103312,S004,2024-10-03,19:13,Thursday,3,83.0,0.0,12.45,95.45,DEBIT_CARD,TAKEAWAY,4,15
TXN103313,S004,2024-10-03,19:57,Thursday,3,55.0,0.0,8.25,63.25,MADA,DELIVERY,5,23
TXN103314,S004,2024-10-03,12:16,Thursday,3,65.0,0.0,9.75,74.75,DEBIT_CARD,DINE_IN,3,13
TXN103315,S004,2024-10-03,18:55,Thursday,4,93.0,0.0,13.95,106.95,CASH,TAKEAWAY,5,12
TXN103316,S004,2024-10-03,17:05,Thursday,3,63.0,0.0,9.45,72.45,CREDIT_CARD,TAKEAWAY,4,13
TXN103317,S004,2024-10-03,11:44,Thursday,3,38.0,0.0,5.7,43.7,MADA,DELIVERY,4,28
TXN103318,S004,2024-10-03,12:39,Thursday,2,48.0,0.0,7.2,55.2,CREDIT_CARD,TAKEAWAY,3,11
TXN103319,S004,2024-10-03,13:31,Thursday,2,27.0,0.0,4.05,31.05,DIGITAL_WALLET,TAKEAWAY,4,14
TXN103320,S004,2024-10-03,12:50,Thursday,3,87.0,8.7,11.74,90.04,DEBIT_CARD,DINE_IN,4,8
TXN103321,S004,2024-10-03,19:35,Thursday,1,8.0,0.0,1.2,9.2,DEBIT_CARD,DRIVE_THRU,4,6
TXN103322,S004,2024-10-03,19:12,Thursday,2,46.0,0.0,6.9,52.9,DIGITAL_WALLET,TAKEAWAY,3,5
TXN103323,S004,2024-10-03,09:04,Thursday,1,18.0,0.0,2.7,20.7,DEBIT_CARD,DINE_IN,4,7
TXN103324,S004,2024-10-03,19:26,Thursday,5,113.0,0.0,16.95,129.95,MADA,DINE_IN,3,13
TXN103325,S004,2024-10-03,21:06,Thursday,4,80.0,0.0,12.0,92.0,MADA,DINE_IN,4,12
TXN103326,S004,2024-10-03,12:42,Thursday,4,55.0,0.0,8.25,63.25,CREDIT_CARD,TAKEAWAY,4,5
TXN103327,S004,2024-10-03,18:25,Thursday,2,56.0,0.0,8.4,64.4,DIGITAL_WALLET,DELIVERY,4,25
TXN103328,S004,2024-10-03,10:32,Thursday,4,66.0,0.0,9.9,75.9,DEBIT_CARD,TAKEAWAY,3,15
TXN103329,S004,2024-10-03,13:58,Thursday,3,74.0,0.0,11.1,85.1,DIGITAL_WALLET,TAKEAWAY,1,6
TXN103330,S004,2024-10-03,18:19,Thursday,3,56.0,0.0,8.4,64.4,CREDIT_CARD,TAKEAWAY,1,14
TXN103331,S004,2024-10-03,14:21,Thursday,3,30.0,0.0,4.5,34.5,CASH,DINE_IN,5,13
TXN103332,S004,2024-10-03,13:38,Thursday,3,33.0,0.0,4.95,37.95,DIGITAL_WALLET,DELIVERY,5,26
TXN103333,S004,2024-10-03,23:26,Thursday,2,40.0,0.0,6.0,46.0,CREDIT_CARD,DRIVE_THRU,4,6
TXN103334,S004,2024-10-03,18:56,Thursday,4,68.0,0.0,10.2,78.2,MADA,TAKEAWAY,5,11
TXN103335,S004,2024-10-03,13:16,Thursday,4,81.0,0.0,12.15,93.15,CREDIT_CARD,DELIVERY,5,28
TXN103336,S004,2024-10-03,19:41,Thursday,1,12.0,0.0,1.8,13.8,CASH,DELIVERY,4,35
TXN103337,S004,2024-10-03,12:41,Thursday,1,10.0,0.0,1.5,11.5,MADA,TAKEAWAY,4,8
TXN103338,S004,2024-10-03,18:16,Thursday,2,58.0,0.0,8.7,66.7,DEBIT_CARD,DELIVERY,4,21
TXN103339,S004,2024-10-03,19:30,Thursday,3,48.0,0.0,7.2,55.2,MADA,DELIVERY,5,38
TXN103340,S004,2024-10-03,12:46,Thursday,3,63.0,0.0,9.45,72.45,MADA,DINE_IN,5,9
TXN103341,S004,2024-10-03,19:01,Thursday,3,70.0,0.0,10.5,80.5,DEBIT_CARD,DINE_IN,4,11
TXN103342,S004,2024-10-03,12:51,Thursday,5,107.0,0.0,16.05,123.05,CREDIT_CARD,TAKEAWAY,4,8
TXN103343,S004,2024-10-03,19:28,Thursday,3,57.0,0.0,8.55,65.55,DIGITAL_WALLET,TAKEAWAY,4,11
TXN103344,S004,2024-10-03,13:50,Thursday,5,91.0,0.0,13.65,104.65,CREDIT_CARD,TAKEAWAY,3,14
TXN103345,S004,2024-10-03,18:16,Thursday,2,44.0,0.0,6.6,50.6,MADA,DELIVERY,5,22
TXN103346,S004,2024-10-03,10:05,Thursday,1,12.0,0.0,1.8,13.8,CASH,TAKEAWAY,5,6
TXN103347,S004,2024-10-03,18:38,Thursday,2,40.0,0.0,6.0,46.0,DEBIT_CARD,TAKEAWAY,4,15
TXN103348,S004,2024-10-03,15:33,Thursday,2,58.0,0.0,8.7,66.7,DEBIT_CARD,DELIVERY,3,30
TXN103349,S004,2024-10-03,14:41,Thursday,2,22.0,0.0,3.3,25.3,CREDIT_CARD,DELIVERY,2,31
TXN103350,S004,2024-10-03,18:49,Thursday,3,69.0,0.0,10.35,79.35,DIGITAL_WALLET,DINE_IN,5,13
TXN103351,S004,2024-10-03,15:27,Thursday,4,80.0,0.0,12.0,92.0,CASH,DRIVE_THRU,4,4
TXN103352,S004,2024-10-03,20:25,Thursday,4,106.0,0.0,15.9,121.9,DIGITAL_WALLET,DELIVERY,4,40
TXN103353,S004,2024-10-03,18:19,Thursday,5,101.0,0.0,15.15,116.15,DIGITAL_WALLET,DINE_IN,4,13
TXN103354,S004,2024-10-03,19:00,Thursday,3,75.0,0.0,11.25,86.25,DEBIT_CARD,DINE_IN,5,11
TXN103355,S004,2024-10-03,13:31,Thursday,1,12.0,0.0,1.8,13.8,MADA,DELIVERY,4,28
TXN103356,S004,2024-10-03,16:12,Thursday,4,73.0,0.0,10.95,83.95,DIGITAL_WALLET,DELIVERY,5,20
TXN103357,S004,2024-10-03,19:56,Thursday,2,38.0,0.0,5.7,43.7,CASH,DINE_IN,3,12
TXN103358,S004,2024-10-03,17:52,Thursday,3,52.0,0.0,7.8,59.8,CASH,TAKEAWAY,4,13
TXN103359,S004,2024-10-03,13:39,Thursday,3,47.0,0.0,7.05,54.05,MADA,DELIVERY,5,38
TXN103360,S004,2024-10-03,12:12,Thursday,5,77.0,7.7,10.39,79.69,DEBIT_CARD,DRIVE_THRU,4,7
TXN103361,S004,2024-10-03,19:07,Thursday,3,84.0,0.0,12.6,96.6,MADA,TAKEAWAY,4,8
TXN103362,S004,2024-10-03,09:38,Thursday,4,81.0,0.0,12.15,93.15,CASH,DRIVE_THRU,2,7
TXN103363,S004,2024-10-03,18:07,Thursday,4,91.0,0.0,13.65,104.65,CREDIT_CARD,DINE_IN,3,15
TXN103364,S004,2024-10-03,18:13,Thursday,1,10.0,1.0,1.35,10.35,DEBIT_CARD,DRIVE_THRU,3,8
TXN103365,S004,2024-10-03,21:08,Thursday,3,33.0,0.0,4.95,37.95,CASH,DELIVERY,4,23
TXN103366,S004,2024-10-03,19:02,Thursday,3,63.0,0.0,9.45,72.45,DIGITAL_WALLET,DRIVE_THRU,5,5
TXN103367,S004,2024-10-03,14:52,Thursday,3,60.0,0.0,9.0,69.0,CREDIT_CARD,DELIVERY,5,30
TXN103368,S004,2024-10-03,18:20,Thursday,2,42.0,0.0,6.3,48.3,MADA,DRIVE_THRU,4,8
TXN103369,S004,2024-10-03,12:32,Thursday,4,76.0,0.0,11.4,87.4,CASH,DELIVERY,3,31
TXN103370,S004,2024-10-03,13:29,Thursday,3,50.0,0.0,7.5,57.5,DEBIT_CARD,DINE_IN,4,13
TXN103371,S004,2024-10-03,12:27,Thursday,3,53.0,0.0,7.95,60.95,MADA,TAKEAWAY,4,15
TXN103372,S004,2024-10-03,19:00,Thursday,4,55.0,0.0,8.25,63.25,CASH,DELIVERY,5,36
TXN103373,S004,2024-10-03,18:41,Thursday,2,40.0,4.0,5.4,41.4,DEBIT_CARD,DINE_IN,4,11
TXN103374,S004,2024-10-03,18:23,Thursday,2,28.0,0.0,4.2,32.2,CREDIT_CARD,DELIVERY,5,36
TXN103375,S004,2024-10-03,16:54,Thursday,1,10.0,0.0,1.5,11.5,CREDIT_CARD,TAKEAWAY,4,10
TXN103376,S004,2024-10-03,13:49,Thursday,4,59.0,0.0,8.85,67.85,CREDIT_CARD,DELIVERY,4,23
TXN103377,S004,2024-10-03,12:32,Thursday,3,73.0,0.0,10.95,83.95,DIGITAL_WALLET,DINE_IN,1,5
TXN103378,S004,2024-10-03,19:55,Thursday,2,28.0,0.0,4.2,32.2,MADA,DELIVERY,4,33
TXN103379,S004,2024-10-03,15:16,Thursday,4,85.0,0.0,12.75,97.75,MADA,DELIVERY,5,35
TXN103380,S004,2024-10-03,11:21,Thursday,2,40.0,0.0,6.0,46.0,CREDIT_CARD,TAKEAWAY,4,9
TXN103381,S004,2024-10-03,18:50,Thursday,1,25.0,0.0,3.75,28.75,CREDIT_CARD,DRIVE_THRU,4,8
TXN103382,S004,2024-10-03,15:23,Thursday,2,57.0,0.0,8.55,65.55,CASH,DRIVE_THRU,4,6
TXN103383,S004,2024-10-03,20:40,Thursday,4,75.0,0.0,11.25,86.25,CREDIT_CARD,DELIVERY,4,39
TXN103384,S004,2024-10-03,21:56,Thursday,4,83.0,0.0,12.45,95.45,CREDIT_CARD,DRIVE_THRU,4,8
TXN103385,S004,2024-10-03,16:55,Thursday,4,63.0,0.0,9.45,72.45,MADA,DELIVERY,5,29
TXN103386,S004,2024-10-03,23:47,Thursday,3,51.0,0.0,7.65,58.65,CASH,DELIVERY,3,35
TXN103387,S004,2024-10-03,11:58,Thursday,2,20.0,0.0,3.0,23.0,CREDIT_CARD,DINE_IN,5,14
TXN103388,S005,2024-10-03,18:14,Thursday,2,43.0,0.0,6.45,49.45,MADA,DRIVE_THRU,5,8
TXN103389,S005,2024-10-03,18:02,Thursday,3,30.0,0.0,4.5,34.5,CASH,DINE_IN,2,10
TXN103390,S005,2024-10-03,19:35,Thursday,2,42.0,0.0,6.3,48.3,CREDIT_CARD,DRIVE_THRU,2,6
TXN103391,S005,2024-10-03,13:02,Thursday,3,52.0,0.0,7.8,59.8,MADA,TAKEAWAY,4,14
TXN103392,S005,2024-10-03,10:58,Thursday,1,12.0,0.0,1.8,13.8,MADA,TAKEAWAY,4,15
TXN103393,S005,2024-10-03,23:04,Thursday,3,56.0,0.0,8.4,64.4,DIGITAL_WALLET,DINE_IN,5,11
TXN103394,S005,2024-10-03,19:27,Thursday,3,61.0,0.0,9.15,70.15,MADA,DRIVE_THRU,4,8
TXN103395,S005,2024-10-03,11:18,Thursday,2,25.0,0.0,3.75,28.75,DEBIT_CARD,DRIVE_THRU,5,6
TXN103396,S005,2024-10-03,13:54,Thursday,1,12.0,0.0,1.8,13.8,CREDIT_CARD,DRIVE_THRU,5,7
TXN103397,S005,2024-10-03,19:26,Thursday,2,30.0,0.0,4.5,34.5,CASH,TAKEAWAY,4,9
TXN103398,S005,2024-10-03,13:36,Thursday,2,23.0,0.0,3.45,26.45,CASH,DELIVERY,5,28
TXN103399,S005,2024-10-03,13:39,Thursday,2,28.0,0.0,4.2,32.2,CREDIT_CARD,DINE_IN,5,10
TXN103400,S005,2024-10-03,19:25,Thursday,2,56.0,0.0,8.4,64.4,CASH,DRIVE_THRU,5,7
TXN103401,S005,2024-10-03,19:54,Thursday,3,58.0,0.0,8.7,66.7,MADA,TAKEAWAY,4,15
TXN103402,S005,2024-10-03,23:33,Thursday,1,32.0,0.0,4.8,36.8,MADA,DRIVE_THRU,5,7
TXN103403,S005,2024-10-03,19:09,Thursday,2,22.0,0.0,3.3,25.3,CREDIT_CARD,DELIVERY,4,35
TXN103404,S005,2024-10-03,12:57,Thursday,1,12.0,0.0,1.8,13.8,DIGITAL_WALLET,DELIVERY,2,32
TXN103405,S005,2024-10-03,18:04,Thursday,2,27.0,0.0,4.05,31.05,MADA,DELIVERY,4,27
TXN103406,S005,2024-10-03,10:16,Thursday,4,53.0,0.0,7.95,60.95,DIGITAL_WALLET,TAKEAWAY,5,15
TXN103407,S005,2024-10-03,20:23,Thursday,4,47.0,0.0,7.05,54.05,CASH,DELIVERY,4,24
TXN103408,S005,2024-10-03,20:40,Thursday,3,52.0,0.0,7.8,59.8,MADA,DELIVERY,3,33
TXN103409,S005,2024-10-03,20:10,Thursday,3,57.0,0.0,8.55,65.55,DIGITAL_WALLET,DELIVERY,3,28
TXN103410,S005,2024-10-03,19:11,Thursday,1,25.0,0.0,3.75,28.75,MADA,TAKEAWAY,4,12
TXN103411,S005,2024-10-03,19:55,Thursday,2,58.0,0.0,8.7,66.7,MADA,DINE_IN,4,13
TXN103412,S005,2024-10-03,13:42,Thursday,1,10.0,0.0,1.5,11.5,CASH,DRIVE_THRU,4,7
TXN103413,S005,2024-10-03,13:34,Thursday,1,25.0,0.0,3.75,28.75,CREDIT_CARD,DRIVE_THRU,5,7
TXN103414,S005,2024-10-03,19:30,Thursday,4,83.0,0.0,12.45,95.45,CASH,DELIVERY,3,26
TXN103415,S005,2024-10-03,17:00,Thursday,3,36.0,0.0,5.4,41.4,DIGITAL_WALLET,DINE_IN,2,7
TXN103416,S005,2024-10-03,12:05,Thursday,3,47.0,0.0,7.05,54.05,DIGITAL_WALLET,DELIVERY,4,20
TXN103417,S005,2024-10-03,13:08,Thursday,3,46.0,0.0,6.9,52.9,DIGITAL_WALLET,DINE_IN,5,9
TXN103418,S005,2024-10-03,12:57,Thursday,5,107.0,0.0,16.05,123.05,DEBIT_CARD,DINE_IN,4,11
TXN103419,S005,2024-10-03,11:38,Thursday,4,81.0,0.0,12.15,93.15,DEBIT_CARD,DELIVERY,5,26
TXN103420,S005,2024-10-03,19:07,Thursday,2,42.0,0.0,6.3,48.3,CREDIT_CARD,DINE_IN,4,6
TXN103421,S005,2024-10-03,18:28,Thursday,2,58.0,0.0,8.7,66.7,DIGITAL_WALLET,DELIVERY,4,21
TXN103422,S005,2024-10-03,12:12,Thursday,3,37.0,0.0,5.55,42.55,DIGITAL_WALLET,DRIVE_THRU,4,5
TXN103423,S005,2024-10-03,13:09,Thursday,3,84.0,0.0,12.6,96.6,DIGITAL_WALLET,DINE_IN,3,10
TXN103424,S005,2024-10-03,11:00,Thursday,4,45.0,0.0,6.75,51.75,DIGITAL_WALLET,DINE_IN,4,6
TXN103425,S005,2024-10-03,19:11,Thursday,1,8.0,0.8,1.08,8.28,DIGITAL_WALLET,TAKEAWAY,5,14
TXN103426,S005,2024-10-03,12:11,Thursday,5,78.0,7.8,10.53,80.73,DEBIT_CARD,DELIVERY,4,38
TXN103427,S005,2024-10-03,18:05,Thursday,4,65.0,0.0,9.75,74.75,MADA,DELIVERY,3,23
TXN103428,S005,2024-10-03,18:14,Thursday,1,25.0,0.0,3.75,28.75,DEBIT_CARD,TAKEAWAY,5,10
TXN103429,S005,2024-10-03,18:43,Thursday,2,50.0,5.0,6.75,51.75,CASH,DELIVERY,2,40
TXN103430,S005,2024-10-03,20:20,Thursday,3,46.0,0.0,6.9,52.9,CASH,DINE_IN,4,8
TXN103431,S005,2024-10-03,13:49,Thursday,2,40.0,0.0,6.0,46.0,CREDIT_CARD,DRIVE_THRU,1,6
TXN103432,S005,2024-10-03,19:23,Thursday,3,70.0,7.0,9.45,72.45,MADA,DELIVERY,3,28
TXN103433,S005,2024-10-03,12:59,Thursday,3,48.0,4.8,6.48,49.68,DIGITAL_WALLET,DINE_IN,5,9
TXN103434,S005,2024-10-03,14:07,Thursday,4,62.0,0.0,9.3,71.3,CREDIT_CARD,DRIVE_THRU,5,8
TXN103435,S005,2024-10-03,19:47,Thursday,3,32.0,0.0,4.8,36.8,MADA,DINE_IN,4,14
TXN103436,S005,2024-10-03,14:02,Thursday,2,44.0,0.0,6.6,50.6,CREDIT_CARD,DRIVE_THRU,2,8
TXN103437,S005,2024-10-03,11:03,Thursday,3,38.0,3.8,5.13,39.33,DIGITAL_WALLET,DRIVE_THRU,4,8
TXN103438,S005,2024-10-03,11:37,Thursday,2,40.0,0.0,6.0,46.0,CASH,DELIVERY,5,21
TXN103439,S005,2024-10-03,13:45,Thursday,3,47.0,0.0,7.05,54.05,DEBIT_CARD,DRIVE_THRU,5,5
TXN103440,S005,2024-10-03,15:42,Thursday,3,53.0,0.0,7.95,60.95,DIGITAL_WALLET,DRIVE_THRU,5,6
TXN103441,S005,2024-10-03,17:41,Thursday,2,38.0,0.0,5.7,43.7,CREDIT_CARD,TAKEAWAY,3,15
TXN103442,S005,2024-10-03,19:26,Thursday,1,26.0,0.0,3.9,29.9,DIGITAL_WALLET,DINE_IN,3,11
TXN103443,S005,2024-10-03,16:55,Thursday,1,32.0,3.2,4.32,33.12,MADA,DRIVE_THRU,4,3
TXN103444,S005,2024-10-03,18:04,Thursday,3,54.0,5.4,7.29,55.89,DIGITAL_WALLET,DINE_IN,2,8
TXN103445,S005,2024-10-03,23:31,Thursday,3,46.0,4.6,6.21,47.61,MADA,TAKEAWAY,4,12
TXN103446,S005,2024-10-03,19:50,Thursday,1,25.0,0.0,3.75,28.75,DIGITAL_WALLET,DRIVE_THRU,5,7
TXN103447,S005,2024-10-03,12:06,Thursday,2,25.0,0.0,3.75,28.75,MADA,TAKEAWAY,4,5
TXN103448,S005,2024-10-03,21:28,Thursday,2,28.0,0.0,4.2,32.2,MADA,DINE_IN,5,7
TXN103449,S005,2024-10-03,12:22,Thursday,4,87.0,0.0,13.05,100.05,MADA,TAKEAWAY,5,13
TXN103450,S005,2024-10-03,19:39,Thursday,2,38.0,0.0,5.7,43.7,CASH,TAKEAWAY,4,9
TXN103451,S005,2024-10-03,19:46,Thursday,3,54.0,0.0,8.1,62.1,CASH,DRIVE_THRU,5,6
TXN103452,S005,2024-10-03,19:16,Thursday,3,49.0,0.0,7.35,56.35,DEBIT_CARD,DELIVERY,5,29
TXN103453,S005,2024-10-03,12:15,Thursday,2,28.0,0.0,4.2,32.2,CASH,DRIVE_THRU,4,3
TXN103454,S005,2024-10-03,19:39,Thursday,2,25.0,0.0,3.75,28.75,DIGITAL_WALLET,DINE_IN,3,12
TXN103455,S005,2024-10-03,11:05,Thursday,3,58.0,0.0,8.7,66.7,CREDIT_CARD,DINE_IN,3,6
TXN103456,S005,2024-10-03,12:35,Thursday,3,68.0,0.0,10.2,78.2,MADA,DRIVE_THRU,4,8
TXN103457,S005,2024-10-03,19:30,Thursday,2,40.0,0.0,6.0,46.0,CREDIT_CARD,TAKEAWAY,5,5
TXN103458,S005,2024-10-03,12:43,Thursday,2,20.0,0.0,3.0,23.0,MADA,DINE_IN,3,13
TXN103459,S005,2024-10-03,12:37,Thursday,4,83.0,0.0,12.45,95.45,CREDIT_CARD,DRIVE_THRU,5,4
TXN103460,S005,2024-10-03,18:05,Thursday,3,35.0,0.0,5.25,40.25,CASH,DRIVE_THRU,4,5
TXN103461,S005,2024-10-03,18:51,Thursday,4,60.0,0.0,9.0,69.0,DIGITAL_WALLET,TAKEAWAY,5,14
TXN103462,S005,2024-10-03,11:19,Thursday,2,38.0,0.0,5.7,43.7,DEBIT_CARD,DELIVERY,3,27
TXN103463,S005,2024-10-03,16:44,Thursday,1,10.0,0.0,1.5,11.5,DEBIT_CARD,DINE_IN,5,7
TXN103464,S005,2024-10-03,20:29,Thursday,2,43.0,0.0,6.45,49.45,CREDIT_CARD,TAKEAWAY,4,10
TXN103465,S005,2024-10-03,15:22,Thursday,5,107.0,0.0,16.05,123.05,DIGITAL_WALLET,TAKEAWAY,5,12
TXN103466,S005,2024-10-03,22:51,Thursday,3,48.0,0.0,7.2,55.2,DEBIT_CARD,DRIVE_THRU,5,7
TXN103467,S005,2024-10-03,18:17,Thursday,2,60.0,0.0,9.0,69.0,CASH,DINE_IN,4,12
TXN103468,S005,2024-10-03,19:37,Thursday,3,58.0,0.0,8.7,66.7,MADA,DRIVE_THRU,3,3
TXN103469,S005,2024-10-03,11:33,Thursday,4,51.0,0.0,7.65,58.65,MADA,DINE_IN,3,7
TXN103470,S005,2024-10-03,19:55,Thursday,3,52.0,0.0,7.8,59.8,DEBIT_CARD,DRIVE_THRU,4,7
TXN103471,S005,2024-10-03,20:04,Thursday,2,22.0,2.2,2.97,22.77,CREDIT_CARD,DELIVERY,4,32
TXN103472,S005,2024-10-03,10:05,Thursday,4,76.0,0.0,11.4,87.4,DEBIT_CARD,DELIVERY,4,25
TXN103473,S005,2024-10-03,08:11,Thursday,5,106.0,0.0,15.9,121.9,CREDIT_CARD,DELIVERY,1,22
TXN103474,S005,2024-10-03,19:15,Thursday,3,70.0,0.0,10.5,80.5,CASH,DELIVERY,5,28
TXN103475,S005,2024-10-03,15:03,Thursday,3,53.0,0.0,7.95,60.95,CREDIT_CARD,DINE_IN,2,14
TXN103476,S005,2024-10-03,23:22,Thursday,2,40.0,0.0,6.0,46.0,DEBIT_CARD,DINE_IN,5,5
TXN103477,S005,2024-10-03,20:10,Thursday,2,44.0,0.0,6.6,50.6,CASH,TAKEAWAY,4,14
TXN103478,S005,2024-10-03,13:16,Thursday,3,50.0,0.0,7.5,57.5,CREDIT_CARD,DRIVE_THRU,5,6
TXN103479,S005,2024-10-03,13:46,Thursday,4,76.0,0.0,11.4,87.4,DIGITAL_WALLET,DELIVERY,4,34
TXN103480,S005,2024-10-03,18:06,Thursday,3,30.0,0.0,4.5,34.5,CASH,DELIVERY,3,29
TXN103481,S005,2024-10-03,18:10,Thursday,1,18.0,0.0,2.7,20.7,CASH,DELIVERY,3,38
TXN103482,S005,2024-10-03,20:17,Thursday,3,67.0,6.7,9.04,69.34,CASH,DRIVE_THRU,5,5
TXN103483,S005,2024-10-03,18:25,Thursday,4,90.0,0.0,13.5,103.5,CREDIT_CARD,TAKEAWAY,4,5
TXN103484,S005,2024-10-03,20:53,Thursday,2,38.0,0.0,5.7,43.7,DEBIT_CARD,DINE_IN,3,14
TXN103485,S005,2024-10-03,20:41,Thursday,2,40.0,0.0,6.0,46.0,MADA,TAKEAWAY,4,14
TXN103486,S005,2024-10-03,13:04,Thursday,3,48.0,0.0,7.2,55.2,MADA,DINE_IN,4,11
TXN103487,S005,2024-10-03,15:42,Thursday,2,50.0,0.0,7.5,57.5,DEBIT_CARD,DELIVERY,5,38
TXN103488,S005,2024-10-03,12:58,Thursday,5,124.0,0.0,18.6,142.6,CASH,DRIVE_THRU,2,5
TXN103489,S005,2024-10-03,20:13,Thursday,2,23.0,0.0,3.45,26.45,CREDIT_CARD,DELIVERY,3,28
TXN103490,S005,2024-10-03,21:00,Thursday,3,66.0,0.0,9.9,75.9,DIGITAL_WALLET,TAKEAWAY,5,15
TXN103491,S005,2024-10-03,12:49,Thursday,2,36.0,0.0,5.4,41.4,DEBIT_CARD,DRIVE_THRU,4,6
TXN103492,S005,2024-10-03,14:02,Thursday,4,80.0,0.0,12.0,92.0,MADA,DRIVE_THRU,5,8
TXN103493,S005,2024-10-03,21:42,Thursday,3,35.0,0.0,5.25,40.25,DIGITAL_WALLET,DELIVERY,2,37
TXN103494,S005,2024-10-03,18:57,Thursday,4,98.0,0.0,14.7,112.7,DEBIT_CARD,DRIVE_THRU,5,8
TXN103495,S005,2024-10-03,10:15,Thursday,4,80.0,8.0,10.8,82.8,MADA,TAKEAWAY,5,7
TXN103496,S005,2024-10-03,13:29,Thursday,4,71.0,0.0,10.65,81.65,DEBIT_CARD,DINE_IN,4,15
TXN103497,S005,2024-10-03,23:37,Thursday,3,56.0,0.0,8.4,64.4,DIGITAL_WALLET,DRIVE_THRU,4,5
TXN103498,S005,2024-10-03,18:14,Thursday,3,66.0,0.0,9.9,75.9,MADA,DRIVE_THRU,5,8
TXN103499,S005,2024-10-03,12:42,Thursday,3,35.0,0.0,5.25,40.25,DIGITAL_WALLET,DINE_IN,4,15
TXN103500,S005,2024-10-03,19:22,Thursday,4,86.0,0.0,12.9,98.9,MADA,DELIVERY,4,22
TXN103501,S005,2024-10-03,19:46,Thursday,3,54.0,0.0,8.1,62.1,CREDIT_CARD,DELIVERY,4,34
TXN103502,S005,2024-10-03,19:22,Thursday,1,12.0,0.0,1.8,13.8,CASH,TAKEAWAY,4,5
TXN103503,S005,2024-10-03,19:35,Thursday,4,68.0,0.0,10.2,78.2,DEBIT_CARD,TAKEAWAY,4,11
TXN103504,S005,2024-10-03,18:26,Thursday,2,62.0,0.0,9.3,71.3,CASH,DELIVERY,5,31
TXN103505,S005,2024-10-03,11:49,Thursday,4,55.0,0.0,8.25,63.25,CREDIT_CARD,DELIVERY,4,30
TXN103506,S005,2024-10-03,11:52,Thursday,4,100.0,0.0,15.0,115.0,CASH,TAKEAWAY,3,10
TXN103507,S005,2024-10-03,11:47,Thursday,3,78.0,0.0,11.7,89.7,DEBIT_CARD,DELIVERY,3,27
TXN103508,S005,2024-10-03,22:51,Thursday,4,83.0,0.0,12.45,95.45,DEBIT_CARD,DINE_IN,4,12
TXN103509,S005,2024-10-03,12:56,Thursday,4,91.0,0.0,13.65,104.65,DIGITAL_WALLET,TAKEAWAY,5,5
TXN103510,S005,2024-10-03,23:12,Thursday,4,76.0,0.0,11.4,87.4,MADA,DINE_IN,4,13
TXN103511,S005,2024-10-03,19:41,Thursday,3,65.0,0.0,9.75,74.75,DEBIT_CARD,DRIVE_THRU,5,3
TXN103512,S005,2024-10-03,11:10,Thursday,3,43.0,0.0,6.45,49.45,DIGITAL_WALLET,DRIVE_THRU,3,5
TXN103513,S005,2024-10-03,18:13,Thursday,2,60.0,0.0,9.0,69.0,MADA,TAKEAWAY,3,8
TXN103514,S005,2024-10-03,10:27,Thursday,3,53.0,0.0,7.95,60.95,CASH,DINE_IN,4,13
TXN103515,S005,2024-10-03,11:51,Thursday,1,10.0,0.0,1.5,11.5,MADA,DELIVERY,5,21
TXN103516,S005,2024-10-03,20:08,Thursday,1,26.0,0.0,3.9,29.9,DEBIT_CARD,DINE_IN,4,12
TXN103517,S005,2024-10-03,10:33,Thursday,2,47.0,0.0,7.05,54.05,MADA,TAKEAWAY,4,15
TXN103518,S005,2024-10-03,19:12,Thursday,2,57.0,0.0,8.55,65.55,MADA,TAKEAWAY,5,5
TXN103519,S005,2024-10-03,12:08,Thursday,5,95.0,0.0,14.25,109.25,CREDIT_CARD,DELIVERY,4,23
TXN103520,S005,2024-10-03,10:23,Thursday,1,28.0,0.0,4.2,32.2,DEBIT_CARD,TAKEAWAY,1,5
TXN103521,S005,2024-10-03,18:07,Thursday,2,40.0,0.0,6.0,46.0,DIGITAL_WALLET,DELIVERY,3,35
TXN103522,S005,2024-10-03,19:09,Thursday,3,68.0,0.0,10.2,78.2,DEBIT_CARD,TAKEAWAY,5,12
TXN103523,S005,2024-10-03,12:05,Thursday,3,58.0,0.0,8.7,66.7,MADA,TAKEAWAY,5,12
TXN103524,S005,2024-10-03,16:30,Thursday,3,72.0,0.0,10.8,82.8,DIGITAL_WALLET,DINE_IN,3,8
TXN103525,S005,2024-10-03,18:05,Thursday,3,58.0,0.0,8.7,66.7,CREDIT_CARD,DINE_IN,4,12
TXN103526,S005,2024-10-03,12:17,Thursday,2,43.0,0.0,6.45,49.45,MADA,TAKEAWAY,5,6
TXN103527,S005,2024-10-03,18:50,Thursday,3,65.0,0.0,9.75,74.75,MADA,DINE_IN,4,14
TXN103528,S005,2024-10-03,18:49,Thursday,2,40.0,0.0,6.0,46.0,CASH,DELIVERY,5,30
TXN103529,S005,2024-10-03,16:39,Thursday,2,50.0,0.0,7.5,57.5,MADA,DELIVERY,4,32
TXN103530,S005,2024-10-03,19:02,Thursday,2,35.0,0.0,5.25,40.25,CREDIT_CARD,DRIVE_THRU,4,8
TXN103531,S005,2024-10-03,17:16,Thursday,1,15.0,0.0,2.25,17.25,DEBIT_CARD,TAKEAWAY,5,5
TXN103532,S005,2024-10-03,12:03,Thursday,3,54.0,0.0,8.1,62.1,MADA,DELIVERY,3,31
TXN103533,S005,2024-10-03,13:41,Thursday,2,40.0,0.0,6.0,46.0,DEBIT_CARD,DELIVERY,5,21
TXN103534,S005,2024-10-03,15:58,Thursday,3,45.0,0.0,6.75,51.75,MADA,DRIVE_THRU,5,8
TXN103535,S005,2024-10-03,12:51,Thursday,2,38.0,0.0,5.7,43.7,CREDIT_CARD,DINE_IN,5,5
TXN103536,S005,2024-10-03,19:39,Thursday,2,42.0,0.0,6.3,48.3,DEBIT_CARD,TAKEAWAY,3,12
TXN103537,S005,2024-10-03,13:31,Thursday,3,85.0,0.0,12.75,97.75,CASH,DELIVERY,4,33
TXN103538,S005,2024-10-03,16:33,Thursday,3,66.0,0.0,9.9,75.9,DEBIT_CARD,DELIVERY,5,35
TXN103539,S005,2024-10-03,10:16,Thursday,3,59.0,0.0,8.85,67.85,CASH,DINE_IN,4,12
TXN103540,S005,2024-10-03,19:14,Thursday,2,22.0,0.0,3.3,25.3,DEBIT_CARD,DELIVERY,4,20
TXN103541,S005,2024-10-03,15:08,Thursday,2,27.0,0.0,4.05,31.05,MADA,TAKEAWAY,5,9
TXN103542,S005,2024-10-03,18:51,Thursday,3,70.0,0.0,10.5,80.5,CREDIT_CARD,DINE_IN,5,12
TXN103543,S005,2024-10-03,18:56,Thursday,3,54.0,0.0,8.1,62.1,MADA,DRIVE_THRU,4,3
TXN103544,S005,2024-10-03,13:33,Thursday,2,42.0,4.2,5.67,43.47,MADA,TAKEAWAY,5,9
TXN103545,S005,2024-10-03,12:15,Thursday,1,25.0,0.0,3.75,28.75,DIGITAL_WALLET,DELIVERY,3,23
TXN103546,S005,2024-10-03,12:23,Thursday,3,52.0,0.0,7.8,59.8,CREDIT_CARD,TAKEAWAY,4,7
TXN103547,S005,2024-10-03,13:24,Thursday,4,75.0,0.0,11.25,86.25,CREDIT_CARD,DELIVERY,3,40
TXN103548,S005,2024-10-03,18:13,Thursday,2,35.0,0.0,5.25,40.25,CASH,DINE_IN,4,5
TXN103549,S005,2024-10-03,18:01,Thursday,2,44.0,0.0,6.6,50.6,DIGITAL_WALLET,DRIVE_THRU,2,3
TXN103550,S005,2024-10-03,13:08,Thursday,2,37.0,0.0,5.55,42.55,DIGITAL_WALLET,TAKEAWAY,5,8
TXN103551,S005,2024-10-03,19:23,Thursday,4,69.0,0.0,10.35,79.35,CASH,DINE_IN,5,6
TXN103552,S005,2024-10-03,21:20,Thursday,3,40.0,0.0,6.0,46.0,CREDIT_CARD,TAKEAWAY,5,6
TXN103553,S005,2024-10-03,17:54,Thursday,4,62.0,0.0,9.3,71.3,CREDIT_CARD,TAKEAWAY,4,15
TXN103554,S005,2024-10-03,18:03,Thursday,3,55.0,0.0,8.25,63.25,DEBIT_CARD,DINE_IN,3,8
TXN103555,S005,2024-10-03,12:22,Thursday,3,58.0,0.0,8.7,66.7,CREDIT_CARD,DELIVERY,5,25
TXN103556,S005,2024-10-03,16:01,Thursday,2,22.0,2.2,2.97,22.77,DIGITAL_WALLET,DINE_IN,4,15
TXN103557,S005,2024-10-03,19:51,Thursday,2,35.0,0.0,5.25,40.25,DEBIT_CARD,DRIVE_THRU,4,8
TXN103558,S005,2024-10-03,15:31,Thursday,3,53.0,0.0,7.95,60.95,MADA,DRIVE_THRU,2,6
TXN103559,S005,2024-10-03,13:03,Thursday,1,28.0,0.0,4.2,32.2,MADA,DRIVE_THRU,4,7
TXN103560,S005,2024-10-03,14:47,Thursday,3,50.0,0.0,7.5,57.5,MADA,DRIVE_THRU,5,7
TXN103561,S005,2024-10-03,13:41,Thursday,4,87.0,0.0,13.05,100.05,CASH,DELIVERY,2,25
TXN103562,S005,2024-10-03,19:16,Thursday,4,73.0,7.3,9.86,75.56,DIGITAL_WALLET,DINE_IN,4,14
TXN103563,S005,2024-10-03,19:52,Thursday,2,37.0,0.0,5.55,42.55,DIGITAL_WALLET,DRIVE_THRU,4,4
TXN103564,S005,2024-10-03,13:57,Thursday,4,77.0,0.0,11.55,88.55,DIGITAL_WALLET,DINE_IN,3,10
TXN103565,S005,2024-10-03,10:52,Thursday,2,30.0,0.0,4.5,34.5,MADA,DELIVERY,5,24
TXN103566,S005,2024-10-03,15:36,Thursday,2,42.0,0.0,6.3,48.3,DIGITAL_WALLET,DELIVERY,4,28
TXN103567,S005,2024-10-03,13:51,Thursday,2,20.0,0.0,3.0,23.0,DEBIT_CARD,TAKEAWAY,5,6
TXN103568,S005,2024-10-03,12:46,Thursday,2,44.0,0.0,6.6,50.6,DEBIT_CARD,DRIVE_THRU,4,3
TXN103569,S005,2024-10-03,17:08,Thursday,4,91.0,0.0,13.65,104.65,CREDIT_CARD,TAKEAWAY,5,7
TXN103570,S005,2024-10-03,15:06,Thursday,3,63.0,0.0,9.45,72.45,DEBIT_CARD,TAKEAWAY,4,10
TXN103571,S005,2024-10-03,11:10,Thursday,3,70.0,0.0,10.5,80.5,CASH,DELIVERY,1,24
TXN103572,S005,2024-10-03,19:51,Thursday,2,28.0,0.0,4.2,32.2,DIGITAL_WALLET,DELIVERY,5,30
TXN103573,S005,2024-10-03,18:10,Thursday,4,61.0,0.0,9.15,70.15,DEBIT_CARD,DRIVE_THRU,3,4
TXN103574,S005,2024-10-03,13:16,Thursday,2,42.0,0.0,6.3,48.3,DIGITAL_WALLET,DRIVE_THRU,5,4
TXN103575,S005,2024-10-03,19:33,Thursday,5,101.0,0.0,15.15,116.15,DEBIT_CARD,DINE_IN,2,7
TXN103576,S005,2024-10-03,13:31,Thursday,3,83.0,0.0,12.45,95.45,DEBIT_CARD,TAKEAWAY,5,14
TXN103577,S005,2024-10-03,18:24,Thursday,5,94.0,0.0,14.1,108.1,DIGITAL_WALLET,DRIVE_THRU,3,3
TXN103578,S005,2024-10-03,13:00,Thursday,3,70.0,0.0,10.5,80.5,CREDIT_CARD,DINE_IN,5,14
TXN103579,S005,2024-10-03,23:03,Thursday,3,52.0,0.0,7.8,59.8,CREDIT_CARD,DINE_IN,5,14
TXN103580,S005,2024-10-03,15:12,Thursday,4,75.0,0.0,11.25,86.25,CREDIT_CARD,TAKEAWAY,5,10
TXN103581,S005,2024-10-03,18:53,Thursday,4,77.0,0.0,11.55,88.55,CASH,DINE_IN,4,12
TXN103582,S005,2024-10-03,12:01,Thursday,3,56.0,0.0,8.4,64.4,CASH,DELIVERY,4,27
TXN103583,S005,2024-10-03,18:41,Thursday,3,61.0,0.0,9.15,70.15,CREDIT_CARD,DINE_IN,5,14
TXN103584,S005,2024-10-03,20:57,Thursday,3,32.0,0.0,4.8,36.8,DEBIT_CARD,TAKEAWAY,5,5
TXN103585,S005,2024-10-03,12:12,Thursday,1,8.0,0.0,1.2,9.2,CASH,TAKEAWAY,5,14
TXN103586,S005,2024-10-03,13:04,Thursday,3,79.0,0.0,11.85,90.85,CREDIT_CARD,DINE_IN,2,13
TXN103587,S005,2024-10-03,18:27,Thursday,3,30.0,0.0,4.5,34.5,MADA,DELIVERY,5,20
TXN103588,S005,2024-10-03,18:36,Thursday,4,73.0,0.0,10.95,83.95,DIGITAL_WALLET,DRIVE_THRU,5,6
TXN103589,S005,2024-10-03,14:18,Thursday,3,48.0,0.0,7.2,55.2,DEBIT_CARD,DINE_IN,4,6
TXN103590,S005,2024-10-03,13:44,Thursday,2,55.0,0.0,8.25,63.25,DEBIT_CARD,DELIVERY,5,28
TXN103591,S005,2024-10-03,20:09,Thursday,2,40.0,0.0,6.0,46.0,DEBIT_CARD,DRIVE_THRU,5,5
TXN103592,S005,2024-10-03,11:50,Thursday,4,62.0,0.0,9.3,71.3,DIGITAL_WALLET,TAKEAWAY,4,10
TXN103593,S005,2024-10-03,17:28,Thursday,2,42.0,4.2,5.67,43.47,DIGITAL_WALLET,TAKEAWAY,5,11
TXN103594,S005,2024-10-03,13:05,Thursday,3,58.0,0.0,8.7,66.7,MADA,DELIVERY,3,35
TXN103595,S005,2024-10-03,10:10,Thursday,2,62.0,0.0,9.3,71.3,DEBIT_CARD,DELIVERY,5,39
TXN103596,S005,2024-10-03,17:09,Thursday,4,75.0,7.5,10.12,77.62,DIGITAL_WALLET,DINE_IN,4,12
TXN103597,S005,2024-10-03,18:12,Thursday,2,40.0,0.0,6.0,46.0,DEBIT_CARD,TAKEAWAY,5,7
TXN103598,S005,2024-10-03,23:57,Thursday,3,72.0,0.0,10.8,82.8,CREDIT_CARD,DRIVE_THRU,4,4
TXN103599,S005,2024-10-03,21:49,Thursday,3,51.0,0.0,7.65,58.65,CREDIT_CARD,DINE_IN,3,8
TXN103600,S005,2024-10-03,08:35,Thursday,4,42.0,0.0,6.3,48.3,CASH,DELIVERY,4,29
TXN103601,S005,2024-10-03,12:49,Thursday,2,38.0,0.0,5.7,43.7,CASH,DELIVERY,5,37
TXN103602,S005,2024-10-03,12:41,Thursday,3,68.0,0.0,10.2,78.2,DEBIT_CARD,DINE_IN,5,8
TXN103603,S005,2024-10-03,19:25,Thursday,2,56.0,0.0,8.4,64.4,DEBIT_CARD,TAKEAWAY,5,13
TXN103604,S005,2024-10-03,13:56,Thursday,3,50.0,0.0,7.5,57.5,CASH,TAKEAWAY,2,12
TXN103605,S005,2024-10-03,13:24,Thursday,1,25.0,0.0,3.75,28.75,CREDIT_CARD,TAKEAWAY,2,5
TXN103606,S005,2024-10-03,19:46,Thursday,3,34.0,0.0,5.1,39.1,DEBIT_CARD,DRIVE_THRU,4,6
TXN103607,S005,2024-10-03,11:46,Thursday,3,53.0,0.0,7.95,60.95,DIGITAL_WALLET,TAKEAWAY,3,6
TXN103608,S005,2024-10-03,20:57,Thursday,3,65.0,0.0,9.75,74.75,DEBIT_CARD,DELIVERY,5,33
TXN103609,S005,2024-10-03,14:33,Thursday,2,20.0,0.0,3.0,23.0,DEBIT_CARD,DRIVE_THRU,4,5
TXN103610,S005,2024-10-03,20:40,Thursday,1,32.0,0.0,4.8,36.8,MADA,TAKEAWAY,3,8
TXN103611,S005,2024-10-03,19:43,Thursday,3,70.0,0.0,10.5,80.5,CREDIT_CARD,DRIVE_THRU,3,7
TXN103612,S005,2024-10-03,19:00,Thursday,3,88.0,0.0,13.2,101.2,CASH,DELIVERY,5,36
TXN103613,S005,2024-10-03,12:49,Thursday,2,22.0,2.2,2.97,22.77,DEBIT_CARD,DINE_IN,5,12
TXN103614,S005,2024-10-03,18:24,Thursday,2,35.0,0.0,5.25,40.25,MADA,DRIVE_THRU,4,3
TXN103615,S005,2024-10-03,14:52,Thursday,3,37.0,0.0,5.55,42.55,DIGITAL_WALLET,TAKEAWAY,5,12
TXN103616,S005,2024-10-03,19:24,Thursday,3,52.0,5.2,7.02,53.82,DEBIT_CARD,DRIVE_THRU,1,8
TXN103617,S005,2024-10-03,19:21,Thursday,4,84.0,0.0,12.6,96.6,DEBIT_CARD,DRIVE_THRU,3,5
TXN103618,S005,2024-10-03,10:36,Thursday,3,30.0,0.0,4.5,34.5,MADA,TAKEAWAY,5,12
TXN103619,S005,2024-10-03,13:47,Thursday,2,54.0,0.0,8.1,62.1,MADA,DELIVERY,5,33
TXN103620,S005,2024-10-03,20:10,Thursday,3,50.0,0.0,7.5,57.5,DIGITAL_WALLET,DELIVERY,2,32
TXN103621,S005,2024-10-03,19:08,Thursday,2,45.0,0.0,6.75,51.75,CREDIT_CARD,DRIVE_THRU,5,3
TXN103622,S005,2024-10-03,12:03,Thursday,2,38.0,0.0,5.7,43.7,CREDIT_CARD,DRIVE_THRU,5,3
TXN103623,S005,2024-10-03,11:07,Thursday,4,76.0,0.0,11.4,87.4,MADA,DELIVERY,4,35
TXN103624,S005,2024-10-03,13:08,Thursday,3,54.0,0.0,8.1,62.1,DEBIT_CARD,DINE_IN,4,11
TXN103625,S005,2024-10-03,18:59,Thursday,2,20.0,0.0,3.0,23.0,CASH,TAKEAWAY,5,13
TXN103626,S005,2024-10-03,12:32,Thursday,3,74.0,0.0,11.1,85.1,DIGITAL_WALLET,TAKEAWAY,5,11
TXN103627,S005,2024-10-03,22:15,Thursday,3,56.0,0.0,8.4,64.4,MADA,TAKEAWAY,5,6
TXN103628,S005,2024-10-03,15:34,Thursday,4,65.0,0.0,9.75,74.75,MADA,DINE_IN,5,11
TXN103629,S005,2024-10-03,12:55,Thursday,3,55.0,0.0,8.25,63.25,CREDIT_CARD,DRIVE_THRU,4,8
TXN103630,S005,2024-10-03,21:18,Thursday,2,18.0,0.0,2.7,20.7,DIGITAL_WALLET,TAKEAWAY,3,12
TXN103631,S005,2024-10-03,17:53,Thursday,3,70.0,0.0,10.5,80.5,DIGITAL_WALLET,DINE_IN,4,5
TXN103632,S005,2024-10-03,18:39,Thursday,2,22.0,0.0,3.3,25.3,CASH,DRIVE_THRU,4,8
TXN103633,S005,2024-10-03,15:06,Thursday,4,80.0,0.0,12.0,92.0,DEBIT_CARD,TAKEAWAY,3,9
TXN103634,S005,2024-10-03,19:46,Thursday,2,36.0,0.0,5.4,41.4,CASH,TAKEAWAY,4,11
TXN103635,S005,2024-10-03,12:50,Thursday,2,42.0,0.0,6.3,48.3,MADA,DRIVE_THRU,4,8
TXN103636,S005,2024-10-03,12:08,Thursday,2,20.0,2.0,2.7,20.7,DEBIT_CARD,DINE_IN,4,15
TXN103637,S005,2024-10-03,16:20,Thursday,4,83.0,0.0,12.45,95.45,CREDIT_CARD,DINE_IN,3,9
TXN103638,S005,2024-10-03,17:12,Thursday,4,75.0,0.0,11.25,86.25,MADA,DRIVE_THRU,5,4
TXN103639,S005,2024-10-03,21:32,Thursday,1,18.0,0.0,2.7,20.7,MADA,TAKEAWAY,2,9
TXN103640,S005,2024-10-03,13:19,Thursday,4,108.0,0.0,16.2,124.2,CASH,DRIVE_THRU,4,5
TXN103641,S005,2024-10-03,18:15,Thursday,4,80.0,0.0,12.0,92.0,DEBIT_CARD,DELIVERY,4,32
TXN103642,S005,2024-10-03,10:08,Thursday,3,52.0,0.0,7.8,59.8,MADA,DINE_IN,4,6
TXN103643,S005,2024-10-03,12:24,Thursday,3,72.0,0.0,10.8,82.8,MADA,DRIVE_THRU,4,4
TXN103644,S005,2024-10-03,15:03,Thursday,4,80.0,0.0,12.0,92.0,DEBIT_CARD,DRIVE_THRU,5,7
TXN103645,S005,2024-10-03,10:10,Thursday,3,36.0,0.0,5.4,41.4,DEBIT_CARD,DRIVE_THRU,5,6
TXN103646,S001,2024-10-04,12:45,Friday,4,104.0,0.0,15.6,119.6,CASH,DINE_IN,3,12
TXN103647,S001,2024-10-04,13:15,Friday,3,32.0,0.0,4.8,36.8,CASH,DELIVERY,5,22
TXN103648,S001,2024-10-04,19:05,Friday,3,48.0,4.8,6.48,49.68,DIGITAL_WALLET,DELIVERY,4,21
TXN103649,S001,2024-10-04,08:17,Friday,4,80.0,0.0,12.0,92.0,DEBIT_CARD,DELIVERY,3,25
TXN103650,S001,2024-10-04,19:36,Friday,4,90.0,0.0,13.5,103.5,CASH,DINE_IN,4,7
TXN103651,S001,2024-10-04,12:56,Friday,5,89.0,0.0,13.35,102.35,CASH,TAKEAWAY,5,10
TXN103652,S001,2024-10-04,18:06,Friday,1,30.0,0.0,4.5,34.5,DEBIT_CARD,DRIVE_THRU,2,3
TXN103653,S001,2024-10-04,18:57,Friday,1,15.0,0.0,2.25,17.25,CREDIT_CARD,DELIVERY,4,33
TXN103654,S001,2024-10-04,18:30,Friday,4,60.0,0.0,9.0,69.0,CASH,TAKEAWAY,3,15
TXN103655,S001,2024-10-04,13:29,Friday,3,67.0,0.0,10.05,77.05,CREDIT_CARD,DRIVE_THRU,3,5
TXN103656,S001,2024-10-04,19:22,Friday,3,35.0,0.0,5.25,40.25,CASH,DELIVERY,4,33
TXN103657,S001,2024-10-04,19:21,Friday,2,22.0,0.0,3.3,25.3,CASH,DELIVERY,3,35
TXN103658,S001,2024-10-04,13:43,Friday,2,28.0,0.0,4.2,32.2,MADA,TAKEAWAY,4,11
TXN103659,S001,2024-10-04,08:50,Friday,4,62.0,0.0,9.3,71.3,MADA,TAKEAWAY,5,13
TXN103660,S001,2024-10-04,12:08,Friday,1,18.0,0.0,2.7,20.7,CREDIT_CARD,DELIVERY,3,28
TXN103661,S001,2024-10-04,13:30,Friday,4,64.0,0.0,9.6,73.6,CREDIT_CARD,TAKEAWAY,4,5
TXN103662,S001,2024-10-04,13:18,Friday,2,40.0,0.0,6.0,46.0,CREDIT_CARD,TAKEAWAY,2,6
TXN103663,S001,2024-10-04,12:31,Friday,2,26.0,0.0,3.9,29.9,CASH,DRIVE_THRU,4,4
TXN103664,S001,2024-10-04,13:42,Friday,2,36.0,0.0,5.4,41.4,DEBIT_CARD,DINE_IN,3,15
TXN103665,S001,2024-10-04,18:59,Friday,2,41.0,0.0,6.15,47.15,CASH,TAKEAWAY,5,15
TXN103666,S001,2024-10-04,18:37,Friday,4,84.0,0.0,12.6,96.6,CREDIT_CARD,DELIVERY,5,32
TXN103667,S001,2024-10-04,15:39,Friday,1,12.0,0.0,1.8,13.8,DEBIT_CARD,DELIVERY,4,32
TXN103668,S001,2024-10-04,13:19,Friday,3,73.0,0.0,10.95,83.95,MADA,DELIVERY,3,33
TXN103669,S001,2024-10-04,16:56,Friday,3,46.0,0.0,6.9,52.9,MADA,DRIVE_THRU,4,8
TXN103670,S001,2024-10-04,14:36,Friday,3,53.0,0.0,7.95,60.95,CREDIT_CARD,DRIVE_THRU,5,4
TXN103671,S001,2024-10-04,13:47,Friday,4,82.0,0.0,12.3,94.3,MADA,DRIVE_THRU,4,3
TXN103672,S001,2024-10-04,19:17,Friday,3,52.0,0.0,7.8,59.8,DEBIT_CARD,TAKEAWAY,4,6
TXN103673,S001,2024-10-04,10:06,Friday,4,90.0,0.0,13.5,103.5,DIGITAL_WALLET,TAKEAWAY,3,13
TXN103674,S001,2024-10-04,13:47,Friday,3,30.0,0.0,4.5,34.5,MADA,DRIVE_THRU,4,5
TXN103675,S001,2024-10-04,18:16,Friday,4,70.0,7.0,9.45,72.45,DIGITAL_WALLET,DELIVERY,4,22
TXN103676,S001,2024-10-04,12:19,Friday,2,18.0,0.0,2.7,20.7,CREDIT_CARD,DINE_IN,4,13
TXN103677,S001,2024-10-04,09:25,Friday,3,67.0,0.0,10.05,77.05,CASH,DRIVE_THRU,5,4
TXN103678,S001,2024-10-04,16:31,Friday,3,60.0,0.0,9.0,69.0,CASH,DINE_IN,5,7
TXN103679,S001,2024-10-04,12:51,Friday,1,15.0,0.0,2.25,17.25,MADA,DELIVERY,3,20
TXN103680,S001,2024-10-04,18:15,Friday,3,66.0,6.6,8.91,68.31,CREDIT_CARD,DRIVE_THRU,5,6
TXN103681,S001,2024-10-04,18:43,Friday,2,57.0,0.0,8.55,65.55,MADA,DRIVE_THRU,3,6
TXN103682,S001,2024-10-04,10:15,Friday,2,33.0,0.0,4.95,37.95,CASH,DINE_IN,3,10
TXN103683,S001,2024-10-04,18:57,Friday,4,92.0,0.0,13.8,105.8,DIGITAL_WALLET,DINE_IN,1,5
TXN103684,S001,2024-10-04,18:41,Friday,3,54.0,0.0,8.1,62.1,DEBIT_CARD,DRIVE_THRU,5,4
TXN103685,S001,2024-10-04,21:54,Friday,2,55.0,0.0,8.25,63.25,MADA,TAKEAWAY,3,6
TXN103686,S001,2024-10-04,13:46,Friday,3,65.0,0.0,9.75,74.75,CASH,TAKEAWAY,1,12
TXN103687,S001,2024-10-04,12:11,Friday,4,95.0,0.0,14.25,109.25,MADA,DINE_IN,5,13
TXN103688,S001,2024-10-04,21:12,Friday,2,28.0,0.0,4.2,32.2,CREDIT_CARD,DRIVE_THRU,3,6
TXN103689,S001,2024-10-04,18:00,Friday,1,18.0,0.0,2.7,20.7,CREDIT_CARD,DRIVE_THRU,4,3
TXN103690,S001,2024-10-04,17:08,Friday,3,48.0,0.0,7.2,55.2,DEBIT_CARD,DRIVE_THRU,5,3
TXN103691,S001,2024-10-04,20:05,Friday,2,47.0,0.0,7.05,54.05,DEBIT_CARD,DELIVERY,3,26
TXN103692,S001,2024-10-04,12:24,Friday,3,72.0,0.0,10.8,82.8,MADA,DINE_IN,3,11
TXN103693,S001,2024-10-04,23:29,Friday,4,59.0,0.0,8.85,67.85,CASH,DRIVE_THRU,4,5
TXN103694,S001,2024-10-04,12:25,Friday,4,83.0,0.0,12.45,95.45,CREDIT_CARD,DRIVE_THRU,2,7
TXN103695,S001,2024-10-04,13:30,Friday,3,68.0,0.0,10.2,78.2,CASH,DELIVERY,5,22
TXN103696,S001,2024-10-04,18:17,Friday,4,60.0,0.0,9.0,69.0,DEBIT_CARD,DINE_IN,4,13
TXN103697,S001,2024-10-04,13:35,Friday,2,22.0,2.2,2.97,22.77,DIGITAL_WALLET,DELIVERY,4,39
TXN103698,S001,2024-10-04,16:46,Friday,1,12.0,0.0,1.8,13.8,CASH,TAKEAWAY,4,15
TXN103699,S001,2024-10-04,13:02,Friday,2,38.0,0.0,5.7,43.7,CASH,DINE_IN,4,7
TXN103700,S001,2024-10-04,14:29,Friday,3,68.0,0.0,10.2,78.2,MADA,DINE_IN,3,13
TXN103701,S001,2024-10-04,20:08,Friday,1,32.0,3.2,4.32,33.12,CREDIT_CARD,DINE_IN,5,9
TXN103702,S001,2024-10-04,09:57,Friday,2,23.0,2.3,3.1,23.8,MADA,DINE_IN,4,7
TXN103703,S001,2024-10-04,13:25,Friday,2,44.0,0.0,6.6,50.6,DEBIT_CARD,TAKEAWAY,5,6
TXN103704,S001,2024-10-04,15:42,Friday,2,18.0,0.0,2.7,20.7,DIGITAL_WALLET,TAKEAWAY,5,13
TXN103705,S001,2024-10-04,14:12,Friday,3,83.0,0.0,12.45,95.45,DIGITAL_WALLET,DINE_IN,4,9
TXN103706,S001,2024-10-04,17:05,Friday,4,62.0,0.0,9.3,71.3,CASH,DINE_IN,5,9
TXN103707,S001,2024-10-04,19:21,Friday,3,37.0,0.0,5.55,42.55,CASH,DELIVERY,3,38
TXN103708,S001,2024-10-04,14:01,Friday,1,28.0,0.0,4.2,32.2,CASH,TAKEAWAY,4,10
TXN103709,S001,2024-10-04,11:57,Friday,3,66.0,0.0,9.9,75.9,CREDIT_CARD,DINE_IN,4,10
TXN103710,S001,2024-10-04,21:19,Friday,3,50.0,0.0,7.5,57.5,DEBIT_CARD,DRIVE_THRU,5,3
TXN103711,S001,2024-10-04,18:22,Friday,3,46.0,0.0,6.9,52.9,MADA,TAKEAWAY,5,10
TXN103712,S001,2024-10-04,19:31,Friday,2,38.0,0.0,5.7,43.7,CREDIT_CARD,DRIVE_THRU,5,5
TXN103713,S001,2024-10-04,18:57,Friday,3,79.0,7.9,10.66,81.76,MADA,DRIVE_THRU,4,6
TXN103714,S001,2024-10-04,18:12,Friday,3,48.0,0.0,7.2,55.2,DEBIT_CARD,DELIVERY,3,34
TXN103715,S001,2024-10-04,12:35,Friday,2,25.0,0.0,3.75,28.75,DEBIT_CARD,DRIVE_THRU,5,7
TXN103716,S001,2024-10-04,11:46,Friday,3,39.0,0.0,5.85,44.85,CREDIT_CARD,TAKEAWAY,4,8
TXN103717,S001,2024-10-04,19:54,Friday,2,43.0,0.0,6.45,49.45,CASH,DINE_IN,4,8
TXN103718,S001,2024-10-04,12:49,Friday,1,25.0,0.0,3.75,28.75,CREDIT_CARD,DINE_IN,4,8
TXN103719,S001,2024-10-04,12:44,Friday,5,93.0,0.0,13.95,106.95,MADA,TAKEAWAY,3,8
TXN103720,S001,2024-10-04,12:29,Friday,1,25.0,0.0,3.75,28.75,DEBIT_CARD,DINE_IN,5,15
TXN103721,S001,2024-10-04,21:13,Friday,2,51.0,5.1,6.88,52.78,CASH,TAKEAWAY,4,14
TXN103722,S001,2024-10-04,13:36,Friday,2,37.0,0.0,5.55,42.55,CASH,DELIVERY,3,40
TXN103723,S001,2024-10-04,19:24,Friday,2,42.0,4.2,5.67,43.47,MADA,DINE_IN,3,11
TXN103724,S001,2024-10-04,13:31,Friday,3,66.0,0.0,9.9,75.9,MADA,TAKEAWAY,3,12
TXN103725,S001,2024-10-04,19:20,Friday,2,28.0,0.0,4.2,32.2,DIGITAL_WALLET,DELIVERY,5,38
TXN103726,S001,2024-10-04,19:23,Friday,2,38.0,0.0,5.7,43.7,CASH,DELIVERY,4,40
TXN103727,S001,2024-10-04,11:33,Friday,2,37.0,0.0,5.55,42.55,CREDIT_CARD,DRIVE_THRU,2,6
TXN103728,S001,2024-10-04,19:35,Friday,2,40.0,0.0,6.0,46.0,CASH,DINE_IN,3,11
TXN103729,S001,2024-10-04,22:57,Friday,5,71.0,0.0,10.65,81.65,CASH,DINE_IN,5,15
TXN103730,S001,2024-10-04,14:27,Friday,3,43.0,0.0,6.45,49.45,CASH,TAKEAWAY,5,14
TXN103731,S001,2024-10-04,18:15,Friday,3,75.0,0.0,11.25,86.25,CREDIT_CARD,DINE_IN,4,12
TXN103732,S001,2024-10-04,18:44,Friday,3,53.0,0.0,7.95,60.95,DEBIT_CARD,TAKEAWAY,3,14
TXN103733,S001,2024-10-04,08:06,Friday,4,94.0,9.4,12.69,97.29,CASH,DINE_IN,5,5
TXN103734,S001,2024-10-04,12:30,Friday,2,26.0,0.0,3.9,29.9,MADA,DRIVE_THRU,5,3
TXN103735,S001,2024-10-04,20:03,Friday,3,75.0,0.0,11.25,86.25,CREDIT_CARD,DELIVERY,2,34
TXN103736,S001,2024-10-04,18:48,Friday,2,30.0,0.0,4.5,34.5,DIGITAL_WALLET,DELIVERY,3,21
TXN103737,S001,2024-10-04,18:18,Friday,1,25.0,0.0,3.75,28.75,DIGITAL_WALLET,DINE_IN,5,8
TXN103738,S001,2024-10-04,19:10,Friday,2,23.0,2.3,3.1,23.8,DEBIT_CARD,DELIVERY,3,30
TXN103739,S001,2024-10-04,19:45,Friday,4,59.0,0.0,8.85,67.85,CREDIT_CARD,TAKEAWAY,5,14
TXN103740,S001,2024-10-04,16:37,Friday,2,20.0,0.0,3.0,23.0,MADA,TAKEAWAY,5,14
TXN103741,S001,2024-10-04,18:54,Friday,4,65.0,0.0,9.75,74.75,CASH,DINE_IN,4,8
TXN103742,S001,2024-10-04,18:46,Friday,3,70.0,0.0,10.5,80.5,CREDIT_CARD,DINE_IN,5,10
TXN103743,S001,2024-10-04,22:27,Friday,3,44.0,0.0,6.6,50.6,DIGITAL_WALLET,TAKEAWAY,4,5
TXN103744,S001,2024-10-04,19:26,Friday,2,37.0,0.0,5.55,42.55,DIGITAL_WALLET,DINE_IN,5,10
TXN103745,S001,2024-10-04,19:51,Friday,2,60.0,0.0,9.0,69.0,CREDIT_CARD,TAKEAWAY,3,7
TXN103746,S001,2024-10-04,13:53,Friday,3,68.0,0.0,10.2,78.2,CREDIT_CARD,DELIVERY,4,29
TXN103747,S001,2024-10-04,10:22,Friday,5,85.0,0.0,12.75,97.75,DEBIT_CARD,DRIVE_THRU,5,8
TXN103748,S001,2024-10-04,12:49,Friday,3,38.0,3.8,5.13,39.33,DIGITAL_WALLET,TAKEAWAY,5,10
TXN103749,S001,2024-10-04,19:20,Friday,3,67.0,0.0,10.05,77.05,DEBIT_CARD,DRIVE_THRU,4,4
TXN103750,S001,2024-10-04,12:21,Friday,4,58.0,0.0,8.7,66.7,MADA,DINE_IN,3,12
TXN103751,S001,2024-10-04,19:49,Friday,2,38.0,0.0,5.7,43.7,CREDIT_CARD,DELIVERY,4,33
TXN103752,S001,2024-10-04,13:10,Friday,2,33.0,0.0,4.95,37.95,MADA,DINE_IN,3,8
TXN103753,S001,2024-10-04,18:21,Friday,2,40.0,4.0,5.4,41.4,DEBIT_CARD,DINE_IN,4,6
TXN103754,S001,2024-10-04,21:18,Friday,2,28.0,0.0,4.2,32.2,DEBIT_CARD,DRIVE_THRU,5,7
TXN103755,S001,2024-10-04,13:45,Friday,5,87.0,0.0,13.05,100.05,MADA,DELIVERY,4,29
TXN103756,S001,2024-10-04,12:27,Friday,3,63.0,0.0,9.45,72.45,CREDIT_CARD,DINE_IN,4,8
TXN103757,S001,2024-10-04,12:56,Friday,3,58.0,0.0,8.7,66.7,DIGITAL_WALLET,DRIVE_THRU,4,7
TXN103758,S001,2024-10-04,12:24,Friday,4,68.0,6.8,9.18,70.38,CASH,DINE_IN,4,11
TXN103759,S001,2024-10-04,10:15,Friday,2,22.0,0.0,3.3,25.3,MADA,DELIVERY,4,22
TXN103760,S001,2024-10-04,17:19,Friday,2,27.0,2.7,3.65,27.95,CREDIT_CARD,DINE_IN,5,8
TXN103761,S001,2024-10-04,11:30,Friday,4,94.0,9.4,12.69,97.29,CREDIT_CARD,TAKEAWAY,4,11
TXN103762,S001,2024-10-04,16:29,Friday,4,67.0,0.0,10.05,77.05,DIGITAL_WALLET,TAKEAWAY,4,10
TXN103763,S001,2024-10-04,13:39,Friday,4,95.0,0.0,14.25,109.25,DEBIT_CARD,DRIVE_THRU,4,8
TXN103764,S001,2024-10-04,19:06,Friday,4,89.0,0.0,13.35,102.35,DEBIT_CARD,DRIVE_THRU,4,3
TXN103765,S001,2024-10-04,17:46,Friday,4,84.0,0.0,12.6,96.6,CASH,DELIVERY,5,36
TXN103766,S001,2024-10-04,13:47,Friday,4,81.0,0.0,12.15,93.15,DIGITAL_WALLET,DRIVE_THRU,5,6
TXN103767,S001,2024-10-04,08:28,Friday,2,42.0,0.0,6.3,48.3,CASH,DELIVERY,4,36
TXN103768,S001,2024-10-04,15:10,Friday,2,40.0,0.0,6.0,46.0,CREDIT_CARD,DELIVERY,5,34
TXN103769,S001,2024-10-04,18:53,Friday,4,96.0,0.0,14.4,110.4,CASH,TAKEAWAY,4,12
TXN103770,S001,2024-10-04,20:22,Friday,2,54.0,0.0,8.1,62.1,DEBIT_CARD,DRIVE_THRU,4,3
TXN103771,S001,2024-10-04,12:34,Friday,2,33.0,0.0,4.95,37.95,MADA,DINE_IN,4,14
TXN103772,S001,2024-10-04,21:19,Friday,4,67.0,0.0,10.05,77.05,CASH,DELIVERY,4,32
TXN103773,S001,2024-10-04,18:18,Friday,5,106.0,0.0,15.9,121.9,CASH,DINE_IN,4,10
TXN103774,S001,2024-10-04,12:55,Friday,2,18.0,0.0,2.7,20.7,MADA,DELIVERY,4,35
TXN103775,S001,2024-10-04,20:50,Friday,1,18.0,0.0,2.7,20.7,DIGITAL_WALLET,DELIVERY,5,23
TXN103776,S001,2024-10-04,20:19,Friday,2,46.0,0.0,6.9,52.9,CREDIT_CARD,TAKEAWAY,4,15
TXN103777,S001,2024-10-04,21:57,Friday,1,26.0,0.0,3.9,29.9,CASH,DINE_IN,5,9
TXN103778,S001,2024-10-04,18:29,Friday,3,50.0,0.0,7.5,57.5,DIGITAL_WALLET,DINE_IN,5,6
TXN103779,S001,2024-10-04,14:14,Friday,3,58.0,0.0,8.7,66.7,CASH,TAKEAWAY,5,10
TXN103780,S001,2024-10-04,15:53,Friday,2,35.0,0.0,5.25,40.25,MADA,DRIVE_THRU,5,7
TXN103781,S001,2024-10-04,19:31,Friday,3,50.0,0.0,7.5,57.5,CASH,TAKEAWAY,5,11
TXN103782,S001,2024-10-04,17:32,Friday,1,10.0,0.0,1.5,11.5,CASH,DELIVERY,4,33
TXN103783,S001,2024-10-04,18:05,Friday,4,66.0,0.0,9.9,75.9,MADA,DRIVE_THRU,4,8
TXN103784,S001,2024-10-04,12:16,Friday,3,56.0,0.0,8.4,64.4,DEBIT_CARD,DINE_IN,5,6
TXN103785,S001,2024-10-04,19:04,Friday,2,28.0,0.0,4.2,32.2,CREDIT_CARD,DRIVE_THRU,3,5
TXN103786,S001,2024-10-04,21:32,Friday,2,33.0,0.0,4.95,37.95,MADA,DRIVE_THRU,3,4
TXN103787,S001,2024-10-04,18:27,Friday,4,60.0,0.0,9.0,69.0,MADA,DELIVERY,4,38
TXN103788,S001,2024-10-04,19:32,Friday,3,77.0,0.0,11.55,88.55,CREDIT_CARD,DINE_IN,4,12
TXN103789,S001,2024-10-04,18:16,Friday,3,59.0,0.0,8.85,67.85,DEBIT_CARD,DINE_IN,4,7
TXN103790,S001,2024-10-04,12:07,Friday,2,40.0,0.0,6.0,46.0,CASH,DINE_IN,4,8
TXN103791,S001,2024-10-04,22:48,Friday,3,41.0,0.0,6.15,47.15,CASH,DELIVERY,5,27
TXN103792,S001,2024-10-04,19:00,Friday,3,66.0,6.6,8.91,68.31,CREDIT_CARD,DELIVERY,4,26
TXN103793,S001,2024-10-04,18:22,Friday,3,43.0,0.0,6.45,49.45,CREDIT_CARD,DELIVERY,5,20
TXN103794,S001,2024-10-04,19:56,Friday,1,10.0,1.0,1.35,10.35,CREDIT_CARD,TAKEAWAY,3,8
TXN103795,S001,2024-10-04,19:19,Friday,4,78.0,0.0,11.7,89.7,DEBIT_CARD,DRIVE_THRU,5,4
TXN103796,S001,2024-10-04,19:53,Friday,3,52.0,0.0,7.8,59.8,CREDIT_CARD,DINE_IN,5,13
TXN103797,S001,2024-10-04,08:53,Friday,3,40.0,0.0,6.0,46.0,DIGITAL_WALLET,DRIVE_THRU,5,7
TXN103798,S001,2024-10-04,13:58,Friday,3,54.0,5.4,7.29,55.89,CREDIT_CARD,DINE_IN,4,14
TXN103799,S001,2024-10-04,09:13,Friday,3,37.0,0.0,5.55,42.55,MADA,DELIVERY,4,36
TXN103800,S001,2024-10-04,11:15,Friday,2,28.0,0.0,4.2,32.2,DEBIT_CARD,DINE_IN,3,15
TXN103801,S001,2024-10-04,16:03,Friday,3,40.0,0.0,6.0,46.0,CASH,DRIVE_THRU,4,4
TXN103802,S001,2024-10-04,13:44,Friday,2,42.0,0.0,6.3,48.3,CREDIT_CARD,DELIVERY,5,24
TXN103803,S001,2024-10-04,19:28,Friday,5,79.0,7.9,10.66,81.76,CREDIT_CARD,DINE_IN,4,13
TXN103804,S001,2024-10-04,15:03,Friday,3,73.0,0.0,10.95,83.95,DEBIT_CARD,DELIVERY,5,39
TXN103805,S001,2024-10-04,11:22,Friday,2,28.0,0.0,4.2,32.2,CREDIT_CARD,DRIVE_THRU,5,8
TXN103806,S001,2024-10-04,11:07,Friday,2,22.0,0.0,3.3,25.3,DEBIT_CARD,DINE_IN,4,6
TXN103807,S001,2024-10-04,14:22,Friday,3,44.0,0.0,6.6,50.6,CREDIT_CARD,DRIVE_THRU,5,6
TXN103808,S001,2024-10-04,11:36,Friday,3,55.0,0.0,8.25,63.25,CASH,DRIVE_THRU,4,7
TXN103809,S001,2024-10-04,19:37,Friday,4,77.0,0.0,11.55,88.55,DIGITAL_WALLET,TAKEAWAY,3,8
TXN103810,S001,2024-10-04,20:34,Friday,4,60.0,0.0,9.0,69.0,CASH,DINE_IN,5,14
TXN103811,S001,2024-10-04,13:25,Friday,3,64.0,0.0,9.6,73.6,MADA,DELIVERY,5,38
TXN103812,S001,2024-10-04,19:24,Friday,4,85.0,0.0,12.75,97.75,DIGITAL_WALLET,DINE_IN,4,6
TXN103813,S001,2024-10-04,17:20,Friday,3,51.0,0.0,7.65,58.65,CASH,TAKEAWAY,3,15
TXN103814,S001,2024-10-04,12:57,Friday,4,60.0,0.0,9.0,69.0,CASH,DINE_IN,3,14
TXN103815,S001,2024-10-04,18:25,Friday,4,83.0,0.0,12.45,95.45,CREDIT_CARD,TAKEAWAY,4,9
TXN103816,S001,2024-10-04,16:57,Friday,2,27.0,2.7,3.65,27.95,CASH,DINE_IN,4,15
TXN103817,S001,2024-10-04,19:31,Friday,4,75.0,0.0,11.25,86.25,DEBIT_CARD,DELIVERY,4,34
TXN103818,S001,2024-10-04,12:15,Friday,1,25.0,0.0,3.75,28.75,CASH,DELIVERY,4,33
TXN103819,S001,2024-10-04,20:41,Friday,3,68.0,0.0,10.2,78.2,MADA,TAKEAWAY,4,5
TXN103820,S001,2024-10-04,19:21,Friday,2,58.0,0.0,8.7,66.7,CREDIT_CARD,TAKEAWAY,5,11
TXN103821,S001,2024-10-04,12:17,Friday,5,76.0,0.0,11.4,87.4,CASH,DELIVERY,4,30
TXN103822,S001,2024-10-04,18:29,Friday,4,82.0,0.0,12.3,94.3,CASH,DINE_IN,4,13
TXN103823,S001,2024-10-04,16:20,Friday,2,42.0,0.0,6.3,48.3,DIGITAL_WALLET,DELIVERY,4,32
TXN103824,S001,2024-10-04,19:14,Friday,4,73.0,0.0,10.95,83.95,CASH,DELIVERY,5,32
TXN103825,S001,2024-10-04,16:33,Friday,2,62.0,0.0,9.3,71.3,DEBIT_CARD,DELIVERY,3,37
TXN103826,S001,2024-10-04,18:41,Friday,4,86.0,8.6,11.61,89.01,MADA,DINE_IN,3,10
TXN103827,S001,2024-10-04,18:55,Friday,3,69.0,0.0,10.35,79.35,DEBIT_CARD,DINE_IN,5,10
TXN103828,S001,2024-10-04,17:39,Friday,3,76.0,0.0,11.4,87.4,CREDIT_CARD,DRIVE_THRU,4,8
TXN103829,S001,2024-10-04,14:26,Friday,5,91.0,0.0,13.65,104.65,MADA,DELIVERY,5,22
TXN103830,S001,2024-10-04,20:49,Friday,4,95.0,0.0,14.25,109.25,MADA,TAKEAWAY,4,15
TXN103831,S001,2024-10-04,18:12,Friday,1,32.0,0.0,4.8,36.8,DIGITAL_WALLET,DRIVE_THRU,3,7
TXN103832,S001,2024-10-04,18:40,Friday,3,52.0,0.0,7.8,59.8,DIGITAL_WALLET,DRIVE_THRU,4,3
TXN103833,S001,2024-10-04,15:22,Friday,4,60.0,0.0,9.0,69.0,CREDIT_CARD,DINE_IN,3,12
TXN103834,S001,2024-10-04,16:03,Friday,2,27.0,0.0,4.05,31.05,DIGITAL_WALLET,DINE_IN,4,15
TXN103835,S001,2024-10-04,17:38,Friday,2,58.0,5.8,7.83,60.03,CREDIT_CARD,TAKEAWAY,4,12
TXN103836,S001,2024-10-04,13:22,Friday,3,84.0,0.0,12.6,96.6,CASH,TAKEAWAY,4,13
TXN103837,S001,2024-10-04,15:38,Friday,4,81.0,0.0,12.15,93.15,CREDIT_CARD,TAKEAWAY,4,12
TXN103838,S001,2024-10-04,10:59,Friday,3,45.0,0.0,6.75,51.75,DEBIT_CARD,DINE_IN,5,9
TXN103839,S001,2024-10-04,13:28,Friday,2,36.0,0.0,5.4,41.4,DEBIT_CARD,DELIVERY,5,36
TXN103840,S001,2024-10-04,17:54,Friday,2,25.0,0.0,3.75,28.75,MADA,DINE_IN,5,13
TXN103841,S001,2024-10-04,13:06,Friday,4,67.0,0.0,10.05,77.05,CREDIT_CARD,DRIVE_THRU,4,5
TXN103842,S001,2024-10-04,11:29,Friday,3,37.0,0.0,5.55,42.55,DEBIT_CARD,DINE_IN,5,13
TXN103843,S001,2024-10-04,08:38,Friday,3,70.0,0.0,10.5,80.5,CREDIT_CARD,DELIVERY,4,21
TXN103844,S001,2024-10-04,12:31,Friday,2,43.0,0.0,6.45,49.45,DEBIT_CARD,DELIVERY,4,27
TXN103845,S001,2024-10-04,19:49,Friday,3,81.0,0.0,12.15,93.15,DEBIT_CARD,DRIVE_THRU,4,5
TXN103846,S001,2024-10-04,15:21,Friday,1,10.0,0.0,1.5,11.5,MADA,DRIVE_THRU,4,7
TXN103847,S001,2024-10-04,17:52,Friday,3,61.0,0.0,9.15,70.15,DIGITAL_WALLET,DINE_IN,5,15
TXN103848,S001,2024-10-04,13:10,Friday,3,33.0,0.0,4.95,37.95,DIGITAL_WALLET,DELIVERY,4,25
TXN103849,S001,2024-10-04,21:13,Friday,3,66.0,0.0,9.9,75.9,DEBIT_CARD,TAKEAWAY,4,12
TXN103850,S001,2024-10-04,19:44,Friday,2,40.0,0.0,6.0,46.0,CREDIT_CARD,DINE_IN,5,7
TXN103851,S001,2024-10-04,12:36,Friday,5,128.0,0.0,19.2,147.2,DIGITAL_WALLET,DRIVE_THRU,4,8
TXN103852,S001,2024-10-04,18:55,Friday,3,43.0,0.0,6.45,49.45,DEBIT_CARD,DINE_IN,5,14
TXN103853,S001,2024-10-04,12:34,Friday,4,115.0,11.5,15.52,119.02,CREDIT_CARD,DELIVERY,4,20
TXN103854,S001,2024-10-04,12:58,Friday,2,41.0,0.0,6.15,47.15,DEBIT_CARD,DELIVERY,5,20
TXN103855,S001,2024-10-04,13:28,Friday,3,33.0,0.0,4.95,37.95,DIGITAL_WALLET,TAKEAWAY,5,6
TXN103856,S001,2024-10-04,12:49,Friday,3,46.0,0.0,6.9,52.9,MADA,TAKEAWAY,5,10
TXN103857,S001,2024-10-04,13:40,Friday,2,27.0,2.7,3.65,27.95,MADA,DRIVE_THRU,3,7
TXN103858,S001,2024-10-04,12:23,Friday,3,52.0,0.0,7.8,59.8,DEBIT_CARD,TAKEAWAY,4,15
TXN103859,S001,2024-10-04,12:13,Friday,1,30.0,0.0,4.5,34.5,MADA,DELIVERY,4,23
TXN103860,S001,2024-10-04,15:47,Friday,2,34.0,0.0,5.1,39.1,CREDIT_CARD,DRIVE_THRU,5,6
TXN103861,S001,2024-10-04,13:03,Friday,3,49.0,0.0,7.35,56.35,CASH,DINE_IN,4,8
TXN103862,S001,2024-10-04,12:41,Friday,3,70.0,0.0,10.5,80.5,CASH,DINE_IN,4,8
TXN103863,S001,2024-10-04,19:27,Friday,2,34.0,0.0,5.1,39.1,DEBIT_CARD,DELIVERY,3,20
TXN103864,S001,2024-10-04,17:21,Friday,3,53.0,0.0,7.95,60.95,DEBIT_CARD,DINE_IN,5,6
TXN103865,S001,2024-10-04,18:32,Friday,2,47.0,4.7,6.34,48.64,DIGITAL_WALLET,DINE_IN,5,5
TXN103866,S001,2024-10-04,12:24,Friday,4,86.0,0.0,12.9,98.9,DIGITAL_WALLET,DELIVERY,4,30
TXN103867,S001,2024-10-04,12:53,Friday,3,73.0,0.0,10.95,83.95,DEBIT_CARD,DINE_IN,5,11
TXN103868,S001,2024-10-04,13:31,Friday,3,47.0,0.0,7.05,54.05,CREDIT_CARD,DRIVE_THRU,5,6
TXN103869,S001,2024-10-04,13:55,Friday,2,37.0,0.0,5.55,42.55,CREDIT_CARD,DRIVE_THRU,4,8
TXN103870,S001,2024-10-04,12:53,Friday,1,32.0,0.0,4.8,36.8,CASH,TAKEAWAY,5,14
TXN103871,S001,2024-10-04,16:01,Friday,2,22.0,2.2,2.97,22.77,DEBIT_CARD,DINE_IN,5,11
TXN103872,S001,2024-10-04,14:16,Friday,3,52.0,0.0,7.8,59.8,DIGITAL_WALLET,DINE_IN,4,14
TXN103873,S001,2024-10-04,19:22,Friday,2,58.0,0.0,8.7,66.7,MADA,DRIVE_THRU,4,7
TXN103874,S001,2024-10-04,12:00,Friday,4,78.0,0.0,11.7,89.7,CREDIT_CARD,DINE_IN,4,15
TXN103875,S001,2024-10-04,13:07,Friday,4,83.0,0.0,12.45,95.45,CREDIT_CARD,TAKEAWAY,4,7
TXN103876,S001,2024-10-04,13:02,Friday,4,96.0,0.0,14.4,110.4,MADA,DINE_IN,4,14
TXN103877,S001,2024-10-04,13:03,Friday,2,36.0,0.0,5.4,41.4,CREDIT_CARD,TAKEAWAY,4,11
TXN103878,S001,2024-10-04,19:50,Friday,5,91.0,9.1,12.29,94.19,CREDIT_CARD,TAKEAWAY,5,10
TXN103879,S001,2024-10-04,12:38,Friday,3,59.0,0.0,8.85,67.85,MADA,DINE_IN,3,5
TXN103880,S001,2024-10-04,17:40,Friday,2,57.0,0.0,8.55,65.55,CREDIT_CARD,DRIVE_THRU,4,3
TXN103881,S001,2024-10-04,16:51,Friday,1,28.0,0.0,4.2,32.2,DEBIT_CARD,TAKEAWAY,5,10
TXN103882,S001,2024-10-04,18:53,Friday,2,34.0,0.0,5.1,39.1,DIGITAL_WALLET,TAKEAWAY,3,5
TXN103883,S001,2024-10-04,18:30,Friday,2,37.0,0.0,5.55,42.55,CREDIT_CARD,DINE_IN,5,12
TXN103884,S001,2024-10-04,12:16,Friday,4,93.0,0.0,13.95,106.95,MADA,DELIVERY,5,36
TXN103885,S001,2024-10-04,13:43,Friday,4,85.0,0.0,12.75,97.75,DIGITAL_WALLET,TAKEAWAY,5,12
TXN103886,S001,2024-10-04,12:25,Friday,2,53.0,0.0,7.95,60.95,DIGITAL_WALLET,DELIVERY,3,20
TXN103887,S001,2024-10-04,17:34,Friday,1,15.0,0.0,2.25,17.25,CREDIT_CARD,DRIVE_THRU,4,4
TXN103888,S001,2024-10-04,19:43,Friday,4,75.0,0.0,11.25,86.25,CREDIT_CARD,DELIVERY,3,20
TXN103889,S001,2024-10-04,12:38,Friday,4,44.0,0.0,6.6,50.6,DIGITAL_WALLET,TAKEAWAY,4,13
TXN103890,S001,2024-10-04,21:13,Friday,3,77.0,0.0,11.55,88.55,MADA,DINE_IN,4,7
TXN103891,S001,2024-10-04,13:41,Friday,3,50.0,0.0,7.5,57.5,DEBIT_CARD,DRIVE_THRU,4,7
TXN103892,S001,2024-10-04,12:39,Friday,2,48.0,0.0,7.2,55.2,DEBIT_CARD,DRIVE_THRU,4,4
TXN103893,S001,2024-10-04,19:56,Friday,4,58.0,0.0,8.7,66.7,MADA,TAKEAWAY,5,9
TXN103894,S001,2024-10-04,18:01,Friday,1,25.0,0.0,3.75,28.75,MADA,TAKEAWAY,5,9
TXN103895,S001,2024-10-04,15:21,Friday,2,42.0,0.0,6.3,48.3,DIGITAL_WALLET,TAKEAWAY,2,14
TXN103896,S001,2024-10-04,21:02,Friday,3,35.0,3.5,4.72,36.22,DEBIT_CARD,DELIVERY,5,32
TXN103897,S001,2024-10-04,22:21,Friday,3,60.0,0.0,9.0,69.0,CASH,DRIVE_THRU,5,5
TXN103898,S001,2024-10-04,09:30,Friday,2,23.0,0.0,3.45,26.45,MADA,DINE_IN,5,13
TXN103899,S001,2024-10-04,19:01,Friday,2,44.0,0.0,6.6,50.6,DEBIT_CARD,TAKEAWAY,5,9
TXN103900,S001,2024-10-04,20:02,Friday,3,68.0,0.0,10.2,78.2,MADA,TAKEAWAY,5,6
TXN103901,S001,2024-10-04,18:27,Friday,5,85.0,0.0,12.75,97.75,CREDIT_CARD,DRIVE_THRU,4,5
TXN103902,S001,2024-10-04,19:07,Friday,1,8.0,0.0,1.2,9.2,DIGITAL_WALLET,TAKEAWAY,4,6
TXN103903,S001,2024-10-04,21:24,Friday,2,38.0,0.0,5.7,43.7,CASH,DRIVE_THRU,5,7
TXN103904,S001,2024-10-04,19:10,Friday,4,48.0,0.0,7.2,55.2,CREDIT_CARD,DELIVERY,4,38
TXN103905,S001,2024-10-04,10:56,Friday,3,45.0,4.5,6.08,46.58,DEBIT_CARD,DELIVERY,5,26
TXN103906,S001,2024-10-04,15:14,Friday,1,25.0,0.0,3.75,28.75,DIGITAL_WALLET,DRIVE_THRU,3,5
TXN103907,S001,2024-10-04,13:25,Friday,5,112.0,0.0,16.8,128.8,CASH,DELIVERY,5,20
TXN103908,S001,2024-10-04,08:47,Friday,3,50.0,0.0,7.5,57.5,CREDIT_CARD,DRIVE_THRU,5,3
TXN103909,S001,2024-10-04,10:27,Friday,2,40.0,0.0,6.0,46.0,MADA,TAKEAWAY,3,11
TXN103910,S001,2024-10-04,17:10,Friday,2,18.0,0.0,2.7,20.7,DEBIT_CARD,DELIVERY,3,26
TXN103911,S001,2024-10-04,19:16,Friday,5,76.0,0.0,11.4,87.4,MADA,TAKEAWAY,5,11
TXN103912,S001,2024-10-04,14:52,Friday,4,55.0,0.0,8.25,63.25,DIGITAL_WALLET,DRIVE_THRU,5,6
TXN103913,S001,2024-10-04,20:58,Friday,1,10.0,0.0,1.5,11.5,MADA,DRIVE_THRU,4,8
TXN103914,S001,2024-10-04,18:50,Friday,3,54.0,0.0,8.1,62.1,CREDIT_CARD,TAKEAWAY,1,15
TXN103915,S001,2024-10-04,11:18,Friday,4,75.0,0.0,11.25,86.25,CREDIT_CARD,DELIVERY,4,21
TXN103916,S001,2024-10-04,10:07,Friday,2,47.0,0.0,7.05,54.05,DIGITAL_WALLET,TAKEAWAY,4,12
TXN103917,S001,2024-10-04,19:00,Friday,3,56.0,0.0,8.4,64.4,DIGITAL_WALLET,DINE_IN,4,8
TXN103918,S001,2024-10-04,19:20,Friday,1,25.0,0.0,3.75,28.75,DIGITAL_WALLET,DRIVE_THRU,4,7
TXN103919,S001,2024-10-04,20:44,Friday,2,18.0,0.0,2.7,20.7,DIGITAL_WALLET,TAKEAWAY,4,7
TXN103920,S001,2024-10-04,21:10,Friday,4,76.0,0.0,11.4,87.4,CASH,TAKEAWAY,5,8
TXN103921,S001,2024-10-04,18:20,Friday,3,52.0,0.0,7.8,59.8,DIGITAL_WALLET,DINE_IN,5,11
TXN103922,S001,2024-10-04,19:57,Friday,3,70.0,0.0,10.5,80.5,CASH,TAKEAWAY,5,6
TXN103923,S001,2024-10-04,13:50,Friday,3,66.0,0.0,9.9,75.9,CASH,DRIVE_THRU,4,8
TXN103924,S001,2024-10-04,18:30,Friday,2,36.0,0.0,5.4,41.4,CASH,TAKEAWAY,4,11
TXN103925,S001,2024-10-04,14:20,Friday,2,38.0,0.0,5.7,43.7,CREDIT_CARD,DELIVERY,3,40
TXN103926,S001,2024-10-04,11:55,Friday,3,73.0,0.0,10.95,83.95,CREDIT_CARD,TAKEAWAY,5,12
TXN103927,S001,2024-10-04,17:00,Friday,2,62.0,0.0,9.3,71.3,MADA,DINE_IN,5,12
TXN103928,S001,2024-10-04,12:07,Friday,2,20.0,0.0,3.0,23.0,MADA,TAKEAWAY,4,10
TXN103929,S001,2024-10-04,19:08,Friday,3,70.0,0.0,10.5,80.5,DEBIT_CARD,DELIVERY,5,20
TXN103930,S001,2024-10-04,13:10,Friday,3,46.0,0.0,6.9,52.9,DIGITAL_WALLET,DELIVERY,4,24
TXN103931,S001,2024-10-04,19:21,Friday,4,51.0,0.0,7.65,58.65,DEBIT_CARD,TAKEAWAY,4,11
TXN103932,S001,2024-10-04,12:27,Friday,1,15.0,0.0,2.25,17.25,DEBIT_CARD,DELIVERY,2,22
TXN103933,S001,2024-10-04,15:48,Friday,5,94.0,0.0,14.1,108.1,DEBIT_CARD,DELIVERY,3,25
TXN103934,S001,2024-10-04,15:12,Friday,2,35.0,0.0,5.25,40.25,CASH,DINE_IN,5,12
TXN103935,S001,2024-10-04,14:10,Friday,2,40.0,0.0,6.0,46.0,DIGITAL_WALLET,DELIVERY,5,22
TXN103936,S001,2024-10-04,13:44,Friday,4,81.0,0.0,12.15,93.15,CREDIT_CARD,DELIVERY,5,34
TXN103937,S001,2024-10-04,10:43,Friday,3,85.0,0.0,12.75,97.75,CASH,DRIVE_THRU,4,6
TXN103938,S001,2024-10-04,11:35,Friday,3,54.0,0.0,8.1,62.1,DEBIT_CARD,DRIVE_THRU,4,5
TXN103939,S001,2024-10-04,17:48,Friday,4,85.0,0.0,12.75,97.75,DIGITAL_WALLET,DRIVE_THRU,1,3
TXN103940,S001,2024-10-04,17:01,Friday,2,26.0,0.0,3.9,29.9,CASH,DELIVERY,5,36
TXN103941,S001,2024-10-04,10:07,Friday,2,40.0,0.0,6.0,46.0,CASH,DELIVERY,5,37
TXN103942,S001,2024-10-04,19:07,Friday,3,53.0,0.0,7.95,60.95,CREDIT_CARD,DELIVERY,5,36
TXN103943,S001,2024-10-04,19:42,Friday,3,56.0,0.0,8.4,64.4,CASH,DRIVE_THRU,5,3
TXN103944,S001,2024-10-04,14:26,Friday,3,69.0,0.0,10.35,79.35,CASH,DRIVE_THRU,5,5
TXN103945,S001,2024-10-04,20:28,Friday,4,91.0,0.0,13.65,104.65,DEBIT_CARD,DRIVE_THRU,4,4
TXN103946,S001,2024-10-04,10:52,Friday,4,63.0,0.0,9.45,72.45,DEBIT_CARD,DINE_IN,5,11
TXN103947,S001,2024-10-04,08:37,Friday,2,40.0,4.0,5.4,41.4,DEBIT_CARD,TAKEAWAY,4,15
TXN103948,S001,2024-10-04,13:45,Friday,4,69.0,0.0,10.35,79.35,MADA,DINE_IN,3,9
TXN103949,S001,2024-10-04,22:39,Friday,2,53.0,0.0,7.95,60.95,MADA,TAKEAWAY,4,6
TXN103950,S001,2024-10-04,14:22,Friday,1,15.0,0.0,2.25,17.25,MADA,DELIVERY,3,24
TXN103951,S001,2024-10-04,19:54,Friday,2,38.0,0.0,5.7,43.7,MADA,TAKEAWAY,4,6
TXN103952,S001,2024-10-04,20:26,Friday,1,30.0,0.0,4.5,34.5,MADA,DELIVERY,5,31
TXN103953,S001,2024-10-04,16:20,Friday,3,68.0,0.0,10.2,78.2,MADA,DRIVE_THRU,4,5
TXN103954,S001,2024-10-04,20:02,Friday,3,47.0,0.0,7.05,54.05,DIGITAL_WALLET,DELIVERY,4,36
TXN103955,S001,2024-10-04,12:11,Friday,1,18.0,0.0,2.7,20.7,DIGITAL_WALLET,DRIVE_THRU,3,8
TXN103956,S001,2024-10-04,20:26,Friday,4,71.0,0.0,10.65,81.65,MADA,DRIVE_THRU,3,4
TXN103957,S001,2024-10-04,15:14,Friday,4,80.0,0.0,12.0,92.0,DIGITAL_WALLET,DINE_IN,3,7
TXN103958,S001,2024-10-04,20:01,Friday,1,12.0,0.0,1.8,13.8,CASH,TAKEAWAY,3,9
TXN103959,S001,2024-10-04,13:58,Friday,1,10.0,0.0,1.5,11.5,MADA,DELIVERY,4,27
TXN103960,S001,2024-10-04,19:42,Friday,2,44.0,0.0,6.6,50.6,CREDIT_CARD,DINE_IN,2,8
TXN103961,S001,2024-10-04,12:15,Friday,3,55.0,0.0,8.25,63.25,DIGITAL_WALLET,TAKEAWAY,5,15
TXN103962,S001,2024-10-04,10:27,Friday,3,47.0,0.0,7.05,54.05,CREDIT_CARD,DINE_IN,5,6
TXN103963,S001,2024-10-04,11:55,Friday,1,28.0,0.0,4.2,32.2,MADA,DELIVERY,4,34
TXN103964,S001,2024-10-04,19:11,Friday,2,44.0,0.0,6.6,50.6,DIGITAL_WALLET,TAKEAWAY,5,10
TXN103965,S001,2024-10-04,18:12,Friday,4,79.0,0.0,11.85,90.85,MADA,DRIVE_THRU,5,4
TXN103966,S001,2024-10-04,12:08,Friday,2,22.0,0.0,3.3,25.3,CREDIT_CARD,TAKEAWAY,4,10
TXN103967,S001,2024-10-04,14:21,Friday,1,32.0,0.0,4.8,36.8,MADA,DELIVERY,3,23
TXN103968,S001,2024-10-04,21:18,Friday,3,73.0,0.0,10.95,83.95,CREDIT_CARD,DRIVE_THRU,4,6
TXN103969,S001,2024-10-04,19:34,Friday,3,59.0,0.0,8.85,67.85,CASH,DELIVERY,4,40
TXN103970,S001,2024-10-04,18:37,Friday,4,73.0,0.0,10.95,83.95,DIGITAL_WALLET,DINE_IN,5,14
TXN103971,S001,2024-10-04,18:46,Friday,4,64.0,0.0,9.6,73.6,CREDIT_CARD,DINE_IN,3,10
TXN103972,S001,2024-10-04,13:05,Friday,4,59.0,0.0,8.85,67.85,DIGITAL_WALLET,TAKEAWAY,4,6
TXN103973,S001,2024-10-04,17:48,Friday,3,55.0,0.0,8.25,63.25,CASH,DRIVE_THRU,5,5
TXN103974,S001,2024-10-04,18:18,Friday,4,86.0,0.0,12.9,98.9,MADA,DELIVERY,5,25
TXN103975,S001,2024-10-04,12:40,Friday,2,40.0,4.0,5.4,41.4,DEBIT_CARD,TAKEAWAY,3,12
TXN103976,S001,2024-10-04,18:08,Friday,3,56.0,0.0,8.4,64.4,DEBIT_CARD,DELIVERY,5,38
TXN103977,S001,2024-10-04,21:56,Friday,3,62.0,0.0,9.3,71.3,MADA,DRIVE_THRU,5,4
TXN103978,S001,2024-10-04,09:35,Friday,3,72.0,7.2,9.72,74.52,DEBIT_CARD,DRIVE_THRU,4,6
TXN103979,S001,2024-10-04,18:38,Friday,1,26.0,0.0,3.9,29.9,DEBIT_CARD,TAKEAWAY,4,10
TXN103980,S001,2024-10-04,11:55,Friday,3,61.0,0.0,9.15,70.15,CASH,DINE_IN,1,9
TXN103981,S001,2024-10-04,18:22,Friday,3,63.0,0.0,9.45,72.45,CREDIT_CARD,TAKEAWAY,5,15
TXN103982,S001,2024-10-04,13:46,Friday,3,35.0,0.0,5.25,40.25,CREDIT_CARD,DELIVERY,5,26
TXN103983,S001,2024-10-04,19:22,Friday,2,50.0,0.0,7.5,57.5,DEBIT_CARD,DINE_IN,3,8
TXN103984,S001,2024-10-04,19:16,Friday,2,40.0,0.0,6.0,46.0,DIGITAL_WALLET,TAKEAWAY,4,12
TXN103985,S001,2024-10-04,18:31,Friday,3,66.0,0.0,9.9,75.9,DEBIT_CARD,TAKEAWAY,4,8
TXN103986,S001,2024-10-04,18:00,Friday,2,30.0,0.0,4.5,34.5,CASH,DELIVERY,1,35
TXN103987,S001,2024-10-04,11:57,Friday,3,62.0,0.0,9.3,71.3,DIGITAL_WALLET,DINE_IN,5,14
TXN103988,S001,2024-10-04,18:30,Friday,4,49.0,0.0,7.35,56.35,DEBIT_CARD,TAKEAWAY,3,6
TXN103989,S001,2024-10-04,15:48,Friday,4,80.0,0.0,12.0,92.0,CREDIT_CARD,DINE_IN,3,10
TXN103990,S001,2024-10-04,19:24,Friday,4,66.0,0.0,9.9,75.9,DIGITAL_WALLET,TAKEAWAY,4,10
TXN103991,S001,2024-10-04,19:30,Friday,5,128.0,0.0,19.2,147.2,DEBIT_CARD,TAKEAWAY,5,9
TXN103992,S001,2024-10-04,21:26,Friday,3,73.0,7.3,9.86,75.56,MADA,DRIVE_THRU,5,8
TXN103993,S001,2024-10-04,21:06,Friday,4,63.0,0.0,9.45,72.45,DEBIT_CARD,DELIVERY,4,21
TXN103994,S001,2024-10-04,18:04,Friday,3,37.0,0.0,5.55,42.55,CASH,DINE_IN,5,8
TXN103995,S001,2024-10-04,13:45,Friday,4,85.0,0.0,12.75,97.75,DIGITAL_WALLET,TAKEAWAY,5,15
TXN103996,S001,2024-10-04,10:19,Friday,4,82.0,0.0,12.3,94.3,DEBIT_CARD,DRIVE_THRU,5,8
TXN103997,S001,2024-10-04,19:47,Friday,3,52.0,0.0,7.8,59.8,DEBIT_CARD,DRIVE_THRU,4,8
TXN103998,S001,2024-10-04,20:48,Friday,4,51.0,0.0,7.65,58.65,DIGITAL_WALLET,DINE_IN,4,9
TXN103999,S001,2024-10-04,16:37,Friday,3,72.0,0.0,10.8,82.8,MADA,TAKEAWAY,4,14
TXN104000,S001,2024-10-04,20:20,Friday,2,34.0,0.0,5.1,39.1,DIGITAL_WALLET,DINE_IN,2,7
TXN104001,S001,2024-10-04,18:13,Friday,4,103.0,0.0,15.45,118.45,CREDIT_CARD,TAKEAWAY,5,11
TXN104002,S001,2024-10-04,09:04,Friday,2,18.0,0.0,2.7,20.7,DEBIT_CARD,TAKEAWAY,4,7
TXN104003,S001,2024-10-04,19:04,Friday,3,48.0,4.8,6.48,49.68,MADA,DELIVERY,5,22
TXN104004,S001,2024-10-04,15:42,Friday,5,72.0,0.0,10.8,82.8,DEBIT_CARD,DELIVERY,5,37
TXN104005,S001,2024-10-04,13:31,Friday,3,73.0,0.0,10.95,83.95,CREDIT_CARD,DRIVE_THRU,4,8
TXN104006,S002,2024-10-04,18:14,Friday,4,56.0,0.0,8.4,64.4,DIGITAL_WALLET,DINE_IN,4,8
TXN104007,S002,2024-10-04,13:57,Friday,3,52.0,0.0,7.8,59.8,DIGITAL_WALLET,DELIVERY,5,35
TXN104008,S002,2024-10-04,13:17,Friday,3,50.0,0.0,7.5,57.5,MADA,DRIVE_THRU,3,3
TXN104009,S002,2024-10-04,20:07,Friday,5,76.0,0.0,11.4,87.4,DIGITAL_WALLET,DELIVERY,4,29
TXN104010,S002,2024-10-04,19:22,Friday,4,40.0,0.0,6.0,46.0,CASH,DELIVERY,4,23
TXN104011,S002,2024-10-04,08:57,Friday,3,39.0,0.0,5.85,44.85,DEBIT_CARD,DELIVERY,4,22
TXN104012,S002,2024-10-04,18:28,Friday,3,33.0,0.0,4.95,37.95,DIGITAL_WALLET,DELIVERY,4,30
TXN104013,S002,2024-10-04,12:14,Friday,2,22.0,0.0,3.3,25.3,MADA,TAKEAWAY,5,8
TXN104014,S002,2024-10-04,21:36,Friday,4,63.0,0.0,9.45,72.45,MADA,DINE_IN,4,7
TXN104015,S002,2024-10-04,12:18,Friday,2,24.0,0.0,3.6,27.6,DEBIT_CARD,DINE_IN,4,7
TXN104016,S002,2024-10-04,11:18,Friday,1,12.0,1.2,1.62,12.42,DIGITAL_WALLET,DRIVE_THRU,5,3
TXN104017,S002,2024-10-04,18:55,Friday,4,91.0,0.0,13.65,104.65,MADA,TAKEAWAY,4,11
TXN104018,S002,2024-10-04,13:36,Friday,3,38.0,0.0,5.7,43.7,MADA,DINE_IN,4,9
TXN104019,S002,2024-10-04,16:46,Friday,2,25.0,0.0,3.75,28.75,DIGITAL_WALLET,DELIVERY,4,29
TXN104020,S002,2024-10-04,16:38,Friday,3,32.0,0.0,4.8,36.8,CREDIT_CARD,DINE_IN,5,14
TXN104021,S002,2024-10-04,17:16,Friday,2,28.0,0.0,4.2,32.2,CASH,TAKEAWAY,4,14
TXN104022,S002,2024-10-04,13:21,Friday,3,34.0,0.0,5.1,39.1,DIGITAL_WALLET,DRIVE_THRU,3,4
TXN104023,S002,2024-10-04,16:32,Friday,3,57.0,0.0,8.55,65.55,MADA,DINE_IN,5,14
TXN104024,S002,2024-10-04,19:30,Friday,2,30.0,0.0,4.5,34.5,MADA,DRIVE_THRU,3,4
TXN104025,S002,2024-10-04,19:02,Friday,3,48.0,0.0,7.2,55.2,DEBIT_CARD,DELIVERY,4,23
TXN104026,S002,2024-10-04,14:24,Friday,2,35.0,3.5,4.72,36.22,MADA,DINE_IN,4,9
TXN104027,S002,2024-10-04,13:11,Friday,2,38.0,0.0,5.7,43.7,DIGITAL_WALLET,DINE_IN,5,8
TXN104028,S002,2024-10-04,18:15,Friday,4,83.0,0.0,12.45,95.45,CREDIT_CARD,DELIVERY,4,35
TXN104029,S002,2024-10-04,13:58,Friday,4,63.0,0.0,9.45,72.45,CREDIT_CARD,DRIVE_THRU,5,3
TXN104030,S002,2024-10-04,18:58,Friday,1,12.0,0.0,1.8,13.8,DEBIT_CARD,TAKEAWAY,4,13
TXN104031,S002,2024-10-04,12:44,Friday,4,67.0,6.7,9.04,69.34,DIGITAL_WALLET,TAKEAWAY,3,15
TXN104032,S002,2024-10-04,19:46,Friday,2,25.0,0.0,3.75,28.75,MADA,TAKEAWAY,5,12
TXN104033,S002,2024-10-04,16:20,Friday,4,81.0,0.0,12.15,93.15,CASH,TAKEAWAY,5,14
TXN104034,S002,2024-10-04,14:39,Friday,4,82.0,0.0,12.3,94.3,MADA,DRIVE_THRU,5,8
TXN104035,S002,2024-10-04,21:25,Friday,2,20.0,0.0,3.0,23.0,DEBIT_CARD,TAKEAWAY,4,10
TXN104036,S002,2024-10-04,18:42,Friday,1,10.0,0.0,1.5,11.5,CASH,DINE_IN,4,10
TXN104037,S002,2024-10-04,12:35,Friday,4,73.0,0.0,10.95,83.95,DEBIT_CARD,DINE_IN,5,14
TXN104038,S002,2024-10-04,19:54,Friday,3,48.0,0.0,7.2,55.2,DEBIT_CARD,DINE_IN,4,10
TXN104039,S002,2024-10-04,19:44,Friday,3,68.0,0.0,10.2,78.2,DEBIT_CARD,TAKEAWAY,3,13
TXN104040,S002,2024-10-04,12:39,Friday,4,60.0,6.0,8.1,62.1,CREDIT_CARD,DINE_IN,4,11
TXN104041,S002,2024-10-04,15:04,Friday,4,65.0,0.0,9.75,74.75,MADA,TAKEAWAY,5,7
TXN104042,S002,2024-10-04,16:33,Friday,4,68.0,0.0,10.2,78.2,CASH,DELIVERY,5,38
TXN104043,S002,2024-10-04,12:05,Friday,2,44.0,0.0,6.6,50.6,DIGITAL_WALLET,DRIVE_THRU,4,7
TXN104044,S002,2024-10-04,13:13,Friday,1,8.0,0.0,1.2,9.2,MADA,DRIVE_THRU,5,6
TXN104045,S002,2024-10-04,19:48,Friday,3,59.0,0.0,8.85,67.85,MADA,TAKEAWAY,4,15
TXN104046,S002,2024-10-04,14:59,Friday,2,22.0,0.0,3.3,25.3,DEBIT_CARD,DELIVERY,4,27
TXN104047,S002,2024-10-04,19:48,Friday,4,95.0,0.0,14.25,109.25,DIGITAL_WALLET,TAKEAWAY,5,7
TXN104048,S002,2024-10-04,13:00,Friday,2,36.0,0.0,5.4,41.4,MADA,DINE_IN,2,13
TXN104049,S002,2024-10-04,20:51,Friday,2,38.0,0.0,5.7,43.7,DIGITAL_WALLET,DELIVERY,5,35
TXN104050,S002,2024-10-04,18:02,Friday,3,83.0,8.3,11.21,85.91,DEBIT_CARD,DINE_IN,4,12
TXN104051,S002,2024-10-04,19:59,Friday,4,95.0,0.0,14.25,109.25,MADA,DINE_IN,4,15
TXN104052,S002,2024-10-04,19:05,Friday,2,22.0,0.0,3.3,25.3,DIGITAL_WALLET,DINE_IN,4,9
TXN104053,S002,2024-10-04,08:17,Friday,3,50.0,5.0,6.75,51.75,DEBIT_CARD,DELIVERY,4,21
TXN104054,S002,2024-10-04,21:35,Friday,3,50.0,5.0,6.75,51.75,MADA,DINE_IN,5,11
TXN104055,S002,2024-10-04,13:50,Friday,2,40.0,0.0,6.0,46.0,DEBIT_CARD,DINE_IN,5,8
TXN104056,S002,2024-10-04,19:25,Friday,2,45.0,0.0,6.75,51.75,CREDIT_CARD,DRIVE_THRU,4,5
TXN104057,S002,2024-10-04,19:58,Friday,3,48.0,0.0,7.2,55.2,CREDIT_CARD,DELIVERY,2,29
TXN104058,S002,2024-10-04,19:42,Friday,2,37.0,0.0,5.55,42.55,MADA,TAKEAWAY,4,8
TXN104059,S002,2024-10-04,18:02,Friday,4,73.0,0.0,10.95,83.95,MADA,DINE_IN,4,13
TXN104060,S002,2024-10-04,19:34,Friday,4,63.0,0.0,9.45,72.45,CASH,TAKEAWAY,3,12
TXN104061,S002,2024-10-04,10:37,Friday,3,74.0,0.0,11.1,85.1,CASH,DINE_IN,5,11
TXN104062,S002,2024-10-04,21:58,Friday,3,68.0,0.0,10.2,78.2,MADA,DELIVERY,4,23
TXN104063,S002,2024-10-04,18:35,Friday,1,28.0,0.0,4.2,32.2,DEBIT_CARD,DELIVERY,4,33
TXN104064,S002,2024-10-04,13:09,Friday,2,62.0,0.0,9.3,71.3,DEBIT_CARD,DRIVE_THRU,4,4
TXN104065,S002,2024-10-04,14:37,Friday,3,53.0,0.0,7.95,60.95,MADA,DELIVERY,5,40
TXN104066,S002,2024-10-04,18:19,Friday,3,46.0,4.6,6.21,47.61,MADA,TAKEAWAY,3,8
TXN104067,S002,2024-10-04,18:05,Friday,4,87.0,0.0,13.05,100.05,CREDIT_CARD,TAKEAWAY,5,6
TXN104068,S002,2024-10-04,13:58,Friday,4,69.0,6.9,9.31,71.41,DEBIT_CARD,DELIVERY,5,31
TXN104069,S002,2024-10-04,12:16,Friday,2,22.0,0.0,3.3,25.3,CREDIT_CARD,TAKEAWAY,5,9
TXN104070,S002,2024-10-04,19:23,Friday,2,22.0,0.0,3.3,25.3,CASH,DRIVE_THRU,5,6
TXN104071,S002,2024-10-04,17:16,Friday,3,53.0,5.3,7.16,54.86,CREDIT_CARD,DRIVE_THRU,4,7
TXN104072,S002,2024-10-04,13:20,Friday,3,63.0,0.0,9.45,72.45,CASH,TAKEAWAY,4,15
TXN104073,S002,2024-10-04,12:27,Friday,2,53.0,0.0,7.95,60.95,DIGITAL_WALLET,DINE_IN,3,8
TXN104074,S002,2024-10-04,13:20,Friday,2,47.0,0.0,7.05,54.05,CREDIT_CARD,TAKEAWAY,5,6
TXN104075,S002,2024-10-04,12:16,Friday,4,64.0,0.0,9.6,73.6,MADA,DELIVERY,4,24
TXN104076,S002,2024-10-04,19:40,Friday,2,38.0,0.0,5.7,43.7,DEBIT_CARD,TAKEAWAY,5,13
TXN104077,S002,2024-10-04,18:32,Friday,4,74.0,0.0,11.1,85.1,DIGITAL_WALLET,DINE_IN,3,8
TXN104078,S002,2024-10-04,12:02,Friday,3,56.0,0.0,8.4,64.4,MADA,DINE_IN,5,8
TXN104079,S002,2024-10-04,12:30,Friday,2,40.0,0.0,6.0,46.0,DIGITAL_WALLET,DRIVE_THRU,4,8
TXN104080,S002,2024-10-04,14:18,Friday,3,36.0,0.0,5.4,41.4,CASH,DELIVERY,5,37
TXN104081,S002,2024-10-04,22:40,Friday,3,69.0,0.0,10.35,79.35,DEBIT_CARD,DELIVERY,4,26
TXN104082,S002,2024-10-04,19:12,Friday,3,34.0,0.0,5.1,39.1,DIGITAL_WALLET,TAKEAWAY,4,14
TXN104083,S002,2024-10-04,21:00,Friday,4,73.0,0.0,10.95,83.95,MADA,DRIVE_THRU,5,3
TXN104084,S002,2024-10-04,12:25,Friday,2,40.0,0.0,6.0,46.0,DIGITAL_WALLET,TAKEAWAY,4,10
TXN104085,S002,2024-10-04,12:02,Friday,4,60.0,0.0,9.0,69.0,CASH,DELIVERY,5,23
TXN104086,S002,2024-10-04,16:06,Friday,2,33.0,0.0,4.95,37.95,CREDIT_CARD,DRIVE_THRU,4,7
TXN104087,S002,2024-10-04,10:07,Friday,4,60.0,0.0,9.0,69.0,CASH,DINE_IN,4,15
TXN104088,S002,2024-10-04,20:36,Friday,3,54.0,0.0,8.1,62.1,CASH,DELIVERY,4,22
TXN104089,S002,2024-10-04,09:24,Friday,4,77.0,0.0,11.55,88.55,DIGITAL_WALLET,DELIVERY,2,32
TXN104090,S002,2024-10-04,10:09,Friday,3,48.0,0.0,7.2,55.2,DIGITAL_WALLET,DRIVE_THRU,3,5
TXN104091,S002,2024-10-04,11:50,Friday,3,51.0,0.0,7.65,58.65,CASH,DRIVE_THRU,4,6
TXN104092,S002,2024-10-04,12:03,Friday,3,70.0,0.0,10.5,80.5,MADA,TAKEAWAY,5,5
TXN104093,S002,2024-10-04,13:45,Friday,3,68.0,0.0,10.2,78.2,MADA,TAKEAWAY,5,7
TXN104094,S002,2024-10-04,19:27,Friday,3,53.0,0.0,7.95,60.95,CREDIT_CARD,TAKEAWAY,4,11
TXN104095,S002,2024-10-04,17:51,Friday,3,83.0,8.3,11.21,85.91,CREDIT_CARD,TAKEAWAY,5,5
TXN104096,S002,2024-10-04,17:29,Friday,1,25.0,0.0,3.75,28.75,MADA,DINE_IN,3,5
TXN104097,S002,2024-10-04,18:09,Friday,1,28.0,0.0,4.2,32.2,DIGITAL_WALLET,DRIVE_THRU,4,3
TXN104098,S002,2024-10-04,15:40,Friday,2,37.0,0.0,5.55,42.55,MADA,DELIVERY,5,34
TXN104099,S002,2024-10-04,18:45,Friday,3,52.0,5.2,7.02,53.82,CREDIT_CARD,TAKEAWAY,4,6
TXN104100,S002,2024-10-04,20:11,Friday,2,56.0,0.0,8.4,64.4,DIGITAL_WALLET,DRIVE_THRU,5,5
TXN104101,S002,2024-10-04,12:07,Friday,2,22.0,0.0,3.3,25.3,DEBIT_CARD,TAKEAWAY,5,10
TXN104102,S002,2024-10-04,13:41,Friday,1,8.0,0.0,1.2,9.2,DEBIT_CARD,DELIVERY,4,34
TXN104103,S002,2024-10-04,17:03,Friday,3,56.0,0.0,8.4,64.4,DEBIT_CARD,TAKEAWAY,3,11
TXN104104,S002,2024-10-04,23:53,Friday,3,34.0,0.0,5.1,39.1,DEBIT_CARD,DINE_IN,4,10
TXN104105,S002,2024-10-04,17:34,Friday,3,50.0,0.0,7.5,57.5,CASH,DINE_IN,5,6
TXN104106,S002,2024-10-04,14:09,Friday,1,32.0,0.0,4.8,36.8,DEBIT_CARD,DINE_IN,4,8
TXN104107,S002,2024-10-04,12:51,Friday,4,55.0,0.0,8.25,63.25,CASH,DINE_IN,3,11
TXN104108,S002,2024-10-04,09:56,Friday,3,50.0,0.0,7.5,57.5,DIGITAL_WALLET,DRIVE_THRU,5,6
TXN104109,S002,2024-10-04,10:36,Friday,2,40.0,0.0,6.0,46.0,DIGITAL_WALLET,TAKEAWAY,5,8
TXN104110,S002,2024-10-04,12:24,Friday,1,28.0,0.0,4.2,32.2,CREDIT_CARD,DRIVE_THRU,3,3
TXN104111,S002,2024-10-04,15:44,Friday,3,53.0,0.0,7.95,60.95,DEBIT_CARD,DINE_IN,4,6
TXN104112,S002,2024-10-04,18:40,Friday,3,68.0,0.0,10.2,78.2,CASH,DINE_IN,5,10
TXN104113,S002,2024-10-04,14:28,Friday,4,78.0,0.0,11.7,89.7,CREDIT_CARD,DELIVERY,4,22
TXN104114,S002,2024-10-04,15:27,Friday,2,51.0,0.0,7.65,58.65,CASH,DRIVE_THRU,5,7
TXN104115,S002,2024-10-04,19:24,Friday,3,75.0,0.0,11.25,86.25,DIGITAL_WALLET,DINE_IN,3,14
TXN104116,S002,2024-10-04,12:12,Friday,2,22.0,0.0,3.3,25.3,CASH,DELIVERY,4,31
TXN104117,S002,2024-10-04,15:31,Friday,2,36.0,0.0,5.4,41.4,MADA,TAKEAWAY,5,15
TXN104118,S002,2024-10-04,19:10,Friday,2,42.0,0.0,6.3,48.3,MADA,DINE_IN,4,13
TXN104119,S002,2024-10-04,19:06,Friday,3,52.0,5.2,7.02,53.82,DEBIT_CARD,DRIVE_THRU,5,3
TXN104120,S002,2024-10-04,12:44,Friday,4,60.0,0.0,9.0,69.0,CASH,DRIVE_THRU,4,8
TXN104121,S002,2024-10-04,15:53,Friday,4,103.0,0.0,15.45,118.45,DIGITAL_WALLET,DELIVERY,4,30
TXN104122,S002,2024-10-04,18:34,Friday,2,38.0,0.0,5.7,43.7,CASH,DINE_IN,5,6
TXN104123,S002,2024-10-04,21:25,Friday,4,87.0,0.0,13.05,100.05,CASH,DINE_IN,3,7
TXN104124,S002,2024-10-04,15:34,Friday,2,44.0,0.0,6.6,50.6,CASH,TAKEAWAY,3,8
TXN104125,S002,2024-10-04,21:30,Friday,3,50.0,5.0,6.75,51.75,CASH,DINE_IN,5,15
TXN104126,S002,2024-10-04,20:58,Friday,2,41.0,0.0,6.15,47.15,DIGITAL_WALLET,DRIVE_THRU,5,3
TXN104127,S002,2024-10-04,12:55,Friday,2,51.0,0.0,7.65,58.65,CASH,DINE_IN,4,12
TXN104128,S002,2024-10-04,13:18,Friday,3,66.0,0.0,9.9,75.9,MADA,DRIVE_THRU,3,3
TXN104129,S002,2024-10-04,18:57,Friday,5,116.0,0.0,17.4,133.4,DEBIT_CARD,TAKEAWAY,2,13
TXN104130,S002,2024-10-04,19:38,Friday,4,80.0,0.0,12.0,92.0,DIGITAL_WALLET,TAKEAWAY,4,6
TXN104131,S002,2024-10-04,19:31,Friday,2,35.0,0.0,5.25,40.25,CREDIT_CARD,DINE_IN,5,9
TXN104132,S002,2024-10-04,18:20,Friday,1,28.0,0.0,4.2,32.2,DEBIT_CARD,DINE_IN,3,8
TXN104133,S002,2024-10-04,15:59,Friday,3,67.0,0.0,10.05,77.05,CREDIT_CARD,DINE_IN,5,5
TXN104134,S002,2024-10-04,21:34,Friday,3,52.0,0.0,7.8,59.8,MADA,DELIVERY,4,32
TXN104135,S002,2024-10-04,10:35,Friday,4,91.0,0.0,13.65,104.65,DEBIT_CARD,DELIVERY,5,35
TXN104136,S002,2024-10-04,13:31,Friday,2,55.0,0.0,8.25,63.25,MADA,TAKEAWAY,4,14
TXN104137,S002,2024-10-04,15:06,Friday,3,44.0,0.0,6.6,50.6,DEBIT_CARD,DRIVE_THRU,3,8
TXN104138,S002,2024-10-04,16:55,Friday,2,53.0,0.0,7.95,60.95,CREDIT_CARD,TAKEAWAY,1,6
TXN104139,S002,2024-10-04,17:39,Friday,2,30.0,0.0,4.5,34.5,CASH,DELIVERY,3,20
TXN104140,S002,2024-10-04,13:50,Friday,3,56.0,0.0,8.4,64.4,MADA,DRIVE_THRU,4,7
TXN104141,S002,2024-10-04,13:46,Friday,2,23.0,2.3,3.1,23.8,CREDIT_CARD,DRIVE_THRU,4,6
TXN104142,S002,2024-10-04,21:06,Friday,1,10.0,0.0,1.5,11.5,CASH,TAKEAWAY,3,12
TXN104143,S002,2024-10-04,16:57,Friday,4,58.0,0.0,8.7,66.7,CREDIT_CARD,DINE_IN,5,7
TXN104144,S002,2024-10-04,21:52,Friday,2,28.0,0.0,4.2,32.2,MADA,DRIVE_THRU,5,4
TXN104145,S002,2024-10-04,12:05,Friday,2,27.0,0.0,4.05,31.05,DEBIT_CARD,DINE_IN,5,8
TXN104146,S002,2024-10-04,17:22,Friday,4,83.0,0.0,12.45,95.45,CASH,DELIVERY,3,28
TXN104147,S002,2024-10-04,19:31,Friday,3,68.0,0.0,10.2,78.2,DIGITAL_WALLET,DRIVE_THRU,5,5
TXN104148,S002,2024-10-04,12:50,Friday,2,51.0,5.1,6.88,52.78,DEBIT_CARD,DRIVE_THRU,2,7
TXN104149,S002,2024-10-04,12:30,Friday,2,22.0,0.0,3.3,25.3,CASH,DELIVERY,3,21
TXN104150,S002,2024-10-04,22:42,Friday,2,44.0,0.0,6.6,50.6,DEBIT_CARD,DRIVE_THRU,5,8
TXN104151,S002,2024-10-04,19:00,Friday,4,48.0,0.0,7.2,55.2,MADA,DRIVE_THRU,4,8
TXN104152,S002,2024-10-04,19:31,Friday,2,28.0,0.0,4.2,32.2,CREDIT_CARD,DINE_IN,4,15
TXN104153,S002,2024-10-04,19:04,Friday,2,58.0,0.0,8.7,66.7,CASH,DINE_IN,5,15
TXN104154,S002,2024-10-04,11:41,Friday,2,60.0,0.0,9.0,69.0,CREDIT_CARD,DELIVERY,5,21
TXN104155,S002,2024-10-04,12:16,Friday,3,51.0,0.0,7.65,58.65,DEBIT_CARD,DINE_IN,3,7
TXN104156,S002,2024-10-04,19:08,Friday,2,54.0,0.0,8.1,62.1,CREDIT_CARD,DELIVERY,5,35
TXN104157,S002,2024-10-04,10:49,Friday,4,83.0,0.0,12.45,95.45,CASH,DRIVE_THRU,4,7
TXN104158,S002,2024-10-04,22:35,Friday,4,76.0,0.0,11.4,87.4,CASH,TAKEAWAY,5,13
TXN104159,S002,2024-10-04,12:24,Friday,3,54.0,0.0,8.1,62.1,MADA,DRIVE_THRU,4,5
TXN104160,S002,2024-10-04,11:14,Friday,1,12.0,0.0,1.8,13.8,DEBIT_CARD,DELIVERY,5,37
TXN104161,S002,2024-10-04,17:49,Friday,4,78.0,0.0,11.7,89.7,DIGITAL_WALLET,DRIVE_THRU,4,3
TXN104162,S002,2024-10-04,12:13,Friday,3,55.0,0.0,8.25,63.25,CREDIT_CARD,DELIVERY,5,30
TXN104163,S002,2024-10-04,13:28,Friday,4,78.0,0.0,11.7,89.7,DEBIT_CARD,DRIVE_THRU,5,5
TXN104164,S002,2024-10-04,17:06,Friday,3,46.0,0.0,6.9,52.9,MADA,DRIVE_THRU,4,5
TXN104165,S002,2024-10-04,10:59,Friday,2,33.0,0.0,4.95,37.95,MADA,DRIVE_THRU,5,7
TXN104166,S002,2024-10-04,16:22,Friday,2,42.0,0.0,6.3,48.3,DEBIT_CARD,DINE_IN,4,8
TXN104167,S002,2024-10-04,12:02,Friday,3,55.0,0.0,8.25,63.25,DIGITAL_WALLET,DINE_IN,5,15
TXN104168,S002,2024-10-04,18:13,Friday,4,92.0,0.0,13.8,105.8,CASH,DINE_IN,5,14
TXN104169,S002,2024-10-04,13:47,Friday,2,48.0,0.0,7.2,55.2,CASH,DRIVE_THRU,4,3
TXN104170,S002,2024-10-04,12:31,Friday,3,70.0,0.0,10.5,80.5,CREDIT_CARD,DINE_IN,4,13
TXN104171,S002,2024-10-04,18:56,Friday,1,28.0,0.0,4.2,32.2,DEBIT_CARD,DRIVE_THRU,2,4
TXN104172,S002,2024-10-04,19:25,Friday,2,37.0,0.0,5.55,42.55,DEBIT_CARD,DRIVE_THRU,4,7
TXN104173,S002,2024-10-04,13:30,Friday,2,20.0,2.0,2.7,20.7,DIGITAL_WALLET,DELIVERY,5,38
TXN104174,S002,2024-10-04,18:01,Friday,2,45.0,0.0,6.75,51.75,DIGITAL_WALLET,DINE_IN,3,12
TXN104175,S002,2024-10-04,23:58,Friday,4,66.0,0.0,9.9,75.9,MADA,DINE_IN,5,10
TXN104176,S002,2024-10-04,18:44,Friday,2,40.0,0.0,6.0,46.0,DIGITAL_WALLET,DELIVERY,4,33
TXN104177,S002,2024-10-04,13:45,Friday,3,50.0,0.0,7.5,57.5,DIGITAL_WALLET,DELIVERY,4,25
TXN104178,S002,2024-10-04,09:20,Friday,2,22.0,0.0,3.3,25.3,DEBIT_CARD,DELIVERY,4,28
TXN104179,S002,2024-10-04,08:50,Friday,2,47.0,0.0,7.05,54.05,DEBIT_CARD,DRIVE_THRU,2,3
TXN104180,S002,2024-10-04,11:56,Friday,2,44.0,0.0,6.6,50.6,CASH,DELIVERY,5,37
TXN104181,S002,2024-10-04,10:40,Friday,3,75.0,0.0,11.25,86.25,DEBIT_CARD,TAKEAWAY,4,13
TXN104182,S002,2024-10-04,12:03,Friday,1,25.0,2.5,3.38,25.88,DEBIT_CARD,TAKEAWAY,4,10
TXN104183,S002,2024-10-04,12:29,Friday,2,55.0,0.0,8.25,63.25,MADA,TAKEAWAY,4,10
TXN104184,S002,2024-10-04,14:18,Friday,5,89.0,0.0,13.35,102.35,CREDIT_CARD,DELIVERY,4,21
TXN104185,S002,2024-10-04,11:12,Friday,3,40.0,0.0,6.0,46.0,CASH,DINE_IN,5,6
TXN104186,S002,2024-10-04,12:57,Friday,2,25.0,0.0,3.75,28.75,DEBIT_CARD,DINE_IN,4,6
TXN104187,S002,2024-10-04,13:21,Friday,3,87.0,0.0,13.05,100.05,CASH,TAKEAWAY,5,6
TXN104188,S002,2024-10-04,19:16,Friday,1,15.0,0.0,2.25,17.25,DIGITAL_WALLET,TAKEAWAY,5,15
TXN104189,S002,2024-10-04,13:12,Friday,4,102.0,0.0,15.3,117.3,CREDIT_CARD,DRIVE_THRU,3,6
TXN104190,S002,2024-10-04,14:03,Friday,2,40.0,4.0,5.4,41.4,MADA,DELIVERY,5,28
TXN104191,S002,2024-10-04,13:26,Friday,2,20.0,0.0,3.0,23.0,CREDIT_CARD,DELIVERY,5,22
TXN104192,S002,2024-10-04,21:34,Friday,2,40.0,0.0,6.0,46.0,CREDIT_CARD,TAKEAWAY,5,9
TXN104193,S002,2024-10-04,21:43,Friday,3,56.0,0.0,8.4,64.4,DIGITAL_WALLET,DELIVERY,5,22
TXN104194,S002,2024-10-04,19:17,Friday,4,61.0,6.1,8.23,63.13,CASH,DELIVERY,4,37
TXN104195,S002,2024-10-04,12:25,Friday,2,44.0,0.0,6.6,50.6,DEBIT_CARD,TAKEAWAY,4,15
TXN104196,S002,2024-10-04,21:48,Friday,2,27.0,0.0,4.05,31.05,DIGITAL_WALLET,TAKEAWAY,5,14
TXN104197,S002,2024-10-04,15:13,Friday,3,68.0,0.0,10.2,78.2,CREDIT_CARD,DELIVERY,3,23
TXN104198,S002,2024-10-04,19:29,Friday,2,34.0,0.0,5.1,39.1,DEBIT_CARD,TAKEAWAY,4,12
TXN104199,S002,2024-10-04,14:44,Friday,5,120.0,0.0,18.0,138.0,CREDIT_CARD,TAKEAWAY,5,7
TXN104200,S002,2024-10-04,13:42,Friday,3,74.0,0.0,11.1,85.1,MADA,TAKEAWAY,5,5
TXN104201,S002,2024-10-04,17:22,Friday,3,40.0,0.0,6.0,46.0,DEBIT_CARD,TAKEAWAY,5,8
TXN104202,S002,2024-10-04,19:46,Friday,3,39.0,3.9,5.26,40.36,DEBIT_CARD,DELIVERY,5,35
TXN104203,S002,2024-10-04,22:58,Friday,4,95.0,0.0,14.25,109.25,DIGITAL_WALLET,DINE_IN,3,10
TXN104204,S002,2024-10-04,23:47,Friday,1,32.0,0.0,4.8,36.8,DEBIT_CARD,DELIVERY,4,21
TXN104205,S002,2024-10-04,18:50,Friday,3,36.0,0.0,5.4,41.4,DEBIT_CARD,DRIVE_THRU,4,8
TXN104206,S002,2024-10-04,12:16,Friday,4,53.0,0.0,7.95,60.95,DEBIT_CARD,TAKEAWAY,4,15
TXN104207,S002,2024-10-04,14:15,Friday,4,89.0,0.0,13.35,102.35,DEBIT_CARD,DINE_IN,5,10
TXN104208,S002,2024-10-04,21:49,Friday,1,12.0,0.0,1.8,13.8,DIGITAL_WALLET,DRIVE_THRU,4,8
TXN104209,S002,2024-10-04,18:09,Friday,3,36.0,0.0,5.4,41.4,DIGITAL_WALLET,DINE_IN,5,13
TXN104210,S002,2024-10-04,18:17,Friday,4,71.0,7.1,9.58,73.48,DIGITAL_WALLET,TAKEAWAY,5,13
TXN104211,S002,2024-10-04,09:40,Friday,2,27.0,0.0,4.05,31.05,DEBIT_CARD,DELIVERY,4,40
TXN104212,S002,2024-10-04,20:38,Friday,5,101.0,0.0,15.15,116.15,MADA,TAKEAWAY,5,11
TXN104213,S002,2024-10-04,13:30,Friday,3,32.0,0.0,4.8,36.8,DEBIT_CARD,TAKEAWAY,3,9
TXN104214,S002,2024-10-04,17:04,Friday,3,55.0,0.0,8.25,63.25,CASH,TAKEAWAY,5,10
TXN104215,S002,2024-10-04,18:22,Friday,1,15.0,0.0,2.25,17.25,DEBIT_CARD,TAKEAWAY,4,13
TXN104216,S002,2024-10-04,10:39,Friday,3,70.0,0.0,10.5,80.5,CASH,DINE_IN,3,9
TXN104217,S002,2024-10-04,19:37,Friday,1,30.0,0.0,4.5,34.5,DIGITAL_WALLET,DELIVERY,4,33
TXN104218,S002,2024-10-04,18:45,Friday,2,43.0,0.0,6.45,49.45,MADA,DINE_IN,3,11
TXN104219,S002,2024-10-04,18:40,Friday,2,28.0,0.0,4.2,32.2,CREDIT_CARD,DELIVERY,4,28
TXN104220,S002,2024-10-04,10:04,Friday,5,88.0,0.0,13.2,101.2,DEBIT_CARD,DELIVERY,3,22
TXN104221,S002,2024-10-04,18:01,Friday,4,86.0,0.0,12.9,98.9,DIGITAL_WALLET,TAKEAWAY,5,15
TXN104222,S002,2024-10-04,18:09,Friday,2,55.0,0.0,8.25,63.25,CREDIT_CARD,TAKEAWAY,4,15
TXN104223,S002,2024-10-04,19:18,Friday,4,58.0,0.0,8.7,66.7,DIGITAL_WALLET,DRIVE_THRU,4,7
TXN104224,S002,2024-10-04,18:20,Friday,1,30.0,3.0,4.05,31.05,CREDIT_CARD,TAKEAWAY,4,7
TXN104225,S002,2024-10-04,18:05,Friday,5,121.0,0.0,18.15,139.15,DEBIT_CARD,DELIVERY,3,33
TXN104226,S002,2024-10-04,14:38,Friday,2,22.0,0.0,3.3,25.3,MADA,DRIVE_THRU,5,4
TXN104227,S002,2024-10-04,13:35,Friday,3,40.0,0.0,6.0,46.0,MADA,DELIVERY,5,22
TXN104228,S002,2024-10-04,19:54,Friday,3,53.0,0.0,7.95,60.95,DIGITAL_WALLET,DELIVERY,4,37
TXN104229,S002,2024-10-04,13:39,Friday,1,25.0,2.5,3.38,25.88,DIGITAL_WALLET,DRIVE_THRU,4,7
TXN104230,S002,2024-10-04,21:24,Friday,2,35.0,0.0,5.25,40.25,DEBIT_CARD,TAKEAWAY,4,15
TXN104231,S002,2024-10-04,16:09,Friday,1,28.0,0.0,4.2,32.2,CASH,TAKEAWAY,5,14
TXN104232,S002,2024-10-04,11:38,Friday,4,79.0,7.9,10.66,81.76,CREDIT_CARD,TAKEAWAY,4,13
TXN104233,S002,2024-10-04,20:18,Friday,3,52.0,5.2,7.02,53.82,MADA,DRIVE_THRU,4,3
TXN104234,S002,2024-10-04,18:01,Friday,4,53.0,0.0,7.95,60.95,DIGITAL_WALLET,DRIVE_THRU,5,3
TXN104235,S002,2024-10-04,19:30,Friday,1,28.0,0.0,4.2,32.2,CASH,TAKEAWAY,4,8
TXN104236,S002,2024-10-04,11:28,Friday,2,40.0,0.0,6.0,46.0,CASH,DRIVE_THRU,5,8
TXN104237,S002,2024-10-04,21:54,Friday,5,82.0,0.0,12.3,94.3,CASH,DINE_IN,5,5
TXN104238,S002,2024-10-04,11:56,Friday,4,71.0,7.1,9.58,73.48,MADA,DRIVE_THRU,5,4
TXN104239,S002,2024-10-04,21:43,Friday,4,85.0,0.0,12.75,97.75,DIGITAL_WALLET,DELIVERY,4,38
TXN104240,S002,2024-10-04,14:25,Friday,1,12.0,0.0,1.8,13.8,CASH,DELIVERY,4,37
TXN104241,S002,2024-10-04,19:53,Friday,2,44.0,4.4,5.94,45.54,MADA,DINE_IN,5,5
TXN104242,S002,2024-10-04,21:21,Friday,1,10.0,0.0,1.5,11.5,CASH,DINE_IN,4,10
TXN104243,S002,2024-10-04,18:58,Friday,4,81.0,0.0,12.15,93.15,MADA,DRIVE_THRU,5,8
TXN104244,S002,2024-10-04,19:50,Friday,4,55.0,0.0,8.25,63.25,DEBIT_CARD,DELIVERY,5,30
TXN104245,S002,2024-10-04,13:20,Friday,3,79.0,0.0,11.85,90.85,DIGITAL_WALLET,DELIVERY,5,32
TXN104246,S002,2024-10-04,18:16,Friday,3,33.0,0.0,4.95,37.95,DIGITAL_WALLET,DELIVERY,5,23
TXN104247,S002,2024-10-04,19:10,Friday,3,56.0,0.0,8.4,64.4,MADA,DINE_IN,4,10
TXN104248,S002,2024-10-04,21:01,Friday,4,50.0,0.0,7.5,57.5,CASH,DRIVE_THRU,4,8
TXN104249,S002,2024-10-04,17:54,Friday,5,115.0,0.0,17.25,132.25,DEBIT_CARD,DRIVE_THRU,5,5
TXN104250,S002,2024-10-04,19:47,Friday,3,48.0,0.0,7.2,55.2,DEBIT_CARD,DINE_IN,2,6
TXN104251,S002,2024-10-04,12:42,Friday,3,51.0,0.0,7.65,58.65,MADA,TAKEAWAY,2,7
TXN104252,S002,2024-10-04,12:26,Friday,3,52.0,0.0,7.8,59.8,CASH,TAKEAWAY,5,15
TXN104253,S002,2024-10-04,17:28,Friday,3,51.0,5.1,6.88,52.78,DEBIT_CARD,DRIVE_THRU,4,7
TXN104254,S002,2024-10-04,15:42,Friday,4,57.0,0.0,8.55,65.55,CASH,DINE_IN,4,6
TXN104255,S002,2024-10-04,19:50,Friday,1,28.0,2.8,3.78,28.98,DIGITAL_WALLET,TAKEAWAY,1,12
TXN104256,S002,2024-10-04,13:07,Friday,3,48.0,0.0,7.2,55.2,DIGITAL_WALLET,DELIVERY,3,29
TXN104257,S002,2024-10-04,22:23,Friday,3,55.0,0.0,8.25,63.25,DIGITAL_WALLET,DINE_IN,4,12
TXN104258,S002,2024-10-04,12:05,Friday,3,44.0,0.0,6.6,50.6,DEBIT_CARD,DINE_IN,4,5
TXN104259,S002,2024-10-04,21:37,Friday,4,80.0,0.0,12.0,92.0,DEBIT_CARD,TAKEAWAY,4,8
TXN104260,S002,2024-10-04,14:53,Friday,3,61.0,0.0,9.15,70.15,CASH,DRIVE_THRU,5,3
TXN104261,S002,2024-10-04,13:37,Friday,4,60.0,0.0,9.0,69.0,MADA,DINE_IN,3,15
TXN104262,S002,2024-10-04,19:21,Friday,4,92.0,0.0,13.8,105.8,CASH,DINE_IN,3,12
TXN104263,S002,2024-10-04,19:02,Friday,4,81.0,0.0,12.15,93.15,DIGITAL_WALLET,DRIVE_THRU,4,4
TXN104264,S002,2024-10-04,20:59,Friday,2,28.0,0.0,4.2,32.2,CASH,TAKEAWAY,4,11
TXN104265,S002,2024-10-04,19:27,Friday,3,59.0,0.0,8.85,67.85,DEBIT_CARD,TAKEAWAY,5,8
TXN104266,S002,2024-10-04,13:03,Friday,2,40.0,0.0,6.0,46.0,DIGITAL_WALLET,TAKEAWAY,3,7
TXN104267,S002,2024-10-04,19:39,Friday,2,35.0,0.0,5.25,40.25,MADA,DINE_IN,4,9
TXN104268,S002,2024-10-04,09:28,Friday,3,50.0,0.0,7.5,57.5,CASH,DRIVE_THRU,5,5
TXN104269,S002,2024-10-04,20:48,Friday,1,28.0,0.0,4.2,32.2,DIGITAL_WALLET,TAKEAWAY,4,9
TXN104270,S002,2024-10-04,16:15,Friday,4,86.0,0.0,12.9,98.9,CASH,DRIVE_THRU,5,5
TXN104271,S002,2024-10-04,19:45,Friday,3,36.0,0.0,5.4,41.4,DIGITAL_WALLET,DINE_IN,4,14
TXN104272,S002,2024-10-04,19:43,Friday,2,28.0,0.0,4.2,32.2,DEBIT_CARD,DELIVERY,4,39
TXN104273,S002,2024-10-04,22:40,Friday,4,76.0,0.0,11.4,87.4,CASH,DRIVE_THRU,4,7
TXN104274,S002,2024-10-04,18:10,Friday,4,82.0,0.0,12.3,94.3,CASH,DINE_IN,4,15
TXN104275,S002,2024-10-04,19:57,Friday,4,48.0,0.0,7.2,55.2,DIGITAL_WALLET,DRIVE_THRU,5,7
TXN104276,S002,2024-10-04,19:34,Friday,2,37.0,3.7,4.99,38.29,CREDIT_CARD,DRIVE_THRU,4,3
TXN104277,S002,2024-10-04,14:22,Friday,2,54.0,0.0,8.1,62.1,CREDIT_CARD,DELIVERY,3,31
TXN104278,S002,2024-10-04,20:07,Friday,2,51.0,0.0,7.65,58.65,CASH,TAKEAWAY,4,12
TXN104279,S002,2024-10-04,18:49,Friday,2,20.0,0.0,3.0,23.0,MADA,DINE_IN,5,15
TXN104280,S002,2024-10-04,13:32,Friday,1,10.0,1.0,1.35,10.35,DEBIT_CARD,DINE_IN,3,5
TXN104281,S002,2024-10-04,16:40,Friday,4,79.0,0.0,11.85,90.85,MADA,DRIVE_THRU,3,4
TXN104282,S002,2024-10-04,15:44,Friday,3,41.0,0.0,6.15,47.15,MADA,DELIVERY,4,36
TXN104283,S002,2024-10-04,15:39,Friday,2,44.0,0.0,6.6,50.6,CREDIT_CARD,DRIVE_THRU,4,6
TXN104284,S002,2024-10-04,22:23,Friday,3,55.0,5.5,7.42,56.92,DEBIT_CARD,DINE_IN,3,8
TXN104285,S002,2024-10-04,18:19,Friday,3,48.0,0.0,7.2,55.2,CASH,DRIVE_THRU,5,6
TXN104286,S002,2024-10-04,18:55,Friday,2,55.0,0.0,8.25,63.25,DEBIT_CARD,DRIVE_THRU,3,5
TXN104287,S002,2024-10-04,20:20,Friday,3,53.0,0.0,7.95,60.95,MADA,DINE_IN,4,13
TXN104288,S002,2024-10-04,18:06,Friday,4,85.0,0.0,12.75,97.75,MADA,TAKEAWAY,5,8
TXN104289,S002,2024-10-04,12:43,Friday,4,109.0,0.0,16.35,125.35,CREDIT_CARD,DRIVE_THRU,5,8
TXN104290,S002,2024-10-04,17:40,Friday,4,77.0,7.7,10.39,79.69,CREDIT_CARD,DELIVERY,2,24
TXN104291,S002,2024-10-04,16:16,Friday,1,25.0,0.0,3.75,28.75,MADA,TAKEAWAY,5,11
TXN104292,S002,2024-10-04,16:29,Friday,1,12.0,0.0,1.8,13.8,DIGITAL_WALLET,DINE_IN,5,12
TXN104293,S002,2024-10-04,13:46,Friday,3,55.0,0.0,8.25,63.25,CASH,DELIVERY,3,35
TXN104294,S002,2024-10-04,12:03,Friday,4,82.0,0.0,12.3,94.3,CASH,TAKEAWAY,2,14
TXN104295,S002,2024-10-04,19:37,Friday,3,49.0,4.9,6.62,50.72,DIGITAL_WALLET,DELIVERY,3,32
TXN104296,S002,2024-10-04,12:00,Friday,3,37.0,0.0,5.55,42.55,DIGITAL_WALLET,TAKEAWAY,4,15
TXN104297,S002,2024-10-04,12:41,Friday,3,41.0,0.0,6.15,47.15,CASH,TAKEAWAY,5,11
TXN104298,S002,2024-10-04,19:32,Friday,3,66.0,0.0,9.9,75.9,CASH,DELIVERY,5,25
TXN104299,S002,2024-10-04,13:34,Friday,3,33.0,0.0,4.95,37.95,DIGITAL_WALLET,DINE_IN,5,14
TXN104300,S002,2024-10-04,12:40,Friday,2,30.0,0.0,4.5,34.5,DIGITAL_WALLET,TAKEAWAY,1,6
TXN104301,S002,2024-10-04,10:03,Friday,3,61.0,0.0,9.15,70.15,DEBIT_CARD,DELIVERY,4,36
TXN104302,S002,2024-10-04,23:35,Friday,3,63.0,0.0,9.45,72.45,DIGITAL_WALLET,DELIVERY,4,34
TXN104303,S002,2024-10-04,20:40,Friday,2,54.0,5.4,7.29,55.89,CASH,DINE_IN,4,11
TXN104304,S002,2024-10-04,19:26,Friday,2,22.0,0.0,3.3,25.3,MADA,TAKEAWAY,5,9
TXN104305,S002,2024-10-04,12:01,Friday,3,46.0,0.0,6.9,52.9,CREDIT_CARD,TAKEAWAY,4,15
TXN104306,S002,2024-10-04,19:45,Friday,4,100.0,0.0,15.0,115.0,MADA,TAKEAWAY,2,6
TXN104307,S002,2024-10-04,13:20,Friday,3,74.0,0.0,11.1,85.1,DIGITAL_WALLET,DRIVE_THRU,5,5
TXN104308,S002,2024-10-04,19:07,Friday,4,63.0,0.0,9.45,72.45,MADA,DELIVERY,5,28
TXN104309,S002,2024-10-04,12:53,Friday,2,34.0,0.0,5.1,39.1,CASH,DELIVERY,5,39
TXN104310,S002,2024-10-04,15:27,Friday,2,33.0,0.0,4.95,37.95,DIGITAL_WALLET,DELIVERY,5,32
TXN104311,S002,2024-10-04,12:00,Friday,4,59.0,0.0,8.85,67.85,DIGITAL_WALLET,DRIVE_THRU,3,7
TXN104312,S002,2024-10-04,18:32,Friday,3,51.0,0.0,7.65,58.65,DEBIT_CARD,DELIVERY,3,30
TXN104313,S002,2024-10-04,17:27,Friday,3,54.0,0.0,8.1,62.1,CASH,TAKEAWAY,3,11
TXN104314,S002,2024-10-04,15:17,Friday,1,12.0,1.2,1.62,12.42,DEBIT_CARD,DELIVERY,3,36
TXN104315,S002,2024-10-04,12:45,Friday,4,65.0,0.0,9.75,74.75,CREDIT_CARD,DRIVE_THRU,5,7
TXN104316,S002,2024-10-04,18:38,Friday,3,46.0,0.0,6.9,52.9,DEBIT_CARD,TAKEAWAY,5,11
TXN104317,S002,2024-10-04,12:26,Friday,4,100.0,0.0,15.0,115.0,DIGITAL_WALLET,DELIVERY,5,21
TXN104318,S002,2024-10-04,17:19,Friday,2,44.0,0.0,6.6,50.6,MADA,DRIVE_THRU,4,6
TXN104319,S002,2024-10-04,12:23,Friday,1,15.0,1.5,2.02,15.52,CASH,DRIVE_THRU,5,6
TXN104320,S002,2024-10-04,19:54,Friday,2,46.0,0.0,6.9,52.9,CASH,DELIVERY,4,21
TXN104321,S002,2024-10-04,17:54,Friday,1,28.0,0.0,4.2,32.2,DIGITAL_WALLET,TAKEAWAY,4,15
TXN104322,S002,2024-10-04,18:20,Friday,2,55.0,5.5,7.42,56.92,CASH,TAKEAWAY,5,9
TXN104323,S002,2024-10-04,19:08,Friday,3,63.0,0.0,9.45,72.45,CASH,DELIVERY,3,24
TXN104324,S002,2024-10-04,13:43,Friday,3,50.0,5.0,6.75,51.75,CREDIT_CARD,DRIVE_THRU,3,6
TXN104325,S002,2024-10-04,13:49,Friday,4,90.0,9.0,12.15,93.15,MADA,TAKEAWAY,5,6
TXN104326,S002,2024-10-04,19:52,Friday,3,67.0,6.7,9.04,69.34,CREDIT_CARD,DELIVERY,2,20
TXN104327,S002,2024-10-04,14:11,Friday,2,27.0,0.0,4.05,31.05,DEBIT_CARD,DRIVE_THRU,4,7
TXN104328,S003,2024-10-04,13:42,Friday,3,51.0,5.1,6.88,52.78,DEBIT_CARD,DRIVE_THRU,4,6
TXN104329,S003,2024-10-04,18:16,Friday,1,15.0,1.5,2.02,15.52,MADA,DELIVERY,5,31
TXN104330,S003,2024-10-04,12:53,Friday,5,52.0,0.0,7.8,59.8,MADA,TAKEAWAY,5,14
TXN104331,S003,2024-10-04,21:11,Friday,1,10.0,1.0,1.35,10.35,DEBIT_CARD,DELIVERY,3,36
TXN104332,S003,2024-10-04,19:53,Friday,4,105.0,0.0,15.75,120.75,DEBIT_CARD,DRIVE_THRU,2,8
TXN104333,S003,2024-10-04,12:08,Friday,3,47.0,0.0,7.05,54.05,DEBIT_CARD,DRIVE_THRU,4,8
TXN104334,S003,2024-10-04,22:37,Friday,3,34.0,0.0,5.1,39.1,DIGITAL_WALLET,DELIVERY,5,21
TXN104335,S003,2024-10-04,13:54,Friday,4,78.0,0.0,11.7,89.7,MADA,TAKEAWAY,3,13
TXN104336,S003,2024-10-04,12:49,Friday,2,46.0,0.0,6.9,52.9,CASH,DINE_IN,2,14
TXN104337,S003,2024-10-04,14:18,Friday,2,44.0,0.0,6.6,50.6,MADA,DRIVE_THRU,2,8
TXN104338,S003,2024-10-04,13:07,Friday,2,41.0,0.0,6.15,47.15,DEBIT_CARD,TAKEAWAY,5,5
TXN104339,S003,2024-10-04,22:55,Friday,4,83.0,8.3,11.21,85.91,DEBIT_CARD,TAKEAWAY,4,14
TXN104340,S003,2024-10-04,11:49,Friday,4,75.0,0.0,11.25,86.25,DEBIT_CARD,TAKEAWAY,4,6
TXN104341,S003,2024-10-04,18:49,Friday,2,55.0,0.0,8.25,63.25,DIGITAL_WALLET,DINE_IN,4,5
TXN104342,S003,2024-10-04,14:41,Friday,2,40.0,0.0,6.0,46.0,MADA,DELIVERY,4,34
TXN104343,S003,2024-10-04,17:50,Friday,3,53.0,5.3,7.16,54.86,DIGITAL_WALLET,DRIVE_THRU,5,8
TXN104344,S003,2024-10-04,19:09,Friday,3,54.0,0.0,8.1,62.1,CREDIT_CARD,TAKEAWAY,4,7
TXN104345,S003,2024-10-04,11:42,Friday,3,47.0,0.0,7.05,54.05,MADA,DRIVE_THRU,5,8
TXN104346,S003,2024-10-04,22:03,Friday,3,50.0,5.0,6.75,51.75,DEBIT_CARD,DINE_IN,5,7
TXN104347,S003,2024-10-04,13:13,Friday,2,41.0,0.0,6.15,47.15,CREDIT_CARD,DRIVE_THRU,4,6
TXN104348,S003,2024-10-04,12:49,Friday,3,61.0,0.0,9.15,70.15,CASH,TAKEAWAY,4,15
TXN104349,S003,2024-10-04,12:38,Friday,4,58.0,0.0,8.7,66.7,CREDIT_CARD,TAKEAWAY,5,8
TXN104350,S003,2024-10-04,13:51,Friday,2,33.0,0.0,4.95,37.95,DEBIT_CARD,DINE_IN,5,14
TXN104351,S003,2024-10-04,17:14,Friday,5,74.0,0.0,11.1,85.1,CREDIT_CARD,DINE_IN,3,10
TXN104352,S003,2024-10-04,11:38,Friday,3,48.0,0.0,7.2,55.2,DIGITAL_WALLET,TAKEAWAY,5,10
TXN104353,S003,2024-10-04,18:47,Friday,2,62.0,0.0,9.3,71.3,DIGITAL_WALLET,DRIVE_THRU,3,8
TXN104354,S003,2024-10-04,12:19,Friday,4,69.0,0.0,10.35,79.35,DIGITAL_WALLET,TAKEAWAY,4,5
TXN104355,S003,2024-10-04,12:51,Friday,1,28.0,0.0,4.2,32.2,CREDIT_CARD,TAKEAWAY,4,9
TXN104356,S003,2024-10-04,18:49,Friday,3,32.0,3.2,4.32,33.12,CASH,DELIVERY,3,24
TXN104357,S003,2024-10-04,21:14,Friday,3,55.0,0.0,8.25,63.25,MADA,DINE_IN,4,8
TXN104358,S003,2024-10-04,20:53,Friday,4,82.0,0.0,12.3,94.3,MADA,DRIVE_THRU,5,6
TXN104359,S003,2024-10-04,13:53,Friday,4,59.0,0.0,8.85,67.85,DIGITAL_WALLET,DELIVERY,3,22
TXN104360,S003,2024-10-04,19:22,Friday,2,55.0,0.0,8.25,63.25,CREDIT_CARD,DINE_IN,4,12
TXN104361,S003,2024-10-04,18:46,Friday,1,12.0,0.0,1.8,13.8,MADA,DELIVERY,5,23
TXN104362,S003,2024-10-04,18:36,Friday,2,35.0,0.0,5.25,40.25,MADA,TAKEAWAY,3,9
TXN104363,S003,2024-10-04,18:35,Friday,2,44.0,0.0,6.6,50.6,DIGITAL_WALLET,DINE_IN,5,12
TXN104364,S003,2024-10-04,19:14,Friday,3,33.0,3.3,4.46,34.16,DIGITAL_WALLET,DINE_IN,4,6
TXN104365,S003,2024-10-04,20:09,Friday,2,44.0,0.0,6.6,50.6,CREDIT_CARD,DINE_IN,5,11
TXN104366,S003,2024-10-04,15:01,Friday,3,75.0,0.0,11.25,86.25,DEBIT_CARD,TAKEAWAY,4,6
TXN104367,S003,2024-10-04,18:51,Friday,3,39.0,0.0,5.85,44.85,CASH,DELIVERY,2,28
TXN104368,S003,2024-10-04,12:00,Friday,4,79.0,0.0,11.85,90.85,DIGITAL_WALLET,DELIVERY,4,33
TXN104369,S003,2024-10-04,19:54,Friday,4,67.0,0.0,10.05,77.05,MADA,TAKEAWAY,4,9
TXN104370,S003,2024-10-04,11:03,Friday,2,23.0,0.0,3.45,26.45,CASH,DRIVE_THRU,4,3
TXN104371,S003,2024-10-04,18:19,Friday,4,98.0,0.0,14.7,112.7,CASH,TAKEAWAY,5,11
TXN104372,S003,2024-10-04,21:21,Friday,2,42.0,0.0,6.3,48.3,CASH,DELIVERY,3,29
TXN104373,S003,2024-10-04,12:38,Friday,1,12.0,0.0,1.8,13.8,CASH,TAKEAWAY,3,8
TXN104374,S003,2024-10-04,10:36,Friday,4,85.0,0.0,12.75,97.75,CASH,TAKEAWAY,4,11
TXN104375,S003,2024-10-04,18:14,Friday,3,50.0,0.0,7.5,57.5,DEBIT_CARD,DINE_IN,3,15
TXN104376,S003,2024-10-04,19:40,Friday,4,55.0,0.0,8.25,63.25,CASH,DELIVERY,4,21
TXN104377,S003,2024-10-04,17:39,Friday,2,36.0,0.0,5.4,41.4,MADA,TAKEAWAY,5,7
TXN104378,S003,2024-10-04,12:55,Friday,4,78.0,0.0,11.7,89.7,DEBIT_CARD,TAKEAWAY,4,14
TXN104379,S003,2024-10-04,17:58,Friday,3,67.0,0.0,10.05,77.05,DIGITAL_WALLET,TAKEAWAY,4,11
TXN104380,S003,2024-10-04,23:28,Friday,5,102.0,0.0,15.3,117.3,DIGITAL_WALLET,DINE_IN,5,9
TXN104381,S003,2024-10-04,16:21,Friday,3,70.0,0.0,10.5,80.5,CREDIT_CARD,DRIVE_THRU,4,4
TXN104382,S003,2024-10-04,19:05,Friday,1,10.0,0.0,1.5,11.5,MADA,DINE_IN,4,13
TXN104383,S003,2024-10-04,12:34,Friday,2,40.0,0.0,6.0,46.0,MADA,DINE_IN,5,12
TXN104384,S003,2024-10-04,11:50,Friday,2,43.0,0.0,6.45,49.45,CREDIT_CARD,DRIVE_THRU,5,5
TXN104385,S003,2024-10-04,20:26,Friday,3,52.0,0.0,7.8,59.8,CASH,DINE_IN,4,13
TXN104386,S003,2024-10-04,19:45,Friday,2,46.0,4.6,6.21,47.61,DIGITAL_WALLET,DINE_IN,4,9
TXN104387,S003,2024-10-04,13:16,Friday,1,10.0,0.0,1.5,11.5,MADA,DINE_IN,4,14
TXN104388,S003,2024-10-04,19:39,Friday,2,38.0,0.0,5.7,43.7,CASH,DINE_IN,5,15
TXN104389,S003,2024-10-04,12:50,Friday,4,66.0,0.0,9.9,75.9,DIGITAL_WALLET,DINE_IN,5,13
TXN104390,S003,2024-10-04,11:53,Friday,2,47.0,0.0,7.05,54.05,DIGITAL_WALLET,TAKEAWAY,3,12
TXN104391,S003,2024-10-04,19:43,Friday,2,43.0,0.0,6.45,49.45,CASH,TAKEAWAY,5,12
TXN104392,S003,2024-10-04,10:01,Friday,2,18.0,0.0,2.7,20.7,DEBIT_CARD,DINE_IN,4,15
TXN104393,S003,2024-10-04,15:45,Friday,3,32.0,0.0,4.8,36.8,CASH,DINE_IN,4,8
TXN104394,S003,2024-10-04,11:04,Friday,3,55.0,0.0,8.25,63.25,MADA,TAKEAWAY,3,7
TXN104395,S003,2024-10-04,18:39,Friday,2,27.0,0.0,4.05,31.05,CASH,DELIVERY,4,31
TXN104396,S003,2024-10-04,19:59,Friday,2,42.0,0.0,6.3,48.3,CASH,DINE_IN,1,11
TXN104397,S003,2024-10-04,12:16,Friday,4,66.0,0.0,9.9,75.9,DIGITAL_WALLET,DINE_IN,4,14
TXN104398,S003,2024-10-04,13:43,Friday,2,34.0,0.0,5.1,39.1,DEBIT_CARD,DELIVERY,4,28
TXN104399,S003,2024-10-04,12:50,Friday,2,38.0,0.0,5.7,43.7,CASH,DINE_IN,4,10
TXN104400,S003,2024-10-04,15:38,Friday,2,44.0,0.0,6.6,50.6,CASH,DRIVE_THRU,5,5
TXN104401,S003,2024-10-04,22:51,Friday,5,106.0,0.0,15.9,121.9,CREDIT_CARD,TAKEAWAY,4,12
TXN104402,S003,2024-10-04,13:10,Friday,4,78.0,0.0,11.7,89.7,DEBIT_CARD,DRIVE_THRU,3,4
TXN104403,S003,2024-10-04,17:51,Friday,3,43.0,0.0,6.45,49.45,CREDIT_CARD,DINE_IN,4,8
TXN104404,S003,2024-10-04,13:00,Friday,3,47.0,0.0,7.05,54.05,CASH,DELIVERY,5,25
TXN104405,S003,2024-10-04,18:18,Friday,1,12.0,0.0,1.8,13.8,MADA,TAKEAWAY,3,10
TXN104406,S003,2024-10-04,17:47,Friday,2,42.0,4.2,5.67,43.47,DIGITAL_WALLET,DRIVE_THRU,5,5
TXN104407,S003,2024-10-04,19:29,Friday,3,51.0,5.1,6.88,52.78,DEBIT_CARD,DRIVE_THRU,5,4
TXN104408,S003,2024-10-04,14:48,Friday,2,22.0,2.2,2.97,22.77,DIGITAL_WALLET,TAKEAWAY,4,5
TXN104409,S003,2024-10-04,10:23,Friday,2,38.0,0.0,5.7,43.7,CASH,DRIVE_THRU,5,3
TXN104410,S003,2024-10-04,19:55,Friday,2,22.0,0.0,3.3,25.3,DIGITAL_WALLET,TAKEAWAY,3,12
TXN104411,S003,2024-10-04,11:28,Friday,5,78.0,0.0,11.7,89.7,DEBIT_CARD,DRIVE_THRU,4,7
TXN104412,S003,2024-10-04,21:35,Friday,3,70.0,0.0,10.5,80.5,CREDIT_CARD,TAKEAWAY,5,10
TXN104413,S003,2024-10-04,15:47,Friday,2,42.0,0.0,6.3,48.3,DIGITAL_WALLET,DELIVERY,5,30
TXN104414,S003,2024-10-04,11:40,Friday,2,41.0,0.0,6.15,47.15,CREDIT_CARD,DINE_IN,4,15
TXN104415,S003,2024-10-04,12:17,Friday,4,73.0,0.0,10.95,83.95,DIGITAL_WALLET,DINE_IN,3,5
TXN104416,S003,2024-10-04,14:35,Friday,3,53.0,0.0,7.95,60.95,CREDIT_CARD,DELIVERY,4,21
TXN104417,S003,2024-10-04,21:42,Friday,4,82.0,8.2,11.07,84.87,CREDIT_CARD,TAKEAWAY,1,7
TXN104418,S003,2024-10-04,16:23,Friday,3,90.0,0.0,13.5,103.5,CREDIT_CARD,DINE_IN,4,14
TXN104419,S003,2024-10-04,13:41,Friday,4,79.0,0.0,11.85,90.85,CASH,DRIVE_THRU,3,4
TXN104420,S003,2024-10-04,17:34,Friday,3,48.0,0.0,7.2,55.2,MADA,TAKEAWAY,5,13
TXN104421,S003,2024-10-04,10:56,Friday,4,95.0,0.0,14.25,109.25,CREDIT_CARD,TAKEAWAY,2,11
TXN104422,S003,2024-10-04,16:32,Friday,3,30.0,0.0,4.5,34.5,DEBIT_CARD,DRIVE_THRU,5,6
TXN104423,S003,2024-10-04,12:07,Friday,4,71.0,0.0,10.65,81.65,CREDIT_CARD,DRIVE_THRU,5,3
TXN104424,S003,2024-10-04,19:04,Friday,3,61.0,0.0,9.15,70.15,DEBIT_CARD,DRIVE_THRU,2,7
TXN104425,S003,2024-10-04,23:36,Friday,5,84.0,0.0,12.6,96.6,CASH,DINE_IN,2,13
TXN104426,S003,2024-10-04,19:30,Friday,2,44.0,4.4,5.94,45.54,CREDIT_CARD,DINE_IN,3,11
TXN104427,S003,2024-10-04,13:44,Friday,3,73.0,7.3,9.86,75.56,CREDIT_CARD,DINE_IN,3,12
TXN104428,S003,2024-10-04,17:28,Friday,4,109.0,0.0,16.35,125.35,DIGITAL_WALLET,DELIVERY,4,37
TXN104429,S003,2024-10-04,11:05,Friday,3,72.0,0.0,10.8,82.8,CASH,DELIVERY,3,31
TXN104430,S003,2024-10-04,12:29,Friday,2,47.0,0.0,7.05,54.05,MADA,DINE_IN,1,10
TXN104431,S003,2024-10-04,12:59,Friday,1,32.0,0.0,4.8,36.8,CREDIT_CARD,DELIVERY,2,32
TXN104432,S003,2024-10-04,19:10,Friday,2,20.0,2.0,2.7,20.7,CREDIT_CARD,TAKEAWAY,5,7
TXN104433,S003,2024-10-04,09:36,Friday,3,58.0,0.0,8.7,66.7,CASH,DELIVERY,4,32
TXN104434,S003,2024-10-04,11:45,Friday,2,43.0,0.0,6.45,49.45,DIGITAL_WALLET,DRIVE_THRU,5,4
TXN104435,S003,2024-10-04,10:47,Friday,2,46.0,0.0,6.9,52.9,CASH,TAKEAWAY,5,8
TXN104436,S003,2024-10-04,18:56,Friday,4,62.0,6.2,8.37,64.17,DIGITAL_WALLET,DRIVE_THRU,4,5
TXN104437,S003,2024-10-04,22:02,Friday,2,43.0,0.0,6.45,49.45,CASH,TAKEAWAY,4,10
TXN104438,S003,2024-10-04,18:51,Friday,3,72.0,0.0,10.8,82.8,CREDIT_CARD,DINE_IN,4,12
TXN104439,S003,2024-10-04,12:55,Friday,4,97.0,0.0,14.55,111.55,CASH,DRIVE_THRU,4,8
TXN104440,S003,2024-10-04,18:26,Friday,2,48.0,4.8,6.48,49.68,DIGITAL_WALLET,DRIVE_THRU,5,7
TXN104441,S003,2024-10-04,21:23,Friday,3,58.0,0.0,8.7,66.7,DEBIT_CARD,DINE_IN,5,5
TXN104442,S003,2024-10-04,19:19,Friday,2,38.0,0.0,5.7,43.7,DEBIT_CARD,DINE_IN,3,9
TXN104443,S003,2024-10-04,14:15,Friday,3,50.0,5.0,6.75,51.75,CASH,DRIVE_THRU,4,8
TXN104444,S003,2024-10-04,20:23,Friday,4,58.0,0.0,8.7,66.7,DEBIT_CARD,DRIVE_THRU,2,7
TXN104445,S003,2024-10-04,11:41,Friday,4,96.0,9.6,12.96,99.36,DIGITAL_WALLET,DELIVERY,3,36
TXN104446,S003,2024-10-04,17:38,Friday,1,10.0,1.0,1.35,10.35,MADA,DINE_IN,5,10
TXN104447,S003,2024-10-04,09:21,Friday,2,28.0,0.0,4.2,32.2,DIGITAL_WALLET,TAKEAWAY,4,10
TXN104448,S003,2024-10-04,19:17,Friday,3,53.0,0.0,7.95,60.95,MADA,DELIVERY,5,39
TXN104449,S003,2024-10-04,18:22,Friday,3,30.0,0.0,4.5,34.5,DIGITAL_WALLET,DRIVE_THRU,1,3
TXN104450,S003,2024-10-04,12:35,Friday,5,115.0,0.0,17.25,132.25,DIGITAL_WALLET,TAKEAWAY,5,6
TXN104451,S003,2024-10-04,12:50,Friday,2,22.0,0.0,3.3,25.3,MADA,TAKEAWAY,5,10
TXN104452,S003,2024-10-04,12:55,Friday,2,28.0,0.0,4.2,32.2,MADA,DINE_IN,2,15
TXN104453,S003,2024-10-04,18:01,Friday,5,75.0,0.0,11.25,86.25,DEBIT_CARD,TAKEAWAY,5,9
TXN104454,S003,2024-10-04,12:28,Friday,3,73.0,0.0,10.95,83.95,CASH,DINE_IN,5,14
TXN104455,S003,2024-10-04,09:33,Friday,4,71.0,0.0,10.65,81.65,DIGITAL_WALLET,DELIVERY,4,24
TXN104456,S003,2024-10-04,19:26,Friday,1,25.0,0.0,3.75,28.75,CASH,TAKEAWAY,1,7
TXN104457,S003,2024-10-04,13:21,Friday,2,42.0,0.0,6.3,48.3,CREDIT_CARD,DELIVERY,5,34
TXN104458,S003,2024-10-04,14:11,Friday,3,53.0,0.0,7.95,60.95,DIGITAL_WALLET,DELIVERY,4,21
TXN104459,S003,2024-10-04,11:15,Friday,5,93.0,0.0,13.95,106.95,MADA,DINE_IN,4,14
TXN104460,S003,2024-10-04,12:48,Friday,4,75.0,7.5,10.12,77.62,MADA,DRIVE_THRU,5,6
TXN104461,S003,2024-10-04,18:22,Friday,3,86.0,0.0,12.9,98.9,DIGITAL_WALLET,DELIVERY,4,33
TXN104462,S003,2024-10-04,19:30,Friday,2,20.0,0.0,3.0,23.0,DIGITAL_WALLET,DRIVE_THRU,4,3
TXN104463,S003,2024-10-04,17:58,Friday,2,22.0,2.2,2.97,22.77,DEBIT_CARD,DRIVE_THRU,5,7
TXN104464,S003,2024-10-04,18:09,Friday,2,46.0,0.0,6.9,52.9,CREDIT_CARD,TAKEAWAY,3,7
TXN104465,S003,2024-10-04,17:40,Friday,2,57.0,0.0,8.55,65.55,CREDIT_CARD,DELIVERY,5,24
TXN104466,S003,2024-10-04,08:11,Friday,4,45.0,0.0,6.75,51.75,CASH,DINE_IN,5,14
TXN104467,S003,2024-10-04,19:33,Friday,1,10.0,0.0,1.5,11.5,CREDIT_CARD,DINE_IN,5,10
TXN104468,S003,2024-10-04,12:27,Friday,3,48.0,0.0,7.2,55.2,CASH,DRIVE_THRU,4,7
TXN104469,S003,2024-10-04,13:06,Friday,3,34.0,0.0,5.1,39.1,MADA,DRIVE_THRU,5,3
TXN104470,S003,2024-10-04,18:41,Friday,2,38.0,3.8,5.13,39.33,DIGITAL_WALLET,DINE_IN,4,5
TXN104471,S003,2024-10-04,18:31,Friday,2,35.0,0.0,5.25,40.25,DEBIT_CARD,DINE_IN,5,14
TXN104472,S003,2024-10-04,21:07,Friday,4,65.0,0.0,9.75,74.75,MADA,DELIVERY,4,40
TXN104473,S003,2024-10-04,13:51,Friday,2,27.0,0.0,4.05,31.05,MADA,TAKEAWAY,5,14
TXN104474,S003,2024-10-04,13:47,Friday,3,68.0,0.0,10.2,78.2,DEBIT_CARD,DRIVE_THRU,4,3
TXN104475,S003,2024-10-04,12:55,Friday,3,78.0,0.0,11.7,89.7,DIGITAL_WALLET,DELIVERY,5,23
TXN104476,S003,2024-10-04,20:16,Friday,1,30.0,0.0,4.5,34.5,CASH,TAKEAWAY,4,15
TXN104477,S003,2024-10-04,19:09,Friday,4,45.0,4.5,6.08,46.58,DIGITAL_WALLET,DINE_IN,5,15
TXN104478,S003,2024-10-04,11:06,Friday,3,79.0,0.0,11.85,90.85,CREDIT_CARD,TAKEAWAY,5,12
TXN104479,S003,2024-10-04,12:42,Friday,2,38.0,3.8,5.13,39.33,CREDIT_CARD,DINE_IN,4,9
TXN104480,S003,2024-10-04,12:04,Friday,2,24.0,0.0,3.6,27.6,DIGITAL_WALLET,DRIVE_THRU,4,3
TXN104481,S003,2024-10-04,11:18,Friday,3,66.0,0.0,9.9,75.9,DIGITAL_WALLET,TAKEAWAY,5,8
TXN104482,S003,2024-10-04,19:19,Friday,2,20.0,0.0,3.0,23.0,DIGITAL_WALLET,DELIVERY,4,26
TXN104483,S003,2024-10-04,10:06,Friday,4,54.0,0.0,8.1,62.1,CREDIT_CARD,TAKEAWAY,5,5
TXN104484,S003,2024-10-04,08:55,Friday,3,73.0,0.0,10.95,83.95,CASH,DINE_IN,4,15
TXN104485,S003,2024-10-04,13:32,Friday,3,57.0,0.0,8.55,65.55,CASH,DINE_IN,5,9
TXN104486,S003,2024-10-04,20:32,Friday,3,66.0,0.0,9.9,75.9,DIGITAL_WALLET,DRIVE_THRU,4,4
TXN104487,S003,2024-10-04,14:29,Friday,2,25.0,2.5,3.38,25.88,MADA,TAKEAWAY,3,11
TXN104488,S003,2024-10-04,19:05,Friday,2,62.0,0.0,9.3,71.3,CREDIT_CARD,TAKEAWAY,5,7
TXN104489,S003,2024-10-04,18:12,Friday,3,63.0,6.3,8.51,65.21,CREDIT_CARD,DINE_IN,5,15
TXN104490,S003,2024-10-04,17:47,Friday,2,50.0,0.0,7.5,57.5,DIGITAL_WALLET,DELIVERY,4,28
TXN104491,S003,2024-10-04,18:46,Friday,3,33.0,0.0,4.95,37.95,CREDIT_CARD,DRIVE_THRU,5,6
TXN104492,S003,2024-10-04,18:56,Friday,3,32.0,0.0,4.8,36.8,CASH,DELIVERY,4,26
TXN104493,S003,2024-10-04,18:11,Friday,2,18.0,0.0,2.7,20.7,CREDIT_CARD,DINE_IN,3,12
TXN104494,S003,2024-10-04,10:03,Friday,3,63.0,6.3,8.51,65.21,DIGITAL_WALLET,TAKEAWAY,4,7
TXN104495,S003,2024-10-04,16:19,Friday,3,66.0,0.0,9.9,75.9,DEBIT_CARD,DINE_IN,1,5
TXN104496,S003,2024-10-04,12:05,Friday,3,66.0,0.0,9.9,75.9,CREDIT_CARD,TAKEAWAY,4,8
TXN104497,S003,2024-10-04,18:34,Friday,2,30.0,0.0,4.5,34.5,CASH,DRIVE_THRU,5,4
TXN104498,S003,2024-10-04,19:41,Friday,5,112.0,0.0,16.8,128.8,CREDIT_CARD,TAKEAWAY,4,7
TXN104499,S003,2024-10-04,12:49,Friday,2,38.0,0.0,5.7,43.7,MADA,TAKEAWAY,3,15
TXN104500,S003,2024-10-04,11:27,Friday,4,96.0,0.0,14.4,110.4,DIGITAL_WALLET,TAKEAWAY,4,6
TXN104501,S003,2024-10-04,18:17,Friday,2,60.0,0.0,9.0,69.0,CASH,DRIVE_THRU,4,3
TXN104502,S003,2024-10-04,12:28,Friday,2,54.0,0.0,8.1,62.1,CREDIT_CARD,TAKEAWAY,3,13
TXN104503,S003,2024-10-04,14:32,Friday,2,56.0,0.0,8.4,64.4,MADA,TAKEAWAY,5,12
TXN104504,S003,2024-10-04,20:51,Friday,4,65.0,0.0,9.75,74.75,CREDIT_CARD,DELIVERY,5,27
TXN104505,S003,2024-10-04,14:36,Friday,4,65.0,0.0,9.75,74.75,DIGITAL_WALLET,DELIVERY,5,33
TXN104506,S003,2024-10-04,14:45,Friday,2,42.0,0.0,6.3,48.3,DEBIT_CARD,TAKEAWAY,5,13
TXN104507,S003,2024-10-04,13:14,Friday,2,22.0,0.0,3.3,25.3,MADA,DELIVERY,4,39
TXN104508,S003,2024-10-04,13:21,Friday,3,55.0,0.0,8.25,63.25,MADA,DRIVE_THRU,4,5
TXN104509,S003,2024-10-04,17:36,Friday,4,91.0,0.0,13.65,104.65,DEBIT_CARD,DELIVERY,4,25
TXN104510,S003,2024-10-04,13:54,Friday,2,40.0,0.0,6.0,46.0,DIGITAL_WALLET,DRIVE_THRU,4,7
TXN104511,S003,2024-10-04,17:58,Friday,1,15.0,0.0,2.25,17.25,CASH,DRIVE_THRU,4,6
TXN104512,S003,2024-10-04,12:10,Friday,3,66.0,0.0,9.9,75.9,CASH,DELIVERY,3,28
TXN104513,S003,2024-10-04,11:10,Friday,3,46.0,0.0,6.9,52.9,DEBIT_CARD,DELIVERY,5,20
TXN104514,S003,2024-10-04,17:49,Friday,4,68.0,0.0,10.2,78.2,MADA,DRIVE_THRU,5,4
TXN104515,S003,2024-10-04,18:15,Friday,2,53.0,0.0,7.95,60.95,DIGITAL_WALLET,DELIVERY,4,25
TXN104516,S003,2024-10-04,13:02,Friday,1,15.0,0.0,2.25,17.25,DEBIT_CARD,DELIVERY,4,29
TXN104517,S003,2024-10-04,17:13,Friday,3,68.0,0.0,10.2,78.2,DIGITAL_WALLET,DINE_IN,5,11
TXN104518,S003,2024-10-04,10:56,Friday,2,22.0,0.0,3.3,25.3,DEBIT_CARD,DINE_IN,2,11
TXN104519,S003,2024-10-04,08:01,Friday,3,57.0,0.0,8.55,65.55,CASH,DELIVERY,3,22
TXN104520,S003,2024-10-04,14:25,Friday,1,10.0,0.0,1.5,11.5,DEBIT_CARD,DELIVERY,4,34
TXN104521,S003,2024-10-04,18:05,Friday,3,67.0,0.0,10.05,77.05,DIGITAL_WALLET,TAKEAWAY,4,10
TXN104522,S003,2024-10-04,19:23,Friday,2,43.0,0.0,6.45,49.45,DEBIT_CARD,DRIVE_THRU,4,5
TXN104523,S003,2024-10-04,12:55,Friday,3,63.0,0.0,9.45,72.45,MADA,TAKEAWAY,4,11
TXN104524,S003,2024-10-04,19:34,Friday,3,54.0,0.0,8.1,62.1,DEBIT_CARD,DINE_IN,4,9
TXN104525,S003,2024-10-04,18:12,Friday,3,63.0,0.0,9.45,72.45,DEBIT_CARD,DINE_IN,3,11
TXN104526,S003,2024-10-04,12:36,Friday,4,84.0,0.0,12.6,96.6,MADA,DRIVE_THRU,5,7
TXN104527,S003,2024-10-04,18:18,Friday,2,44.0,0.0,6.6,50.6,CREDIT_CARD,DELIVERY,5,30
TXN104528,S003,2024-10-04,13:28,Friday,3,58.0,0.0,8.7,66.7,DEBIT_CARD,TAKEAWAY,4,13
TXN104529,S003,2024-10-04,16:15,Friday,1,12.0,0.0,1.8,13.8,DIGITAL_WALLET,DELIVERY,4,36
TXN104530,S003,2024-10-04,22:28,Friday,3,32.0,0.0,4.8,36.8,CASH,DELIVERY,3,32
TXN104531,S003,2024-10-04,16:30,Friday,5,96.0,0.0,14.4,110.4,CREDIT_CARD,DELIVERY,5,32
TXN104532,S003,2024-10-04,15:29,Friday,1,15.0,0.0,2.25,17.25,DEBIT_CARD,TAKEAWAY,4,6
TXN104533,S003,2024-10-04,19:01,Friday,4,73.0,0.0,10.95,83.95,MADA,DELIVERY,5,26
TXN104534,S003,2024-10-04,17:47,Friday,3,45.0,0.0,6.75,51.75,DEBIT_CARD,DINE_IN,4,11
TXN104535,S003,2024-10-04,13:17,Friday,4,45.0,0.0,6.75,51.75,CASH,TAKEAWAY,4,8
TXN104536,S003,2024-10-04,17:05,Friday,5,105.0,0.0,15.75,120.75,MADA,DELIVERY,4,29
TXN104537,S003,2024-10-04,19:16,Friday,3,66.0,0.0,9.9,75.9,DEBIT_CARD,DELIVERY,4,24
TXN104538,S003,2024-10-04,15:26,Friday,1,18.0,0.0,2.7,20.7,DIGITAL_WALLET,DRIVE_THRU,4,5
TXN104539,S003,2024-10-04,20:29,Friday,2,50.0,0.0,7.5,57.5,CASH,DELIVERY,4,20
TXN104540,S003,2024-10-04,12:34,Friday,2,36.0,0.0,5.4,41.4,DIGITAL_WALLET,DINE_IN,5,5
TXN104541,S003,2024-10-04,17:41,Friday,2,22.0,0.0,3.3,25.3,DIGITAL_WALLET,DELIVERY,2,26
TXN104542,S003,2024-10-04,18:43,Friday,3,56.0,0.0,8.4,64.4,DIGITAL_WALLET,TAKEAWAY,5,12
TXN104543,S003,2024-10-04,18:19,Friday,4,89.0,0.0,13.35,102.35,CASH,TAKEAWAY,3,11
TXN104544,S003,2024-10-04,19:47,Friday,4,67.0,0.0,10.05,77.05,CREDIT_CARD,TAKEAWAY,3,13
TXN104545,S003,2024-10-04,11:00,Friday,4,76.0,0.0,11.4,87.4,MADA,TAKEAWAY,4,14
TXN104546,S003,2024-10-04,12:25,Friday,2,43.0,0.0,6.45,49.45,CASH,DELIVERY,4,29
TXN104547,S003,2024-10-04,13:51,Friday,2,43.0,0.0,6.45,49.45,DEBIT_CARD,DINE_IN,3,15
TXN104548,S003,2024-10-04,15:10,Friday,1,8.0,0.0,1.2,9.2,CASH,DRIVE_THRU,5,7
TXN104549,S003,2024-10-04,12:16,Friday,4,80.0,0.0,12.0,92.0,MADA,DRIVE_THRU,5,5
TXN104550,S003,2024-10-04,12:24,Friday,2,37.0,0.0,5.55,42.55,MADA,TAKEAWAY,4,14
TXN104551,S003,2024-10-04,10:59,Friday,1,26.0,0.0,3.9,29.9,CREDIT_CARD,DINE_IN,5,10
TXN104552,S003,2024-10-04,12:19,Friday,1,25.0,0.0,3.75,28.75,CASH,DELIVERY,5,30
TXN104553,S003,2024-10-04,16:17,Friday,3,53.0,0.0,7.95,60.95,CASH,DRIVE_THRU,4,8
TXN104554,S003,2024-10-04,21:36,Friday,3,52.0,0.0,7.8,59.8,DEBIT_CARD,TAKEAWAY,5,14
TXN104555,S003,2024-10-04,13:09,Friday,1,8.0,0.0,1.2,9.2,DEBIT_CARD,TAKEAWAY,4,11
TXN104556,S003,2024-10-04,11:55,Friday,4,66.0,6.6,8.91,68.31,DIGITAL_WALLET,DELIVERY,2,26
TXN104557,S003,2024-10-04,11:19,Friday,1,12.0,0.0,1.8,13.8,DIGITAL_WALLET,DRIVE_THRU,5,8
TXN104558,S003,2024-10-04,14:52,Friday,2,37.0,0.0,5.55,42.55,DEBIT_CARD,DELIVERY,4,22
TXN104559,S003,2024-10-04,12:42,Friday,4,78.0,0.0,11.7,89.7,CREDIT_CARD,TAKEAWAY,4,15
TXN104560,S003,2024-10-04,10:55,Friday,3,52.0,0.0,7.8,59.8,MADA,DINE_IN,5,15
TXN104561,S003,2024-10-04,12:21,Friday,5,83.0,0.0,12.45,95.45,DIGITAL_WALLET,DRIVE_THRU,5,7
TXN104562,S003,2024-10-04,18:27,Friday,4,60.0,6.0,8.1,62.1,CREDIT_CARD,DELIVERY,5,34
TXN104563,S003,2024-10-04,19:54,Friday,1,10.0,0.0,1.5,11.5,CASH,TAKEAWAY,5,14
TXN104564,S003,2024-10-04,11:55,Friday,3,46.0,0.0,6.9,52.9,CREDIT_CARD,DELIVERY,2,31
TXN104565,S003,2024-10-04,18:20,Friday,4,83.0,8.3,11.21,85.91,MADA,DINE_IN,5,15
TXN104566,S003,2024-10-04,14:06,Friday,3,38.0,0.0,5.7,43.7,DIGITAL_WALLET,DRIVE_THRU,4,3
TXN104567,S003,2024-10-04,12:20,Friday,3,70.0,0.0,10.5,80.5,MADA,DELIVERY,4,24
TXN104568,S003,2024-10-04,17:44,Friday,2,40.0,4.0,5.4,41.4,CREDIT_CARD,DRIVE_THRU,3,5
TXN104569,S003,2024-10-04,21:03,Friday,5,88.0,0.0,13.2,101.2,MADA,DINE_IN,5,8
TXN104570,S003,2024-10-04,19:40,Friday,3,68.0,0.0,10.2,78.2,CREDIT_CARD,TAKEAWAY,3,10
TXN104571,S003,2024-10-04,18:49,Friday,3,35.0,0.0,5.25,40.25,MADA,DELIVERY,4,31
TXN104572,S003,2024-10-04,13:22,Friday,3,50.0,0.0,7.5,57.5,CREDIT_CARD,DRIVE_THRU,4,5
TXN104573,S003,2024-10-04,12:01,Friday,3,50.0,0.0,7.5,57.5,DEBIT_CARD,TAKEAWAY,4,13
TXN104574,S003,2024-10-04,20:50,Friday,4,68.0,0.0,10.2,78.2,MADA,DRIVE_THRU,4,7
TXN104575,S003,2024-10-04,12:43,Friday,4,51.0,0.0,7.65,58.65,MADA,DELIVERY,4,40
TXN104576,S003,2024-10-04,18:01,Friday,4,76.0,0.0,11.4,87.4,DIGITAL_WALLET,TAKEAWAY,1,8
TXN104577,S003,2024-10-04,20:28,Friday,1,8.0,0.0,1.2,9.2,MADA,TAKEAWAY,4,12
TXN104578,S003,2024-10-04,19:03,Friday,4,74.0,0.0,11.1,85.1,CREDIT_CARD,DINE_IN,4,14
TXN104579,S003,2024-10-04,20:56,Friday,3,73.0,7.3,9.86,75.56,DIGITAL_WALLET,DELIVERY,5,28
TXN104580,S003,2024-10-04,15:31,Friday,2,54.0,0.0,8.1,62.1,DEBIT_CARD,DELIVERY,1,35
TXN104581,S003,2024-10-04,12:06,Friday,3,58.0,0.0,8.7,66.7,CASH,DINE_IN,2,5
TXN104582,S003,2024-10-04,19:48,Friday,2,44.0,0.0,6.6,50.6,CASH,TAKEAWAY,4,15
TXN104583,S003,2024-10-04,12:08,Friday,4,77.0,0.0,11.55,88.55,DEBIT_CARD,TAKEAWAY,2,5
TXN104584,S003,2024-10-04,16:36,Friday,2,38.0,0.0,5.7,43.7,DEBIT_CARD,DRIVE_THRU,5,8
TXN104585,S003,2024-10-04,09:15,Friday,2,42.0,4.2,5.67,43.47,CASH,DINE_IN,5,6
TXN104586,S003,2024-10-04,18:33,Friday,2,42.0,0.0,6.3,48.3,MADA,DINE_IN,2,12
TXN104587,S003,2024-10-04,13:51,Friday,3,70.0,0.0,10.5,80.5,MADA,TAKEAWAY,2,9
TXN104588,S003,2024-10-04,12:54,Friday,3,59.0,0.0,8.85,67.85,CREDIT_CARD,DELIVERY,4,28
TXN104589,S003,2024-10-04,23:30,Friday,2,43.0,0.0,6.45,49.45,CASH,TAKEAWAY,4,15
TXN104590,S003,2024-10-04,12:58,Friday,3,52.0,5.2,7.02,53.82,CASH,DINE_IN,2,12
TXN104591,S003,2024-10-04,12:38,Friday,1,12.0,0.0,1.8,13.8,MADA,DINE_IN,5,15
TXN104592,S003,2024-10-04,11:03,Friday,3,52.0,0.0,7.8,59.8,DIGITAL_WALLET,DELIVERY,4,31
TXN104593,S003,2024-10-04,15:23,Friday,3,70.0,0.0,10.5,80.5,DIGITAL_WALLET,DELIVERY,5,28
TXN104594,S003,2024-10-04,19:59,Friday,3,78.0,0.0,11.7,89.7,MADA,DRIVE_THRU,5,6
TXN104595,S003,2024-10-04,17:34,Friday,3,51.0,0.0,7.65,58.65,CASH,DINE_IN,4,8
TXN104596,S003,2024-10-04,12:56,Friday,2,43.0,0.0,6.45,49.45,CREDIT_CARD,DINE_IN,5,5
TXN104597,S003,2024-10-04,08:09,Friday,2,22.0,0.0,3.3,25.3,DIGITAL_WALLET,DELIVERY,3,39
TXN104598,S003,2024-10-04,14:18,Friday,4,85.0,0.0,12.75,97.75,CASH,DINE_IN,4,7
TXN104599,S003,2024-10-04,19:40,Friday,2,40.0,0.0,6.0,46.0,CASH,TAKEAWAY,5,7
TXN104600,S003,2024-10-04,22:14,Friday,3,46.0,0.0,6.9,52.9,DEBIT_CARD,DINE_IN,4,13
TXN104601,S003,2024-10-04,19:56,Friday,3,68.0,0.0,10.2,78.2,DEBIT_CARD,DELIVERY,5,27
TXN104602,S003,2024-10-04,10:20,Friday,3,48.0,4.8,6.48,49.68,CREDIT_CARD,TAKEAWAY,3,11
TXN104603,S003,2024-10-04,16:00,Friday,3,56.0,0.0,8.4,64.4,DIGITAL_WALLET,DRIVE_THRU,5,4
TXN104604,S003,2024-10-04,11:09,Friday,4,84.0,8.4,11.34,86.94,DIGITAL_WALLET,DINE_IN,5,13
TXN104605,S003,2024-10-04,14:41,Friday,3,72.0,0.0,10.8,82.8,CREDIT_CARD,DELIVERY,5,29
TXN104606,S003,2024-10-04,14:36,Friday,2,24.0,0.0,3.6,27.6,CREDIT_CARD,DELIVERY,3,34
TXN104607,S003,2024-10-04,14:24,Friday,3,42.0,0.0,6.3,48.3,CREDIT_CARD,DELIVERY,3,40
TXN104608,S003,2024-10-04,20:02,Friday,2,38.0,0.0,5.7,43.7,DIGITAL_WALLET,DINE_IN,3,15
TXN104609,S003,2024-10-04,19:56,Friday,3,50.0,0.0,7.5,57.5,CASH,DELIVERY,5,23
TXN104610,S003,2024-10-04,18:24,Friday,3,68.0,0.0,10.2,78.2,DEBIT_CARD,TAKEAWAY,5,7
TXN104611,S003,2024-10-04,13:37,Friday,3,52.0,0.0,7.8,59.8,MADA,DELIVERY,5,40
TXN104612,S003,2024-10-04,19:14,Friday,4,80.0,0.0,12.0,92.0,MADA,DINE_IN,4,13
TXN104613,S003,2024-10-04,19:32,Friday,1,10.0,0.0,1.5,11.5,DIGITAL_WALLET,TAKEAWAY,2,8
TXN104614,S003,2024-10-04,09:59,Friday,3,70.0,0.0,10.5,80.5,CREDIT_CARD,DELIVERY,5,28
TXN104615,S003,2024-10-04,19:13,Friday,3,33.0,3.3,4.46,34.16,MADA,TAKEAWAY,4,15
TXN104616,S003,2024-10-04,20:58,Friday,2,38.0,0.0,5.7,43.7,DEBIT_CARD,DINE_IN,5,12
TXN104617,S003,2024-10-04,13:06,Friday,4,95.0,0.0,14.25,109.25,DEBIT_CARD,TAKEAWAY,4,14
TXN104618,S003,2024-10-04,18:08,Friday,2,55.0,0.0,8.25,63.25,CASH,DRIVE_THRU,4,5
TXN104619,S003,2024-10-04,11:43,Friday,2,28.0,2.8,3.78,28.98,DEBIT_CARD,DELIVERY,4,24
TXN104620,S003,2024-10-04,13:28,Friday,3,72.0,0.0,10.8,82.8,CREDIT_CARD,DELIVERY,4,24
TXN104621,S003,2024-10-04,18:53,Friday,3,39.0,0.0,5.85,44.85,CASH,DELIVERY,5,39
TXN104622,S003,2024-10-04,14:55,Friday,3,52.0,0.0,7.8,59.8,CREDIT_CARD,DRIVE_THRU,4,7
TXN104623,S003,2024-10-04,14:51,Friday,2,47.0,0.0,7.05,54.05,CASH,TAKEAWAY,4,12
TXN104624,S003,2024-10-04,11:23,Friday,3,46.0,0.0,6.9,52.9,DEBIT_CARD,TAKEAWAY,2,15
TXN104625,S003,2024-10-04,19:00,Friday,3,47.0,0.0,7.05,54.05,MADA,DINE_IN,4,11
TXN104626,S003,2024-10-04,13:29,Friday,3,70.0,0.0,10.5,80.5,CASH,DRIVE_THRU,4,3
TXN104627,S003,2024-10-04,16:49,Friday,2,28.0,0.0,4.2,32.2,CREDIT_CARD,DRIVE_THRU,5,5
TXN104628,S003,2024-10-04,12:52,Friday,5,93.0,0.0,13.95,106.95,DEBIT_CARD,DRIVE_THRU,4,6
TXN104629,S003,2024-10-04,14:53,Friday,2,47.0,0.0,7.05,54.05,CASH,DINE_IN,5,14
TXN104630,S003,2024-10-04,18:02,Friday,3,49.0,0.0,7.35,56.35,MADA,DINE_IN,5,14
TXN104631,S003,2024-10-04,16:41,Friday,2,18.0,0.0,2.7,20.7,MADA,DINE_IN,5,7
TXN104632,S003,2024-10-04,15:04,Friday,2,22.0,0.0,3.3,25.3,DEBIT_CARD,TAKEAWAY,5,10
TXN104633,S003,2024-10-04,12:53,Friday,3,62.0,0.0,9.3,71.3,DIGITAL_WALLET,DELIVERY,1,36
TXN104634,S003,2024-10-04,08:12,Friday,1,8.0,0.0,1.2,9.2,CREDIT_CARD,DRIVE_THRU,4,3
TXN104635,S003,2024-10-04,19:16,Friday,4,53.0,0.0,7.95,60.95,DEBIT_CARD,DINE_IN,3,14
TXN104636,S003,2024-10-04,12:26,Friday,2,41.0,0.0,6.15,47.15,MADA,TAKEAWAY,5,13
TXN104637,S003,2024-10-04,08:10,Friday,2,25.0,0.0,3.75,28.75,DIGITAL_WALLET,DINE_IN,5,13
TXN104638,S003,2024-10-04,08:37,Friday,3,52.0,0.0,7.8,59.8,MADA,DINE_IN,1,8
TXN104639,S003,2024-10-04,08:21,Friday,4,58.0,0.0,8.7,66.7,MADA,TAKEAWAY,5,15
TXN104640,S003,2024-10-04,19:09,Friday,1,30.0,3.0,4.05,31.05,CASH,DINE_IN,5,13
TXN104641,S003,2024-10-04,10:48,Friday,3,48.0,0.0,7.2,55.2,MADA,TAKEAWAY,4,15
TXN104642,S003,2024-10-04,13:07,Friday,2,42.0,0.0,6.3,48.3,CASH,DINE_IN,4,15
TXN104643,S003,2024-10-04,20:29,Friday,3,56.0,0.0,8.4,64.4,MADA,DELIVERY,5,24
TXN104644,S003,2024-10-04,18:26,Friday,2,38.0,0.0,5.7,43.7,CREDIT_CARD,TAKEAWAY,3,14
TXN104645,S003,2024-10-04,19:40,Friday,4,59.0,0.0,8.85,67.85,CASH,DINE_IN,4,8
TXN104646,S003,2024-10-04,21:23,Friday,2,18.0,0.0,2.7,20.7,CREDIT_CARD,DRIVE_THRU,4,8
TXN104647,S003,2024-10-04,12:33,Friday,4,85.0,0.0,12.75,97.75,MADA,TAKEAWAY,4,5
TXN104648,S003,2024-10-04,18:09,Friday,3,75.0,0.0,11.25,86.25,CASH,DELIVERY,2,34
TXN104649,S003,2024-10-04,17:40,Friday,3,66.0,0.0,9.9,75.9,MADA,DINE_IN,4,9
TXN104650,S003,2024-10-04,20:05,Friday,4,70.0,0.0,10.5,80.5,MADA,DELIVERY,4,36
TXN104651,S003,2024-10-04,13:47,Friday,3,71.0,0.0,10.65,81.65,MADA,DRIVE_THRU,4,7
TXN104652,S003,2024-10-04,20:33,Friday,5,84.0,0.0,12.6,96.6,CASH,DINE_IN,4,5
TXN104653,S003,2024-10-04,11:57,Friday,3,52.0,0.0,7.8,59.8,CREDIT_CARD,DRIVE_THRU,4,8
TXN104654,S003,2024-10-04,19:55,Friday,3,46.0,0.0,6.9,52.9,MADA,DINE_IN,1,10
TXN104655,S003,2024-10-04,18:35,Friday,2,45.0,0.0,6.75,51.75,DEBIT_CARD,DRIVE_THRU,4,8
TXN104656,S003,2024-10-04,22:18,Friday,4,76.0,0.0,11.4,87.4,DEBIT_CARD,DINE_IN,4,5
TXN104657,S003,2024-10-04,13:41,Friday,3,63.0,0.0,9.45,72.45,CASH,DELIVERY,5,35
TXN104658,S003,2024-10-04,18:57,Friday,2,33.0,0.0,4.95,37.95,DEBIT_CARD,TAKEAWAY,4,5
TXN104659,S003,2024-10-04,21:34,Friday,2,38.0,0.0,5.7,43.7,MADA,DINE_IN,5,6
TXN104660,S003,2024-10-04,19:43,Friday,1,10.0,0.0,1.5,11.5,DIGITAL_WALLET,DRIVE_THRU,4,6
TXN104661,S003,2024-10-04,13:49,Friday,3,61.0,0.0,9.15,70.15,CREDIT_CARD,DINE_IN,5,7
TXN104662,S003,2024-10-04,12:20,Friday,4,52.0,0.0,7.8,59.8,DIGITAL_WALLET,DRIVE_THRU,5,6
TXN104663,S003,2024-10-04,13:28,Friday,2,20.0,0.0,3.0,23.0,MADA,TAKEAWAY,4,11
TXN104664,S003,2024-10-04,19:23,Friday,1,15.0,0.0,2.25,17.25,DEBIT_CARD,TAKEAWAY,4,15
TXN104665,S003,2024-10-04,14:55,Friday,5,110.0,11.0,14.85,113.85,DEBIT_CARD,DELIVERY,4,40
TXN104666,S003,2024-10-04,13:54,Friday,2,37.0,0.0,5.55,42.55,DEBIT_CARD,DRIVE_THRU,4,8
TXN104667,S003,2024-10-04,18:32,Friday,2,40.0,0.0,6.0,46.0,CASH,DELIVERY,4,30
TXN104668,S003,2024-10-04,18:24,Friday,2,42.0,4.2,5.67,43.47,MADA,DELIVERY,5,22
TXN104669,S003,2024-10-04,17:37,Friday,2,62.0,0.0,9.3,71.3,DIGITAL_WALLET,DELIVERY,5,31
TXN104670,S003,2024-10-04,13:17,Friday,2,26.0,0.0,3.9,29.9,CREDIT_CARD,DRIVE_THRU,5,8
TXN104671,S003,2024-10-04,12:04,Friday,3,42.0,0.0,6.3,48.3,CASH,DINE_IN,5,11
TXN104672,S003,2024-10-04,14:50,Friday,3,73.0,0.0,10.95,83.95,MADA,DINE_IN,5,13
TXN104673,S003,2024-10-04,13:09,Friday,3,70.0,0.0,10.5,80.5,DEBIT_CARD,TAKEAWAY,4,14
TXN104674,S003,2024-10-04,12:40,Friday,2,27.0,0.0,4.05,31.05,MADA,DRIVE_THRU,5,6
TXN104675,S003,2024-10-04,11:40,Friday,3,30.0,0.0,4.5,34.5,DIGITAL_WALLET,DELIVERY,5,30
TXN104676,S003,2024-10-04,17:03,Friday,3,80.0,0.0,12.0,92.0,DEBIT_CARD,DRIVE_THRU,5,8
TXN104677,S003,2024-10-04,14:36,Friday,3,50.0,0.0,7.5,57.5,CASH,DRIVE_THRU,5,3
TXN104678,S003,2024-10-04,13:44,Friday,4,87.0,0.0,13.05,100.05,DEBIT_CARD,DELIVERY,5,37
TXN104679,S003,2024-10-04,19:28,Friday,3,38.0,0.0,5.7,43.7,CASH,DRIVE_THRU,4,3
TXN104680,S003,2024-10-04,12:31,Friday,3,74.0,0.0,11.1,85.1,CREDIT_CARD,DELIVERY,4,29
TXN104681,S003,2024-10-04,11:47,Friday,2,35.0,0.0,5.25,40.25,CREDIT_CARD,DRIVE_THRU,3,5
TXN104682,S003,2024-10-04,18:03,Friday,5,91.0,9.1,12.29,94.19,CASH,TAKEAWAY,5,12
TXN104683,S003,2024-10-04,13:13,Friday,2,43.0,0.0,6.45,49.45,DIGITAL_WALLET,DRIVE_THRU,3,8
TXN104684,S003,2024-10-04,10:13,Friday,1,25.0,0.0,3.75,28.75,CASH,DRIVE_THRU,4,3
TXN104685,S003,2024-10-04,10:24,Friday,1,12.0,0.0,1.8,13.8,DIGITAL_WALLET,DRIVE_THRU,5,5
TXN104686,S003,2024-10-04,12:17,Friday,3,69.0,0.0,10.35,79.35,CREDIT_CARD,DRIVE_THRU,5,6
TXN104687,S003,2024-10-04,13:45,Friday,3,52.0,0.0,7.8,59.8,DIGITAL_WALLET,DINE_IN,5,10
TXN104688,S003,2024-10-04,12:23,Friday,3,87.0,0.0,13.05,100.05,CASH,TAKEAWAY,3,8
TXN104689,S003,2024-10-04,18:59,Friday,3,65.0,0.0,9.75,74.75,CREDIT_CARD,TAKEAWAY,2,7
TXN104690,S003,2024-10-04,19:15,Friday,2,24.0,0.0,3.6,27.6,CREDIT_CARD,DELIVERY,2,30
TXN104691,S003,2024-10-04,20:59,Friday,2,58.0,0.0,8.7,66.7,CASH,DINE_IN,5,14
TXN104692,S003,2024-10-04,08:17,Friday,2,26.0,0.0,3.9,29.9,DEBIT_CARD,DRIVE_THRU,3,3
TXN104693,S003,2024-10-04,16:02,Friday,4,71.0,0.0,10.65,81.65,DEBIT_CARD,TAKEAWAY,4,10
TXN104694,S003,2024-10-04,18:04,Friday,3,59.0,0.0,8.85,67.85,MADA,TAKEAWAY,4,11
TXN104695,S003,2024-10-04,18:02,Friday,1,10.0,0.0,1.5,11.5,DIGITAL_WALLET,DRIVE_THRU,5,4
TXN104696,S003,2024-10-04,20:00,Friday,3,51.0,0.0,7.65,58.65,CASH,DELIVERY,1,28
TXN104697,S003,2024-10-04,15:58,Friday,2,44.0,0.0,6.6,50.6,CASH,DELIVERY,4,32
TXN104698,S003,2024-10-04,13:20,Friday,3,58.0,0.0,8.7,66.7,DEBIT_CARD,TAKEAWAY,5,12
TXN104699,S003,2024-10-04,19:47,Friday,3,66.0,0.0,9.9,75.9,CREDIT_CARD,DINE_IN,4,5
TXN104700,S003,2024-10-04,10:15,Friday,3,78.0,0.0,11.7,89.7,MADA,TAKEAWAY,5,6
TXN104701,S003,2024-10-04,19:15,Friday,2,40.0,0.0,6.0,46.0,CASH,DELIVERY,5,24
TXN104702,S003,2024-10-04,19:53,Friday,2,47.0,0.0,7.05,54.05,CREDIT_CARD,DRIVE_THRU,3,6
TXN104703,S003,2024-10-04,18:58,Friday,5,123.0,0.0,18.45,141.45,DEBIT_CARD,DRIVE_THRU,3,8
TXN104704,S003,2024-10-04,18:10,Friday,2,54.0,0.0,8.1,62.1,CREDIT_CARD,DINE_IN,1,6
TXN104705,S003,2024-10-04,12:28,Friday,3,52.0,0.0,7.8,59.8,CREDIT_CARD,DELIVERY,5,30
TXN104706,S003,2024-10-04,10:37,Friday,4,90.0,0.0,13.5,103.5,CREDIT_CARD,DELIVERY,5,23
TXN104707,S003,2024-10-04,18:31,Friday,5,89.0,0.0,13.35,102.35,DIGITAL_WALLET,TAKEAWAY,4,13
TXN104708,S003,2024-10-04,19:57,Friday,4,50.0,0.0,7.5,57.5,CASH,DELIVERY,1,26
TXN104709,S003,2024-10-04,08:29,Friday,1,28.0,0.0,4.2,32.2,CREDIT_CARD,TAKEAWAY,2,12
TXN104710,S004,2024-10-04,20:46,Friday,5,95.0,0.0,14.25,109.25,CREDIT_CARD,TAKEAWAY,3,7
TXN104711,S004,2024-10-04,13:51,Friday,3,38.0,0.0,5.7,43.7,DIGITAL_WALLET,DRIVE_THRU,4,8
TXN104712,S004,2024-10-04,12:19,Friday,2,34.0,3.4,4.59,35.19,DIGITAL_WALLET,DRIVE_THRU,4,4
TXN104713,S004,2024-10-04,12:10,Friday,4,80.0,0.0,12.0,92.0,DEBIT_CARD,DRIVE_THRU,5,4
TXN104714,S004,2024-10-04,13:01,Friday,2,24.0,2.4,3.24,24.84,MADA,DELIVERY,5,21
TXN104715,S004,2024-10-04,19:43,Friday,1,25.0,0.0,3.75,28.75,CREDIT_CARD,DELIVERY,4,25
TXN104716,S004,2024-10-04,12:09,Friday,2,25.0,0.0,3.75,28.75,CASH,DRIVE_THRU,4,4
TXN104717,S004,2024-10-04,20:44,Friday,3,68.0,0.0,10.2,78.2,MADA,DRIVE_THRU,3,6
TXN104718,S004,2024-10-04,13:22,Friday,4,66.0,0.0,9.9,75.9,DIGITAL_WALLET,DELIVERY,5,22
TXN104719,S004,2024-10-04,19:51,Friday,4,78.0,0.0,11.7,89.7,DEBIT_CARD,DELIVERY,4,31
TXN104720,S004,2024-10-04,18:03,Friday,3,48.0,0.0,7.2,55.2,CREDIT_CARD,DRIVE_THRU,1,6
TXN104721,S004,2024-10-04,08:26,Friday,4,80.0,0.0,12.0,92.0,DEBIT_CARD,TAKEAWAY,5,9
TXN104722,S004,2024-10-04,15:40,Friday,4,101.0,0.0,15.15,116.15,DEBIT_CARD,TAKEAWAY,5,5
TXN104723,S004,2024-10-04,17:49,Friday,2,38.0,0.0,5.7,43.7,DIGITAL_WALLET,DINE_IN,5,10
TXN104724,S004,2024-10-04,19:43,Friday,3,47.0,0.0,7.05,54.05,CASH,DINE_IN,5,5
TXN104725,S004,2024-10-04,20:55,Friday,2,25.0,0.0,3.75,28.75,DEBIT_CARD,DINE_IN,3,15
TXN104726,S004,2024-10-04,14:26,Friday,4,79.0,0.0,11.85,90.85,DEBIT_CARD,TAKEAWAY,4,5
TXN104727,S004,2024-10-04,12:27,Friday,4,91.0,0.0,13.65,104.65,CREDIT_CARD,DINE_IN,4,9
TXN104728,S004,2024-10-04,19:46,Friday,2,27.0,2.7,3.65,27.95,CREDIT_CARD,DELIVERY,5,26
TXN104729,S004,2024-10-04,15:22,Friday,2,35.0,0.0,5.25,40.25,CASH,DINE_IN,4,10
TXN104730,S004,2024-10-04,18:59,Friday,3,70.0,0.0,10.5,80.5,DEBIT_CARD,DRIVE_THRU,5,3
TXN104731,S004,2024-10-04,19:11,Friday,2,36.0,0.0,5.4,41.4,DIGITAL_WALLET,DELIVERY,4,29
TXN104732,S004,2024-10-04,14:29,Friday,1,12.0,0.0,1.8,13.8,DIGITAL_WALLET,DELIVERY,4,36
TXN104733,S004,2024-10-04,14:59,Friday,4,62.0,0.0,9.3,71.3,CASH,DINE_IN,5,6
TXN104734,S004,2024-10-04,12:53,Friday,5,86.0,0.0,12.9,98.9,CASH,DINE_IN,5,12
TXN104735,S004,2024-10-04,13:37,Friday,3,65.0,0.0,9.75,74.75,CASH,DINE_IN,4,8
TXN104736,S004,2024-10-04,18:46,Friday,4,97.0,0.0,14.55,111.55,MADA,DRIVE_THRU,1,6
TXN104737,S004,2024-10-04,13:56,Friday,2,58.0,5.8,7.83,60.03,CASH,DELIVERY,5,26
TXN104738,S004,2024-10-04,11:51,Friday,2,58.0,5.8,7.83,60.03,MADA,TAKEAWAY,4,5
TXN104739,S004,2024-10-04,13:00,Friday,4,79.0,0.0,11.85,90.85,MADA,DRIVE_THRU,4,3
TXN104740,S004,2024-10-04,13:01,Friday,3,83.0,0.0,12.45,95.45,DIGITAL_WALLET,DINE_IN,5,6
TXN104741,S004,2024-10-04,13:14,Friday,3,52.0,0.0,7.8,59.8,CASH,TAKEAWAY,3,12
TXN104742,S004,2024-10-04,19:16,Friday,2,28.0,0.0,4.2,32.2,CASH,DINE_IN,4,15
TXN104743,S004,2024-10-04,19:20,Friday,1,25.0,0.0,3.75,28.75,DIGITAL_WALLET,DRIVE_THRU,5,5
TXN104744,S004,2024-10-04,12:54,Friday,3,52.0,0.0,7.8,59.8,CREDIT_CARD,DRIVE_THRU,1,4
TXN104745,S004,2024-10-04,13:02,Friday,3,61.0,0.0,9.15,70.15,CASH,TAKEAWAY,5,5
TXN104746,S004,2024-10-04,19:27,Friday,3,66.0,0.0,9.9,75.9,DIGITAL_WALLET,DINE_IN,3,5
TXN104747,S004,2024-10-04,20:37,Friday,3,58.0,0.0,8.7,66.7,MADA,DINE_IN,5,9
TXN104748,S004,2024-10-04,19:01,Friday,4,70.0,0.0,10.5,80.5,MADA,TAKEAWAY,5,6
TXN104749,S004,2024-10-04,23:37,Friday,2,22.0,0.0,3.3,25.3,MADA,TAKEAWAY,5,9
TXN104750,S004,2024-10-04,19:21,Friday,3,69.0,0.0,10.35,79.35,DEBIT_CARD,DRIVE_THRU,4,5
TXN104751,S004,2024-10-04,19:09,Friday,3,63.0,0.0,9.45,72.45,MADA,TAKEAWAY,5,11
TXN104752,S004,2024-10-04,19:57,Friday,2,42.0,4.2,5.67,43.47,CASH,DRIVE_THRU,4,8
TXN104753,S004,2024-10-04,12:56,Friday,3,83.0,0.0,12.45,95.45,DIGITAL_WALLET,TAKEAWAY,4,13
TXN104754,S004,2024-10-04,12:24,Friday,3,68.0,0.0,10.2,78.2,MADA,DRIVE_THRU,4,3
TXN104755,S004,2024-10-04,16:50,Friday,2,42.0,0.0,6.3,48.3,CREDIT_CARD,DRIVE_THRU,5,3
TXN104756,S004,2024-10-04,23:29,Friday,3,62.0,0.0,9.3,71.3,DIGITAL_WALLET,TAKEAWAY,3,11
TXN104757,S004,2024-10-04,18:01,Friday,1,26.0,0.0,3.9,29.9,DEBIT_CARD,DINE_IN,5,11
TXN104758,S004,2024-10-04,18:55,Friday,3,35.0,0.0,5.25,40.25,DIGITAL_WALLET,DINE_IN,5,5
TXN104759,S004,2024-10-04,17:00,Friday,3,56.0,0.0,8.4,64.4,DIGITAL_WALLET,TAKEAWAY,5,8
TXN104760,S004,2024-10-04,19:01,Friday,4,75.0,0.0,11.25,86.25,MADA,DELIVERY,2,32
TXN104761,S004,2024-10-04,18:41,Friday,5,83.0,0.0,12.45,95.45,CASH,DINE_IN,4,5
TXN104762,S004,2024-10-04,18:03,Friday,3,61.0,0.0,9.15,70.15,CASH,DINE_IN,4,10
TXN104763,S004,2024-10-04,20:59,Friday,2,50.0,0.0,7.5,57.5,DEBIT_CARD,DINE_IN,5,9
TXN104764,S004,2024-10-04,12:04,Friday,2,38.0,0.0,5.7,43.7,MADA,DINE_IN,4,6
TXN104765,S004,2024-10-04,18:48,Friday,3,75.0,0.0,11.25,86.25,CREDIT_CARD,TAKEAWAY,4,9
TXN104766,S004,2024-10-04,18:15,Friday,2,44.0,0.0,6.6,50.6,MADA,DINE_IN,5,12
TXN104767,S004,2024-10-04,14:21,Friday,2,22.0,0.0,3.3,25.3,DEBIT_CARD,DRIVE_THRU,5,5
TXN104768,S004,2024-10-04,18:12,Friday,3,54.0,0.0,8.1,62.1,CREDIT_CARD,DRIVE_THRU,5,3
TXN104769,S004,2024-10-04,19:15,Friday,4,85.0,0.0,12.75,97.75,DIGITAL_WALLET,DELIVERY,4,34
TXN104770,S004,2024-10-04,19:56,Friday,2,40.0,0.0,6.0,46.0,DEBIT_CARD,DINE_IN,5,8
TXN104771,S004,2024-10-04,13:44,Friday,5,103.0,10.3,13.9,106.6,CASH,DRIVE_THRU,2,7
TXN104772,S004,2024-10-04,10:52,Friday,3,50.0,5.0,6.75,51.75,CASH,DINE_IN,1,15
TXN104773,S004,2024-10-04,12:55,Friday,1,26.0,0.0,3.9,29.9,DEBIT_CARD,DINE_IN,5,11
TXN104774,S004,2024-10-04,08:43,Friday,3,40.0,0.0,6.0,46.0,MADA,DELIVERY,3,32
TXN104775,S004,2024-10-04,14:36,Friday,1,15.0,0.0,2.25,17.25,DEBIT_CARD,DINE_IN,4,14
TXN104776,S004,2024-10-04,13:42,Friday,3,57.0,0.0,8.55,65.55,CREDIT_CARD,DRIVE_THRU,5,6
TXN104777,S004,2024-10-04,18:56,Friday,3,75.0,0.0,11.25,86.25,CASH,DRIVE_THRU,5,3
TXN104778,S004,2024-10-04,19:11,Friday,3,50.0,0.0,7.5,57.5,MADA,DRIVE_THRU,5,8
TXN104779,S004,2024-10-04,17:20,Friday,2,23.0,0.0,3.45,26.45,MADA,DRIVE_THRU,5,8
TXN104780,S004,2024-10-04,18:17,Friday,2,50.0,0.0,7.5,57.5,CREDIT_CARD,DRIVE_THRU,4,7
TXN104781,S004,2024-10-04,14:05,Friday,4,77.0,0.0,11.55,88.55,CREDIT_CARD,TAKEAWAY,5,11
TXN104782,S004,2024-10-04,19:41,Friday,1,28.0,0.0,4.2,32.2,DIGITAL_WALLET,DELIVERY,4,34
TXN104783,S004,2024-10-04,18:28,Friday,2,62.0,0.0,9.3,71.3,CREDIT_CARD,DELIVERY,3,38
TXN104784,S004,2024-10-04,08:10,Friday,2,44.0,0.0,6.6,50.6,MADA,DELIVERY,3,26
TXN104785,S004,2024-10-04,13:46,Friday,5,96.0,0.0,14.4,110.4,DIGITAL_WALLET,TAKEAWAY,4,5
TXN104786,S004,2024-10-04,19:59,Friday,3,70.0,0.0,10.5,80.5,DIGITAL_WALLET,DELIVERY,4,39
TXN104787,S004,2024-10-04,14:43,Friday,2,51.0,0.0,7.65,58.65,DIGITAL_WALLET,DELIVERY,4,38
TXN104788,S004,2024-10-04,12:52,Friday,2,22.0,0.0,3.3,25.3,DEBIT_CARD,DELIVERY,5,20
TXN104789,S004,2024-10-04,18:56,Friday,3,53.0,0.0,7.95,60.95,CREDIT_CARD,DELIVERY,4,32
TXN104790,S004,2024-10-04,18:01,Friday,3,53.0,0.0,7.95,60.95,CASH,DRIVE_THRU,4,6
TXN104791,S004,2024-10-04,19:14,Friday,2,38.0,0.0,5.7,43.7,DEBIT_CARD,DRIVE_THRU,2,3
TXN104792,S004,2024-10-04,15:38,Friday,4,103.0,0.0,15.45,118.45,DIGITAL_WALLET,TAKEAWAY,5,6
TXN104793,S004,2024-10-04,13:32,Friday,3,52.0,0.0,7.8,59.8,DEBIT_CARD,DELIVERY,3,39
TXN104794,S004,2024-10-04,17:38,Friday,5,89.0,0.0,13.35,102.35,CREDIT_CARD,TAKEAWAY,4,6
TXN104795,S004,2024-10-04,13:31,Friday,4,71.0,7.1,9.58,73.48,DEBIT_CARD,DRIVE_THRU,4,4
TXN104796,S004,2024-10-04,10:12,Friday,3,50.0,0.0,7.5,57.5,DIGITAL_WALLET,TAKEAWAY,4,10
TXN104797,S004,2024-10-04,13:02,Friday,4,67.0,0.0,10.05,77.05,CREDIT_CARD,TAKEAWAY,5,8
TXN104798,S004,2024-10-04,12:24,Friday,1,26.0,0.0,3.9,29.9,DIGITAL_WALLET,DELIVERY,3,31
TXN104799,S004,2024-10-04,19:05,Friday,4,76.0,0.0,11.4,87.4,CASH,DELIVERY,4,25
TXN104800,S004,2024-10-04,21:16,Friday,3,48.0,0.0,7.2,55.2,DIGITAL_WALLET,DRIVE_THRU,5,8
TXN104801,S004,2024-10-04,13:31,Friday,3,75.0,0.0,11.25,86.25,DIGITAL_WALLET,DINE_IN,3,15
TXN104802,S004,2024-10-04,12:05,Friday,3,65.0,6.5,8.78,67.28,MADA,DRIVE_THRU,4,8
TXN104803,S004,2024-10-04,16:12,Friday,4,55.0,0.0,8.25,63.25,DIGITAL_WALLET,DRIVE_THRU,5,7
TXN104804,S004,2024-10-04,15:30,Friday,2,53.0,0.0,7.95,60.95,DEBIT_CARD,TAKEAWAY,5,9
TXN104805,S004,2024-10-04,13:56,Friday,2,37.0,0.0,5.55,42.55,CREDIT_CARD,DRIVE_THRU,4,5
TXN104806,S004,2024-10-04,19:41,Friday,4,84.0,0.0,12.6,96.6,DIGITAL_WALLET,TAKEAWAY,4,7
TXN104807,S004,2024-10-04,15:48,Friday,2,37.0,3.7,4.99,38.29,DEBIT_CARD,DRIVE_THRU,4,5
TXN104808,S004,2024-10-04,18:21,Friday,2,37.0,0.0,5.55,42.55,CREDIT_CARD,DRIVE_THRU,5,7
TXN104809,S004,2024-10-04,13:02,Friday,2,37.0,0.0,5.55,42.55,DEBIT_CARD,DRIVE_THRU,4,8
TXN104810,S004,2024-10-04,19:00,Friday,1,8.0,0.0,1.2,9.2,DIGITAL_WALLET,TAKEAWAY,5,14
TXN104811,S004,2024-10-04,12:28,Friday,1,30.0,0.0,4.5,34.5,DEBIT_CARD,DRIVE_THRU,5,7
TXN104812,S004,2024-10-04,15:54,Friday,4,73.0,0.0,10.95,83.95,DEBIT_CARD,DRIVE_THRU,2,7
TXN104813,S004,2024-10-04,18:42,Friday,3,48.0,0.0,7.2,55.2,DEBIT_CARD,DRIVE_THRU,5,3
TXN104814,S004,2024-10-04,12:57,Friday,5,86.0,0.0,12.9,98.9,DIGITAL_WALLET,DINE_IN,4,12
TXN104815,S004,2024-10-04,14:56,Friday,4,75.0,0.0,11.25,86.25,DIGITAL_WALLET,TAKEAWAY,3,10
TXN104816,S004,2024-10-04,14:29,Friday,2,40.0,0.0,6.0,46.0,DIGITAL_WALLET,DINE_IN,5,11
TXN104817,S004,2024-10-04,12:47,Friday,3,59.0,0.0,8.85,67.85,MADA,TAKEAWAY,3,9
TXN104818,S004,2024-10-04,09:40,Friday,5,83.0,0.0,12.45,95.45,CASH,TAKEAWAY,3,15
TXN104819,S004,2024-10-04,18:39,Friday,3,41.0,0.0,6.15,47.15,DIGITAL_WALLET,DRIVE_THRU,5,3
TXN104820,S004,2024-10-04,16:11,Friday,2,30.0,0.0,4.5,34.5,CREDIT_CARD,DELIVERY,4,40
TXN104821,S004,2024-10-04,22:59,Friday,3,50.0,0.0,7.5,57.5,DIGITAL_WALLET,DINE_IN,5,13
TXN104822,S004,2024-10-04,18:22,Friday,3,48.0,0.0,7.2,55.2,CREDIT_CARD,DRIVE_THRU,5,4
TXN104823,S004,2024-10-04,18:03,Friday,5,133.0,0.0,19.95,152.95,DIGITAL_WALLET,DRIVE_THRU,4,5
TXN104824,S004,2024-10-04,12:18,Friday,3,52.0,0.0,7.8,59.8,MADA,DRIVE_THRU,5,3
TXN104825,S004,2024-10-04,17:52,Friday,3,54.0,0.0,8.1,62.1,CASH,TAKEAWAY,5,11
TXN104826,S004,2024-10-04,15:41,Friday,3,60.0,0.0,9.0,69.0,CASH,DRIVE_THRU,3,6
TXN104827,S004,2024-10-04,20:19,Friday,2,38.0,0.0,5.7,43.7,DEBIT_CARD,DRIVE_THRU,4,3
TXN104828,S004,2024-10-04,19:23,Friday,2,36.0,0.0,5.4,41.4,CASH,DINE_IN,3,10
TXN104829,S004,2024-10-04,21:44,Friday,3,60.0,0.0,9.0,69.0,MADA,DELIVERY,5,34
TXN104830,S004,2024-10-04,15:14,Friday,1,12.0,1.2,1.62,12.42,DIGITAL_WALLET,DRIVE_THRU,4,4
TXN104831,S004,2024-10-04,12:04,Friday,4,77.0,0.0,11.55,88.55,CREDIT_CARD,TAKEAWAY,5,14
TXN104832,S004,2024-10-04,16:43,Friday,4,65.0,0.0,9.75,74.75,DEBIT_CARD,DELIVERY,5,38
TXN104833,S004,2024-10-04,16:07,Friday,1,15.0,0.0,2.25,17.25,CREDIT_CARD,DRIVE_THRU,5,6
TXN104834,S004,2024-10-04,19:36,Friday,2,43.0,0.0,6.45,49.45,CASH,DELIVERY,3,38
TXN104835,S004,2024-10-04,13:39,Friday,3,70.0,0.0,10.5,80.5,CREDIT_CARD,DELIVERY,4,26
TXN104836,S004,2024-10-04,18:50,Friday,3,61.0,0.0,9.15,70.15,MADA,DRIVE_THRU,2,7
TXN104837,S004,2024-10-04,19:32,Friday,3,68.0,0.0,10.2,78.2,CREDIT_CARD,DRIVE_THRU,5,7
TXN104838,S004,2024-10-04,16:37,Friday,4,88.0,0.0,13.2,101.2,DEBIT_CARD,DELIVERY,5,35
TXN104839,S004,2024-10-04,23:05,Friday,3,55.0,0.0,8.25,63.25,CREDIT_CARD,DINE_IN,4,5
TXN104840,S004,2024-10-04,08:20,Friday,3,50.0,0.0,7.5,57.5,CASH,DRIVE_THRU,3,5
TXN104841,S004,2024-10-04,12:15,Friday,3,47.0,0.0,7.05,54.05,CASH,DINE_IN,3,10
TXN104842,S004,2024-10-04,13:21,Friday,3,40.0,0.0,6.0,46.0,CASH,TAKEAWAY,4,6
TXN104843,S004,2024-10-04,18:53,Friday,5,120.0,0.0,18.0,138.0,CASH,TAKEAWAY,5,10
TXN104844,S004,2024-10-04,21:36,Friday,2,28.0,0.0,4.2,32.2,CREDIT_CARD,TAKEAWAY,2,14
TXN104845,S004,2024-10-04,23:56,Friday,4,83.0,0.0,12.45,95.45,CASH,DELIVERY,5,26
TXN104846,S004,2024-10-04,23:26,Friday,1,15.0,0.0,2.25,17.25,MADA,DELIVERY,4,26
TXN104847,S004,2024-10-04,18:57,Friday,3,84.0,8.4,11.34,86.94,MADA,TAKEAWAY,2,6
TXN104848,S004,2024-10-04,13:21,Friday,2,40.0,0.0,6.0,46.0,CREDIT_CARD,DELIVERY,5,25
TXN104849,S004,2024-10-04,20:43,Friday,5,76.0,0.0,11.4,87.4,DEBIT_CARD,TAKEAWAY,2,11
TXN104850,S004,2024-10-04,13:56,Friday,3,52.0,0.0,7.8,59.8,MADA,DRIVE_THRU,3,5
TXN104851,S004,2024-10-04,09:21,Friday,4,81.0,8.1,10.94,83.84,MADA,DRIVE_THRU,4,7
TXN104852,S004,2024-10-04,11:00,Friday,2,30.0,3.0,4.05,31.05,DIGITAL_WALLET,TAKEAWAY,4,15
TXN104853,S004,2024-10-04,09:55,Friday,3,68.0,0.0,10.2,78.2,DEBIT_CARD,TAKEAWAY,4,5
TXN104854,S004,2024-10-04,13:12,Friday,3,72.0,7.2,9.72,74.52,MADA,DRIVE_THRU,4,7
TXN104855,S004,2024-10-04,19:20,Friday,3,56.0,5.6,7.56,57.96,DIGITAL_WALLET,DINE_IN,3,12
TXN104856,S004,2024-10-04,12:05,Friday,2,18.0,0.0,2.7,20.7,DIGITAL_WALLET,DELIVERY,4,26
TXN104857,S004,2024-10-04,18:29,Friday,2,20.0,2.0,2.7,20.7,CREDIT_CARD,DELIVERY,5,38
TXN104858,S004,2024-10-04,13:41,Friday,2,53.0,0.0,7.95,60.95,CASH,DINE_IN,4,11
TXN104859,S004,2024-10-04,11:56,Friday,1,28.0,0.0,4.2,32.2,MADA,DELIVERY,4,23
TXN104860,S004,2024-10-04,19:49,Friday,5,125.0,12.5,16.88,129.38,MADA,DELIVERY,5,25
TXN104861,S004,2024-10-04,13:56,Friday,2,33.0,0.0,4.95,37.95,DEBIT_CARD,TAKEAWAY,3,9
TXN104862,S004,2024-10-04,11:09,Friday,3,36.0,0.0,5.4,41.4,CASH,DINE_IN,4,15
TXN104863,S004,2024-10-04,12:21,Friday,2,57.0,0.0,8.55,65.55,DIGITAL_WALLET,DINE_IN,3,9
TXN104864,S004,2024-10-04,16:14,Friday,2,38.0,0.0,5.7,43.7,DEBIT_CARD,DRIVE_THRU,5,6
TXN104865,S004,2024-10-04,19:08,Friday,2,33.0,0.0,4.95,37.95,CASH,DINE_IN,1,6
TXN104866,S004,2024-10-04,12:13,Friday,2,38.0,0.0,5.7,43.7,DIGITAL_WALLET,TAKEAWAY,4,10
TXN104867,S004,2024-10-04,18:24,Friday,3,66.0,0.0,9.9,75.9,CREDIT_CARD,TAKEAWAY,4,6
TXN104868,S004,2024-10-04,13:19,Friday,2,36.0,0.0,5.4,41.4,CASH,TAKEAWAY,4,14
TXN104869,S004,2024-10-04,18:20,Friday,5,76.0,0.0,11.4,87.4,DEBIT_CARD,DINE_IN,4,9
TXN104870,S004,2024-10-04,12:41,Friday,1,8.0,0.0,1.2,9.2,CREDIT_CARD,DELIVERY,5,35
TXN104871,S004,2024-10-04,12:01,Friday,3,48.0,0.0,7.2,55.2,CASH,DINE_IN,5,10
TXN104872,S004,2024-10-04,18:58,Friday,5,80.0,0.0,12.0,92.0,DEBIT_CARD,DINE_IN,4,14
TXN104873,S004,2024-10-04,13:50,Friday,2,33.0,0.0,4.95,37.95,DEBIT_CARD,DRIVE_THRU,3,6
TXN104874,S004,2024-10-04,12:35,Friday,2,33.0,0.0,4.95,37.95,CREDIT_CARD,DINE_IN,5,5
TXN104875,S004,2024-10-04,20:39,Friday,1,12.0,0.0,1.8,13.8,DIGITAL_WALLET,DELIVERY,5,40
TXN104876,S004,2024-10-04,18:46,Friday,2,53.0,0.0,7.95,60.95,DIGITAL_WALLET,DINE_IN,5,8
TXN104877,S004,2024-10-04,11:23,Friday,5,109.0,0.0,16.35,125.35,CREDIT_CARD,DELIVERY,5,27
TXN104878,S004,2024-10-04,08:07,Friday,2,57.0,0.0,8.55,65.55,DEBIT_CARD,DRIVE_THRU,3,4
TXN104879,S004,2024-10-04,15:30,Friday,3,50.0,0.0,7.5,57.5,MADA,DRIVE_THRU,5,6
TXN104880,S004,2024-10-04,22:01,Friday,4,94.0,0.0,14.1,108.1,DIGITAL_WALLET,TAKEAWAY,4,13
TXN104881,S004,2024-10-04,21:44,Friday,2,27.0,0.0,4.05,31.05,DEBIT_CARD,DINE_IN,2,10
TXN104882,S004,2024-10-04,08:28,Friday,3,55.0,0.0,8.25,63.25,CREDIT_CARD,TAKEAWAY,5,8
TXN104883,S004,2024-10-04,12:26,Friday,3,72.0,0.0,10.8,82.8,MADA,DELIVERY,4,21
TXN104884,S004,2024-10-04,18:49,Friday,2,36.0,3.6,4.86,37.26,CASH,DRIVE_THRU,5,6
TXN104885,S004,2024-10-04,19:00,Friday,3,46.0,0.0,6.9,52.9,CREDIT_CARD,DRIVE_THRU,5,4
TXN104886,S004,2024-10-04,12:35,Friday,1,25.0,0.0,3.75,28.75,CASH,TAKEAWAY,5,6
TXN104887,S004,2024-10-04,14:25,Friday,3,42.0,0.0,6.3,48.3,DEBIT_CARD,TAKEAWAY,4,5
TXN104888,S004,2024-10-04,16:07,Friday,3,36.0,0.0,5.4,41.4,CASH,DINE_IN,4,13
TXN104889,S004,2024-10-04,20:08,Friday,2,58.0,0.0,8.7,66.7,DEBIT_CARD,DELIVERY,5,36
TXN104890,S004,2024-10-04,14:11,Friday,3,71.0,0.0,10.65,81.65,DEBIT_CARD,DELIVERY,5,37
TXN104891,S004,2024-10-04,19:18,Friday,3,58.0,0.0,8.7,66.7,DEBIT_CARD,TAKEAWAY,5,12
TXN104892,S004,2024-10-04,13:01,Friday,3,50.0,0.0,7.5,57.5,CASH,TAKEAWAY,4,15
TXN104893,S004,2024-10-04,13:03,Friday,1,10.0,0.0,1.5,11.5,DEBIT_CARD,DELIVERY,3,29
TXN104894,S004,2024-10-04,21:28,Friday,3,57.0,0.0,8.55,65.55,CASH,DELIVERY,4,32
TXN104895,S004,2024-10-04,19:47,Friday,3,52.0,5.2,7.02,53.82,CASH,DRIVE_THRU,5,8
TXN104896,S004,2024-10-04,14:14,Friday,2,22.0,0.0,3.3,25.3,DIGITAL_WALLET,TAKEAWAY,5,9
TXN104897,S004,2024-10-04,13:08,Friday,3,72.0,0.0,10.8,82.8,MADA,DINE_IN,4,12
TXN104898,S004,2024-10-04,13:18,Friday,2,40.0,0.0,6.0,46.0,DEBIT_CARD,DELIVERY,5,39
TXN104899,S004,2024-10-04,15:51,Friday,1,12.0,0.0,1.8,13.8,CASH,TAKEAWAY,5,15
TXN104900,S004,2024-10-04,10:19,Friday,3,50.0,5.0,6.75,51.75,CASH,DINE_IN,4,6
TXN104901,S004,2024-10-04,19:16,Friday,2,38.0,0.0,5.7,43.7,MADA,DRIVE_THRU,3,4
TXN104902,S004,2024-10-04,18:35,Friday,2,38.0,0.0,5.7,43.7,DEBIT_CARD,DELIVERY,4,40
TXN104903,S004,2024-10-04,20:10,Friday,2,44.0,0.0,6.6,50.6,MADA,DELIVERY,4,24
TXN104904,S004,2024-10-04,20:25,Friday,2,51.0,0.0,7.65,58.65,DEBIT_CARD,DRIVE_THRU,4,4
TXN104905,S004,2024-10-04,19:01,Friday,2,53.0,5.3,7.16,54.86,DIGITAL_WALLET,DELIVERY,5,32
TXN104906,S004,2024-10-04,10:10,Friday,2,54.0,0.0,8.1,62.1,CASH,DELIVERY,4,33
TXN104907,S004,2024-10-04,10:26,Friday,3,68.0,0.0,10.2,78.2,CASH,DRIVE_THRU,5,3
TXN104908,S004,2024-10-04,19:21,Friday,2,48.0,0.0,7.2,55.2,CASH,DELIVERY,5,33
TXN104909,S004,2024-10-04,19:02,Friday,2,33.0,0.0,4.95,37.95,CASH,DELIVERY,5,36
TXN104910,S004,2024-10-04,12:42,Friday,2,45.0,0.0,6.75,51.75,DEBIT_CARD,DINE_IN,3,5
TXN104911,S004,2024-10-04,19:50,Friday,4,77.0,0.0,11.55,88.55,CASH,DELIVERY,2,33
TXN104912,S004,2024-10-04,12:11,Friday,1,10.0,0.0,1.5,11.5,DIGITAL_WALLET,DELIVERY,3,32
TXN104913,S004,2024-10-04,15:50,Friday,2,33.0,3.3,4.46,34.16,MADA,TAKEAWAY,4,6
TXN104914,S004,2024-10-04,21:43,Friday,4,91.0,0.0,13.65,104.65,CASH,DELIVERY,3,21
TXN104915,S004,2024-10-04,21:29,Friday,2,34.0,0.0,5.1,39.1,MADA,DELIVERY,5,38
TXN104916,S004,2024-10-04,12:25,Friday,3,59.0,0.0,8.85,67.85,CASH,DINE_IN,4,11
TXN104917,S004,2024-10-04,23:44,Friday,3,32.0,0.0,4.8,36.8,MADA,DINE_IN,3,6
TXN104918,S004,2024-10-04,19:02,Friday,3,56.0,0.0,8.4,64.4,CREDIT_CARD,DRIVE_THRU,4,4
TXN104919,S004,2024-10-04,12:29,Friday,3,65.0,0.0,9.75,74.75,CASH,TAKEAWAY,5,15
TXN104920,S004,2024-10-04,12:17,Friday,3,41.0,0.0,6.15,47.15,CASH,DELIVERY,5,25
TXN104921,S004,2024-10-04,14:25,Friday,3,45.0,0.0,6.75,51.75,MADA,DRIVE_THRU,3,7
TXN104922,S004,2024-10-04,18:03,Friday,2,37.0,0.0,5.55,42.55,DIGITAL_WALLET,DINE_IN,4,15
TXN104923,S004,2024-10-04,13:03,Friday,2,33.0,0.0,4.95,37.95,DEBIT_CARD,DELIVERY,4,38
TXN104924,S004,2024-10-04,19:48,Friday,4,82.0,0.0,12.3,94.3,DIGITAL_WALLET,TAKEAWAY,5,5
TXN104925,S004,2024-10-04,13:13,Friday,2,56.0,0.0,8.4,64.4,CREDIT_CARD,DELIVERY,4,28
TXN104926,S004,2024-10-04,19:51,Friday,2,33.0,0.0,4.95,37.95,DEBIT_CARD,DINE_IN,3,14
TXN104927,S004,2024-10-04,09:25,Friday,2,45.0,0.0,6.75,51.75,CREDIT_CARD,TAKEAWAY,4,6
TXN104928,S004,2024-10-04,19:04,Friday,4,76.0,0.0,11.4,87.4,CREDIT_CARD,TAKEAWAY,3,14
TXN104929,S004,2024-10-04,11:38,Friday,2,36.0,0.0,5.4,41.4,MADA,DRIVE_THRU,5,4
TXN104930,S004,2024-10-04,17:04,Friday,3,37.0,3.7,4.99,38.29,DIGITAL_WALLET,DELIVERY,5,25
TXN104931,S004,2024-10-04,12:16,Friday,4,60.0,0.0,9.0,69.0,CASH,TAKEAWAY,4,8
TXN104932,S004,2024-10-04,12:42,Friday,2,38.0,0.0,5.7,43.7,CREDIT_CARD,TAKEAWAY,4,11
TXN104933,S004,2024-10-04,19:07,Friday,2,30.0,0.0,4.5,34.5,DIGITAL_WALLET,TAKEAWAY,4,11
TXN104934,S004,2024-10-04,18:01,Friday,3,58.0,0.0,8.7,66.7,DEBIT_CARD,DRIVE_THRU,2,3
TXN104935,S004,2024-10-04,12:09,Friday,3,56.0,0.0,8.4,64.4,DIGITAL_WALLET,DINE_IN,4,5
TXN104936,S004,2024-10-04,18:35,Friday,1,30.0,0.0,4.5,34.5,CASH,DELIVERY,3,23
TXN104937,S004,2024-10-04,12:30,Friday,2,38.0,0.0,5.7,43.7,CREDIT_CARD,DRIVE_THRU,5,8
TXN104938,S004,2024-10-04,14:46,Friday,3,53.0,0.0,7.95,60.95,CREDIT_CARD,TAKEAWAY,5,7
TXN104939,S004,2024-10-04,18:46,Friday,3,63.0,0.0,9.45,72.45,MADA,DRIVE_THRU,3,5
TXN104940,S004,2024-10-04,09:30,Friday,2,40.0,0.0,6.0,46.0,MADA,DELIVERY,4,23
TXN104941,S004,2024-10-04,18:42,Friday,3,52.0,5.2,7.02,53.82,MADA,DINE_IN,4,13
TXN104942,S004,2024-10-04,19:16,Friday,1,30.0,0.0,4.5,34.5,CREDIT_CARD,TAKEAWAY,3,9
TXN104943,S004,2024-10-04,19:21,Friday,4,73.0,0.0,10.95,83.95,DIGITAL_WALLET,DRIVE_THRU,5,8
TXN104944,S004,2024-10-04,18:45,Friday,3,68.0,0.0,10.2,78.2,DEBIT_CARD,DRIVE_THRU,3,3
TXN104945,S004,2024-10-04,19:25,Friday,3,74.0,0.0,11.1,85.1,DIGITAL_WALLET,DELIVERY,4,22
TXN104946,S004,2024-10-04,18:25,Friday,2,42.0,0.0,6.3,48.3,MADA,TAKEAWAY,3,9
TXN104947,S004,2024-10-04,19:50,Friday,2,62.0,0.0,9.3,71.3,DIGITAL_WALLET,TAKEAWAY,5,5
TXN104948,S004,2024-10-04,21:21,Friday,4,69.0,0.0,10.35,79.35,DEBIT_CARD,TAKEAWAY,2,15
TXN104949,S004,2024-10-04,11:05,Friday,2,38.0,3.8,5.13,39.33,CREDIT_CARD,DRIVE_THRU,5,3
TXN104950,S004,2024-10-04,18:05,Friday,3,37.0,0.0,5.55,42.55,DIGITAL_WALLET,DRIVE_THRU,4,8
TXN104951,S004,2024-10-04,18:32,Friday,2,47.0,0.0,7.05,54.05,DIGITAL_WALLET,DELIVERY,4,39
TXN104952,S004,2024-10-04,21:37,Friday,1,18.0,0.0,2.7,20.7,DIGITAL_WALLET,TAKEAWAY,4,7
TXN104953,S004,2024-10-04,12:24,Friday,2,43.0,0.0,6.45,49.45,DEBIT_CARD,DINE_IN,5,8
TXN104954,S004,2024-10-04,15:00,Friday,3,67.0,0.0,10.05,77.05,DEBIT_CARD,DINE_IN,5,7
TXN104955,S004,2024-10-04,14:07,Friday,3,49.0,0.0,7.35,56.35,CREDIT_CARD,DINE_IN,5,15
TXN104956,S004,2024-10-04,13:41,Friday,2,28.0,0.0,4.2,32.2,CREDIT_CARD,DINE_IN,5,15
TXN104957,S004,2024-10-04,18:58,Friday,2,42.0,0.0,6.3,48.3,DEBIT_CARD,DINE_IN,2,7
TXN104958,S004,2024-10-04,18:23,Friday,3,28.0,2.8,3.78,28.98,CREDIT_CARD,DRIVE_THRU,3,3
TXN104959,S004,2024-10-04,09:20,Friday,2,42.0,0.0,6.3,48.3,DEBIT_CARD,TAKEAWAY,5,15
TXN104960,S004,2024-10-04,19:14,Friday,1,12.0,0.0,1.8,13.8,MADA,DINE_IN,5,11
TXN104961,S004,2024-10-04,12:51,Friday,2,35.0,0.0,5.25,40.25,CASH,DELIVERY,5,26
TXN104962,S004,2024-10-04,12:40,Friday,3,61.0,0.0,9.15,70.15,DIGITAL_WALLET,DRIVE_THRU,5,4
TXN104963,S004,2024-10-04,09:59,Friday,3,40.0,0.0,6.0,46.0,DEBIT_CARD,DELIVERY,5,21
TXN104964,S004,2024-10-04,12:32,Friday,4,62.0,0.0,9.3,71.3,CASH,DINE_IN,4,7
TXN104965,S004,2024-10-04,13:18,Friday,3,87.0,0.0,13.05,100.05,DIGITAL_WALLET,DELIVERY,3,26
TXN104966,S004,2024-10-04,20:27,Friday,2,45.0,0.0,6.75,51.75,DEBIT_CARD,TAKEAWAY,3,6
TXN104967,S004,2024-10-04,14:00,Friday,2,40.0,0.0,6.0,46.0,CASH,TAKEAWAY,5,8
TXN104968,S004,2024-10-04,13:05,Friday,2,35.0,0.0,5.25,40.25,DIGITAL_WALLET,DELIVERY,5,22
TXN104969,S004,2024-10-04,12:29,Friday,4,86.0,0.0,12.9,98.9,DIGITAL_WALLET,DRIVE_THRU,5,6
TXN104970,S004,2024-10-04,14:09,Friday,4,80.0,0.0,12.0,92.0,CREDIT_CARD,DINE_IN,4,6
TXN104971,S004,2024-10-04,18:56,Friday,3,34.0,0.0,5.1,39.1,MADA,TAKEAWAY,5,12
TXN104972,S004,2024-10-04,21:00,Friday,4,86.0,0.0,12.9,98.9,CASH,TAKEAWAY,5,10
TXN104973,S004,2024-10-04,19:16,Friday,2,47.0,0.0,7.05,54.05,CREDIT_CARD,DELIVERY,2,39
TXN104974,S004,2024-10-04,19:08,Friday,4,59.0,0.0,8.85,67.85,MADA,DINE_IN,4,6
TXN104975,S004,2024-10-04,12:22,Friday,4,71.0,0.0,10.65,81.65,CASH,DRIVE_THRU,4,8
TXN104976,S004,2024-10-04,13:32,Friday,4,100.0,0.0,15.0,115.0,MADA,TAKEAWAY,4,8
TXN104977,S004,2024-10-04,20:55,Friday,2,18.0,0.0,2.7,20.7,DEBIT_CARD,DINE_IN,5,12
TXN104978,S004,2024-10-04,20:29,Friday,3,28.0,0.0,4.2,32.2,MADA,DRIVE_THRU,3,8
TXN104979,S004,2024-10-04,18:17,Friday,2,25.0,0.0,3.75,28.75,DIGITAL_WALLET,DRIVE_THRU,4,3
TXN104980,S004,2024-10-04,11:51,Friday,2,25.0,0.0,3.75,28.75,DEBIT_CARD,DELIVERY,4,26
TXN104981,S004,2024-10-04,18:59,Friday,2,43.0,0.0,6.45,49.45,MADA,DELIVERY,4,24
TXN104982,S004,2024-10-04,18:34,Friday,3,58.0,0.0,8.7,66.7,CREDIT_CARD,DELIVERY,4,40
TXN104983,S004,2024-10-04,13:28,Friday,3,53.0,0.0,7.95,60.95,CASH,DELIVERY,5,23
TXN104984,S004,2024-10-04,13:58,Friday,1,25.0,0.0,3.75,28.75,CASH,TAKEAWAY,4,11
TXN104985,S004,2024-10-04,12:58,Friday,2,22.0,0.0,3.3,25.3,DEBIT_CARD,DINE_IN,5,10
TXN104986,S004,2024-10-04,12:42,Friday,3,52.0,0.0,7.8,59.8,DEBIT_CARD,TAKEAWAY,4,8
TXN104987,S004,2024-10-04,10:28,Friday,4,52.0,0.0,7.8,59.8,CASH,DINE_IN,4,15
TXN104988,S004,2024-10-04,13:52,Friday,5,115.0,0.0,17.25,132.25,CREDIT_CARD,DELIVERY,5,33
TXN104989,S004,2024-10-04,11:46,Friday,1,32.0,0.0,4.8,36.8,CASH,TAKEAWAY,2,7
TXN104990,S004,2024-10-04,17:08,Friday,1,26.0,0.0,3.9,29.9,CASH,DRIVE_THRU,4,3
TXN104991,S004,2024-10-04,12:44,Friday,2,42.0,0.0,6.3,48.3,DEBIT_CARD,TAKEAWAY,3,14
TXN104992,S004,2024-10-04,10:22,Friday,5,96.0,0.0,14.4,110.4,CASH,DELIVERY,4,35
TXN104993,S004,2024-10-04,13:44,Friday,4,58.0,0.0,8.7,66.7,DIGITAL_WALLET,DRIVE_THRU,3,4
TXN104994,S004,2024-10-04,19:54,Friday,3,48.0,0.0,7.2,55.2,MADA,DINE_IN,3,9
TXN104995,S004,2024-10-04,17:50,Friday,1,26.0,0.0,3.9,29.9,CREDIT_CARD,DINE_IN,3,5
TXN104996,S004,2024-10-04,14:49,Friday,4,83.0,0.0,12.45,95.45,MADA,DRIVE_THRU,5,5
TXN104997,S004,2024-10-04,20:07,Friday,5,97.0,0.0,14.55,111.55,CREDIT_CARD,DINE_IN,5,12
TXN104998,S004,2024-10-04,11:46,Friday,4,78.0,7.8,10.53,80.73,DIGITAL_WALLET,DINE_IN,5,15
TXN104999,S004,2024-10-04,12:10,Friday,5,77.0,0.0,11.55,88.55,CASH,DINE_IN,3,8
TXN105000,S004,2024-10-04,20:35,Friday,2,33.0,0.0,4.95,37.95,CASH,DRIVE_THRU,5,8
TXN105001,S004,2024-10-04,19:28,Friday,3,50.0,0.0,7.5,57.5,DEBIT_CARD,DINE_IN,5,14
TXN105002,S004,2024-10-04,18:12,Friday,2,38.0,0.0,5.7,43.7,CREDIT_CARD,TAKEAWAY,3,5
TXN105003,S004,2024-10-04,18:14,Friday,3,69.0,6.9,9.31,71.41,CASH,TAKEAWAY,5,14
TXN105004,S004,2024-10-04,11:20,Friday,1,28.0,0.0,4.2,32.2,CASH,DRIVE_THRU,5,5
TXN105005,S004,2024-10-04,19:08,Friday,3,63.0,0.0,9.45,72.45,CREDIT_CARD,DINE_IN,2,12
TXN105006,S004,2024-10-04,12:13,Friday,4,63.0,0.0,9.45,72.45,DEBIT_CARD,DINE_IN,5,9
TXN105007,S004,2024-10-04,18:25,Friday,3,74.0,0.0,11.1,85.1,DEBIT_CARD,DELIVERY,5,25
TXN105008,S004,2024-10-04,09:00,Friday,3,54.0,0.0,8.1,62.1,DEBIT_CARD,DELIVERY,4,29
TXN105009,S004,2024-10-04,16:09,Friday,1,25.0,2.5,3.38,25.88,CASH,TAKEAWAY,1,8
TXN105010,S004,2024-10-04,18:10,Friday,2,24.0,0.0,3.6,27.6,MADA,DINE_IN,3,9
TXN105011,S004,2024-10-04,19:40,Friday,3,56.0,5.6,7.56,57.96,CREDIT_CARD,DRIVE_THRU,1,5
TXN105012,S004,2024-10-04,11:03,Friday,2,38.0,0.0,5.7,43.7,CASH,DINE_IN,5,14
TXN105013,S004,2024-10-04,15:38,Friday,2,22.0,0.0,3.3,25.3,CASH,DRIVE_THRU,4,6
TXN105014,S004,2024-10-04,10:03,Friday,3,63.0,0.0,9.45,72.45,CASH,DRIVE_THRU,3,3
TXN105015,S004,2024-10-04,15:27,Friday,3,38.0,0.0,5.7,43.7,CREDIT_CARD,TAKEAWAY,4,7
TXN105016,S004,2024-10-04,11:13,Friday,2,28.0,0.0,4.2,32.2,DEBIT_CARD,DRIVE_THRU,5,5
TXN105017,S004,2024-10-04,21:59,Friday,2,58.0,0.0,8.7,66.7,CREDIT_CARD,DELIVERY,5,21
TXN105018,S004,2024-10-04,18:46,Friday,3,67.0,0.0,10.05,77.05,CREDIT_CARD,TAKEAWAY,4,8
TXN105019,S004,2024-10-04,19:48,Friday,3,46.0,0.0,6.9,52.9,DEBIT_CARD,DELIVERY,4,29
TXN105020,S004,2024-10-04,23:27,Friday,3,32.0,0.0,4.8,36.8,DIGITAL_WALLET,DINE_IN,4,13
TXN105021,S004,2024-10-04,14:23,Friday,4,67.0,0.0,10.05,77.05,DEBIT_CARD,DINE_IN,3,14
TXN105022,S004,2024-10-04,18:20,Friday,3,33.0,0.0,4.95,37.95,DEBIT_CARD,DRIVE_THRU,4,6
TXN105023,S004,2024-10-04,21:31,Friday,3,46.0,0.0,6.9,52.9,DEBIT_CARD,TAKEAWAY,4,5
TXN105024,S004,2024-10-04,18:40,Friday,2,34.0,0.0,5.1,39.1,CASH,DELIVERY,3,24
TXN105025,S004,2024-10-04,19:21,Friday,1,12.0,0.0,1.8,13.8,CASH,DRIVE_THRU,3,4
TXN105026,S004,2024-10-04,11:49,Friday,4,92.0,0.0,13.8,105.8,DEBIT_CARD,DELIVERY,5,32
TXN105027,S004,2024-10-04,22:56,Friday,4,67.0,0.0,10.05,77.05,CASH,DELIVERY,4,28
TXN105028,S004,2024-10-04,18:30,Friday,3,54.0,0.0,8.1,62.1,MADA,DELIVERY,4,37
TXN105029,S004,2024-10-04,18:46,Friday,5,87.0,0.0,13.05,100.05,MADA,DINE_IN,4,10
TXN105030,S004,2024-10-04,12:22,Friday,4,50.0,0.0,7.5,57.5,MADA,TAKEAWAY,5,10
TXN105031,S004,2024-10-04,11:00,Friday,3,68.0,6.8,9.18,70.38,DEBIT_CARD,TAKEAWAY,4,6
TXN105032,S004,2024-10-04,12:18,Friday,4,67.0,0.0,10.05,77.05,MADA,DINE_IN,5,5
TXN105033,S004,2024-10-04,13:00,Friday,2,28.0,0.0,4.2,32.2,CASH,TAKEAWAY,5,9
TXN105034,S005,2024-10-04,09:45,Friday,2,22.0,0.0,3.3,25.3,CREDIT_CARD,DELIVERY,5,29
TXN105035,S005,2024-10-04,13:47,Friday,2,60.0,0.0,9.0,69.0,CREDIT_CARD,DINE_IN,5,9
TXN105036,S005,2024-10-04,19:56,Friday,3,35.0,0.0,5.25,40.25,MADA,DINE_IN,5,13
TXN105037,S005,2024-10-04,14:20,Friday,2,20.0,0.0,3.0,23.0,DEBIT_CARD,DINE_IN,4,14
TXN105038,S005,2024-10-04,12:23,Friday,4,65.0,0.0,9.75,74.75,CASH,TAKEAWAY,3,15
TXN105039,S005,2024-10-04,14:17,Friday,2,42.0,0.0,6.3,48.3,MADA,DELIVERY,5,37
TXN105040,S005,2024-10-04,12:54,Friday,3,38.0,0.0,5.7,43.7,CREDIT_CARD,TAKEAWAY,4,5
TXN105041,S005,2024-10-04,18:37,Friday,3,51.0,0.0,7.65,58.65,CASH,DELIVERY,4,28
TXN105042,S005,2024-10-04,18:27,Friday,4,58.0,0.0,8.7,66.7,CASH,DINE_IN,3,8
TXN105043,S005,2024-10-04,13:04,Friday,3,71.0,0.0,10.65,81.65,MADA,TAKEAWAY,4,10
TXN105044,S005,2024-10-04,21:30,Friday,2,43.0,0.0,6.45,49.45,CREDIT_CARD,DELIVERY,5,33
TXN105045,S005,2024-10-04,12:30,Friday,2,33.0,0.0,4.95,37.95,CASH,DRIVE_THRU,5,8
TXN105046,S005,2024-10-04,15:45,Friday,3,68.0,0.0,10.2,78.2,CASH,DINE_IN,5,8
TXN105047,S005,2024-10-04,19:39,Friday,2,38.0,0.0,5.7,43.7,CASH,DELIVERY,4,28
TXN105048,S005,2024-10-04,11:57,Friday,3,56.0,0.0,8.4,64.4,MADA,TAKEAWAY,5,11
TXN105049,S005,2024-10-04,12:47,Friday,3,58.0,0.0,8.7,66.7,CASH,DRIVE_THRU,5,4
TXN105050,S005,2024-10-04,12:03,Friday,4,89.0,0.0,13.35,102.35,DEBIT_CARD,DRIVE_THRU,5,3
TXN105051,S005,2024-10-04,18:32,Friday,4,80.0,0.0,12.0,92.0,DIGITAL_WALLET,DINE_IN,5,5
TXN105052,S005,2024-10-04,19:09,Friday,3,40.0,4.0,5.4,41.4,CREDIT_CARD,DELIVERY,3,28
TXN105053,S005,2024-10-04,19:31,Friday,1,32.0,0.0,4.8,36.8,CREDIT_CARD,DINE_IN,4,12
TXN105054,S005,2024-10-04,18:13,Friday,2,58.0,0.0,8.7,66.7,DIGITAL_WALLET,DRIVE_THRU,4,8
TXN105055,S005,2024-10-04,11:14,Friday,2,18.0,0.0,2.7,20.7,DIGITAL_WALLET,DRIVE_THRU,5,3
TXN105056,S005,2024-10-04,11:56,Friday,2,44.0,0.0,6.6,50.6,DIGITAL_WALLET,TAKEAWAY,4,9
TXN105057,S005,2024-10-04,14:05,Friday,1,12.0,1.2,1.62,12.42,CASH,TAKEAWAY,3,13
TXN105058,S005,2024-10-04,12:06,Friday,4,80.0,0.0,12.0,92.0,DEBIT_CARD,DRIVE_THRU,4,7
TXN105059,S005,2024-10-04,12:48,Friday,3,48.0,0.0,7.2,55.2,CASH,DINE_IN,4,9
TXN105060,S005,2024-10-04,20:24,Friday,3,38.0,3.8,5.13,39.33,CREDIT_CARD,DINE_IN,5,13
TXN105061,S005,2024-10-04,13:37,Friday,4,63.0,0.0,9.45,72.45,DIGITAL_WALLET,DRIVE_THRU,4,6
TXN105062,S005,2024-10-04,19:42,Friday,4,77.0,0.0,11.55,88.55,DEBIT_CARD,DRIVE_THRU,5,6
TXN105063,S005,2024-10-04,19:26,Friday,2,43.0,4.3,5.81,44.51,DEBIT_CARD,TAKEAWAY,4,9
TXN105064,S005,2024-10-04,13:19,Friday,3,47.0,0.0,7.05,54.05,DEBIT_CARD,DELIVERY,3,24
TXN105065,S005,2024-10-04,18:32,Friday,4,60.0,0.0,9.0,69.0,CASH,DRIVE_THRU,5,5
TXN105066,S005,2024-10-04,12:05,Friday,3,59.0,5.9,7.96,61.06,MADA,DINE_IN,4,11
TXN105067,S005,2024-10-04,18:39,Friday,4,73.0,0.0,10.95,83.95,DIGITAL_WALLET,TAKEAWAY,4,7
TXN105068,S005,2024-10-04,19:28,Friday,3,61.0,0.0,9.15,70.15,CASH,DRIVE_THRU,5,3
TXN105069,S005,2024-10-04,19:54,Friday,3,87.0,0.0,13.05,100.05,DIGITAL_WALLET,DRIVE_THRU,3,6
TXN105070,S005,2024-10-04,20:02,Friday,3,62.0,0.0,9.3,71.3,DIGITAL_WALLET,DINE_IN,5,5
TXN105071,S005,2024-10-04,19:15,Friday,2,28.0,0.0,4.2,32.2,MADA,TAKEAWAY,5,8
TXN105072,S005,2024-10-04,12:23,Friday,2,36.0,0.0,5.4,41.4,MADA,DRIVE_THRU,5,6
TXN105073,S005,2024-10-04,13:43,Friday,4,81.0,0.0,12.15,93.15,MADA,DELIVERY,5,31
TXN105074,S005,2024-10-04,19:46,Friday,1,8.0,0.0,1.2,9.2,MADA,DINE_IN,4,6
TXN105075,S005,2024-10-04,19:38,Friday,3,66.0,0.0,9.9,75.9,MADA,DRIVE_THRU,4,8
TXN105076,S005,2024-10-04,08:16,Friday,2,30.0,0.0,4.5,34.5,DEBIT_CARD,DELIVERY,3,29
TXN105077,S005,2024-10-04,12:18,Friday,3,62.0,0.0,9.3,71.3,CASH,DELIVERY,2,38
TXN105078,S005,2024-10-04,18:13,Friday,2,51.0,0.0,7.65,58.65,CASH,DINE_IN,4,6
TXN105079,S005,2024-10-04,18:48,Friday,3,77.0,0.0,11.55,88.55,DEBIT_CARD,DRIVE_THRU,1,7
TXN105080,S005,2024-10-04,18:42,Friday,3,63.0,0.0,9.45,72.45,CREDIT_CARD,DINE_IN,5,6
TXN105081,S005,2024-10-04,20:05,Friday,4,56.0,0.0,8.4,64.4,DIGITAL_WALLET,DINE_IN,2,9
TXN105082,S005,2024-10-04,19:36,Friday,5,85.0,0.0,12.75,97.75,MADA,DELIVERY,3,21
TXN105083,S005,2024-10-04,14:36,Friday,3,68.0,0.0,10.2,78.2,MADA,DRIVE_THRU,3,7
TXN105084,S005,2024-10-04,15:32,Friday,3,59.0,0.0,8.85,67.85,CASH,DINE_IN,5,5
TXN105085,S005,2024-10-04,10:17,Friday,2,54.0,0.0,8.1,62.1,DIGITAL_WALLET,DINE_IN,3,7
TXN105086,S005,2024-10-04,12:24,Friday,2,22.0,2.2,2.97,22.77,CASH,DINE_IN,3,11
TXN105087,S005,2024-10-04,19:22,Friday,3,73.0,0.0,10.95,83.95,DIGITAL_WALLET,DRIVE_THRU,4,6
TXN105088,S005,2024-10-04,22:52,Friday,4,53.0,0.0,7.95,60.95,DIGITAL_WALLET,DRIVE_THRU,5,4
TXN105089,S005,2024-10-04,11:37,Friday,4,79.0,0.0,11.85,90.85,DIGITAL_WALLET,DRIVE_THRU,4,3
TXN105090,S005,2024-10-04,11:38,Friday,3,90.0,9.0,12.15,93.15,DIGITAL_WALLET,DRIVE_THRU,4,3
TXN105091,S005,2024-10-04,13:24,Friday,4,71.0,0.0,10.65,81.65,CREDIT_CARD,DRIVE_THRU,4,5
TXN105092,S005,2024-10-04,13:56,Friday,4,59.0,0.0,8.85,67.85,CASH,TAKEAWAY,4,9
TXN105093,S005,2024-10-04,13:57,Friday,3,73.0,0.0,10.95,83.95,DEBIT_CARD,DELIVERY,3,26
TXN105094,S005,2024-10-04,14:16,Friday,3,53.0,0.0,7.95,60.95,DIGITAL_WALLET,TAKEAWAY,3,9
TXN105095,S005,2024-10-04,18:37,Friday,1,10.0,0.0,1.5,11.5,DEBIT_CARD,DRIVE_THRU,5,5
TXN105096,S005,2024-10-04,19:10,Friday,3,43.0,0.0,6.45,49.45,CREDIT_CARD,DELIVERY,4,34
TXN105097,S005,2024-10-04,17:24,Friday,2,44.0,0.0,6.6,50.6,DIGITAL_WALLET,DINE_IN,5,8
TXN105098,S005,2024-10-04,13:48,Friday,4,92.0,0.0,13.8,105.8,CASH,DINE_IN,4,10
TXN105099,S005,2024-10-04,12:56,Friday,3,68.0,6.8,9.18,70.38,DEBIT_CARD,DELIVERY,5,28
TXN105100,S005,2024-10-04,08:22,Friday,1,10.0,0.0,1.5,11.5,DIGITAL_WALLET,DINE_IN,5,11
TXN105101,S005,2024-10-04,19:01,Friday,3,48.0,0.0,7.2,55.2,DEBIT_CARD,DELIVERY,5,40
TXN105102,S005,2024-10-04,21:14,Friday,3,43.0,0.0,6.45,49.45,MADA,TAKEAWAY,4,12
TXN105103,S005,2024-10-04,13:22,Friday,3,56.0,0.0,8.4,64.4,CASH,DELIVERY,3,36
TXN105104,S005,2024-10-04,12:30,Friday,2,33.0,0.0,4.95,37.95,DIGITAL_WALLET,DELIVERY,2,34
TXN105105,S005,2024-10-04,17:41,Friday,4,78.0,7.8,10.53,80.73,MADA,DINE_IN,4,5
TXN105106,S005,2024-10-04,17:25,Friday,5,73.0,0.0,10.95,83.95,MADA,DRIVE_THRU,5,4
TXN105107,S005,2024-10-04,19:26,Friday,3,40.0,0.0,6.0,46.0,CREDIT_CARD,TAKEAWAY,4,8
TXN105108,S005,2024-10-04,14:06,Friday,1,28.0,0.0,4.2,32.2,MADA,DELIVERY,5,40
TXN105109,S005,2024-10-04,13:20,Friday,1,8.0,0.0,1.2,9.2,DEBIT_CARD,TAKEAWAY,2,8
TXN105110,S005,2024-10-04,19:02,Friday,3,77.0,0.0,11.55,88.55,CASH,DINE_IN,4,11
TXN105111,S005,2024-10-04,13:06,Friday,3,56.0,0.0,8.4,64.4,DEBIT_CARD,DINE_IN,5,8
TXN105112,S005,2024-10-04,14:20,Friday,3,61.0,0.0,9.15,70.15,CREDIT_CARD,DRIVE_THRU,5,8
TXN105113,S005,2024-10-04,17:37,Friday,2,42.0,0.0,6.3,48.3,CREDIT_CARD,DINE_IN,5,12
TXN105114,S005,2024-10-04,09:29,Friday,2,40.0,0.0,6.0,46.0,MADA,DINE_IN,4,12
TXN105115,S005,2024-10-04,19:14,Friday,3,59.0,0.0,8.85,67.85,CREDIT_CARD,TAKEAWAY,4,7
TXN105116,S005,2024-10-04,16:26,Friday,4,87.0,0.0,13.05,100.05,DIGITAL_WALLET,TAKEAWAY,4,5
TXN105117,S005,2024-10-04,18:29,Friday,1,8.0,0.0,1.2,9.2,DEBIT_CARD,TAKEAWAY,4,6
TXN105118,S005,2024-10-04,17:24,Friday,1,8.0,0.0,1.2,9.2,CREDIT_CARD,TAKEAWAY,2,12
TXN105119,S005,2024-10-04,10:01,Friday,2,36.0,0.0,5.4,41.4,CASH,DRIVE_THRU,5,7
TXN105120,S005,2024-10-04,19:55,Friday,5,100.0,0.0,15.0,115.0,CASH,DINE_IN,5,14
TXN105121,S005,2024-10-04,12:17,Friday,3,75.0,0.0,11.25,86.25,DIGITAL_WALLET,TAKEAWAY,5,5
TXN105122,S005,2024-10-04,19:07,Friday,2,57.0,5.7,7.69,58.99,DIGITAL_WALLET,DRIVE_THRU,5,7
TXN105123,S005,2024-10-04,12:09,Friday,2,33.0,0.0,4.95,37.95,CREDIT_CARD,DELIVERY,4,32
TXN105124,S005,2024-10-04,12:28,Friday,2,44.0,4.4,5.94,45.54,CREDIT_CARD,DELIVERY,4,29
TXN105125,S005,2024-10-04,19:38,Friday,2,38.0,0.0,5.7,43.7,DEBIT_CARD,DRIVE_THRU,5,3
TXN105126,S005,2024-10-04,19:42,Friday,5,97.0,0.0,14.55,111.55,DIGITAL_WALLET,DELIVERY,4,30
TXN105127,S005,2024-10-04,08:56,Friday,2,51.0,0.0,7.65,58.65,CREDIT_CARD,TAKEAWAY,3,10
TXN105128,S005,2024-10-04,12:07,Friday,3,47.0,0.0,7.05,54.05,DIGITAL_WALLET,DINE_IN,5,8
TXN105129,S005,2024-10-04,12:09,Friday,1,32.0,0.0,4.8,36.8,MADA,DRIVE_THRU,1,3
TXN105130,S005,2024-10-04,19:26,Friday,3,47.0,0.0,7.05,54.05,CREDIT_CARD,DRIVE_THRU,4,6
TXN105131,S005,2024-10-04,17:31,Friday,4,83.0,0.0,12.45,95.45,CREDIT_CARD,DINE_IN,5,11
TXN105132,S005,2024-10-04,14:55,Friday,3,59.0,0.0,8.85,67.85,CREDIT_CARD,TAKEAWAY,5,9
TXN105133,S005,2024-10-04,19:38,Friday,1,12.0,1.2,1.62,12.42,DIGITAL_WALLET,DINE_IN,5,9
TXN105134,S005,2024-10-04,19:38,Friday,2,35.0,0.0,5.25,40.25,DEBIT_CARD,DELIVERY,5,31
TXN105135,S005,2024-10-04,15:45,Friday,4,86.0,0.0,12.9,98.9,DEBIT_CARD,DRIVE_THRU,4,8
TXN105136,S005,2024-10-04,18:40,Friday,4,76.0,0.0,11.4,87.4,CREDIT_CARD,TAKEAWAY,5,11
TXN105137,S005,2024-10-04,21:16,Friday,4,71.0,0.0,10.65,81.65,DEBIT_CARD,DELIVERY,5,29
TXN105138,S005,2024-10-04,13:17,Friday,3,70.0,0.0,10.5,80.5,CASH,DELIVERY,4,33
TXN105139,S005,2024-10-04,13:54,Friday,4,83.0,0.0,12.45,95.45,MADA,DRIVE_THRU,5,4
TXN105140,S005,2024-10-04,12:15,Friday,2,40.0,0.0,6.0,46.0,DIGITAL_WALLET,TAKEAWAY,4,7
TXN105141,S005,2024-10-04,23:49,Friday,4,55.0,0.0,8.25,63.25,DEBIT_CARD,DRIVE_THRU,5,4
TXN105142,S005,2024-10-04,19:39,Friday,3,74.0,0.0,11.1,85.1,DIGITAL_WALLET,TAKEAWAY,3,14
TXN105143,S005,2024-10-04,11:23,Friday,3,72.0,0.0,10.8,82.8,CASH,DINE_IN,5,10
TXN105144,S005,2024-10-04,19:33,Friday,2,41.0,0.0,6.15,47.15,DEBIT_CARD,DRIVE_THRU,4,4
TXN105145,S005,2024-10-04,17:07,Friday,2,27.0,0.0,4.05,31.05,MADA,DINE_IN,4,14
TXN105146,S005,2024-10-04,15:40,Friday,2,22.0,0.0,3.3,25.3,MADA,DRIVE_THRU,3,5
TXN105147,S005,2024-10-04,10:41,Friday,4,86.0,0.0,12.9,98.9,DEBIT_CARD,DELIVERY,4,21
TXN105148,S005,2024-10-04,12:31,Friday,2,40.0,0.0,6.0,46.0,DIGITAL_WALLET,DELIVERY,3,40
TXN105149,S005,2024-10-04,14:12,Friday,3,46.0,0.0,6.9,52.9,CREDIT_CARD,DRIVE_THRU,5,6
TXN105150,S005,2024-10-04,14:14,Friday,3,67.0,0.0,10.05,77.05,CASH,TAKEAWAY,4,14
TXN105151,S005,2024-10-04,16:54,Friday,4,81.0,0.0,12.15,93.15,CREDIT_CARD,TAKEAWAY,5,9
TXN105152,S005,2024-10-04,12:14,Friday,1,15.0,0.0,2.25,17.25,DEBIT_CARD,TAKEAWAY,5,9
TXN105153,S005,2024-10-04,21:32,Friday,3,50.0,0.0,7.5,57.5,DEBIT_CARD,DRIVE_THRU,5,8
TXN105154,S005,2024-10-04,18:20,Friday,4,71.0,0.0,10.65,81.65,DEBIT_CARD,DRIVE_THRU,4,7
TXN105155,S005,2024-10-04,13:56,Friday,2,26.0,0.0,3.9,29.9,CREDIT_CARD,DELIVERY,4,39
TXN105156,S005,2024-10-04,15:36,Friday,3,52.0,0.0,7.8,59.8,DEBIT_CARD,DELIVERY,4,29
TXN105157,S005,2024-10-04,09:41,Friday,4,104.0,0.0,15.6,119.6,MADA,TAKEAWAY,3,12
TXN105158,S005,2024-10-04,14:20,Friday,4,86.0,0.0,12.9,98.9,DIGITAL_WALLET,TAKEAWAY,4,7
TXN105159,S005,2024-10-04,22:27,Friday,3,58.0,0.0,8.7,66.7,CREDIT_CARD,DINE_IN,2,15
TXN105160,S005,2024-10-04,18:08,Friday,3,50.0,0.0,7.5,57.5,CREDIT_CARD,DELIVERY,4,26
TXN105161,S005,2024-10-04,15:52,Friday,3,72.0,0.0,10.8,82.8,DEBIT_CARD,DRIVE_THRU,4,7
TXN105162,S005,2024-10-04,19:31,Friday,4,90.0,9.0,12.15,93.15,DEBIT_CARD,DINE_IN,4,15
TXN105163,S005,2024-10-04,12:35,Friday,2,51.0,0.0,7.65,58.65,CREDIT_CARD,DINE_IN,4,10
TXN105164,S005,2024-10-04,14:19,Friday,2,20.0,0.0,3.0,23.0,DIGITAL_WALLET,DINE_IN,4,6
TXN105165,S005,2024-10-04,12:43,Friday,4,80.0,0.0,12.0,92.0,DEBIT_CARD,DELIVERY,4,25
TXN105166,S005,2024-10-04,13:10,Friday,3,60.0,0.0,9.0,69.0,DEBIT_CARD,DRIVE_THRU,5,4
TXN105167,S005,2024-10-04,19:27,Friday,1,26.0,2.6,3.51,26.91,MADA,DRIVE_THRU,5,6
TXN105168,S005,2024-10-04,18:42,Friday,3,45.0,0.0,6.75,51.75,DIGITAL_WALLET,TAKEAWAY,4,10
TXN105169,S005,2024-10-04,12:42,Friday,3,72.0,0.0,10.8,82.8,DEBIT_CARD,DINE_IN,5,11
TXN105170,S005,2024-10-04,18:06,Friday,3,46.0,0.0,6.9,52.9,DIGITAL_WALLET,DELIVERY,4,28
TXN105171,S005,2024-10-04,13:26,Friday,2,48.0,0.0,7.2,55.2,CASH,DINE_IN,4,15
TXN105172,S005,2024-10-04,19:20,Friday,2,54.0,0.0,8.1,62.1,CREDIT_CARD,DINE_IN,4,11
TXN105173,S005,2024-10-04,19:42,Friday,4,67.0,0.0,10.05,77.05,DEBIT_CARD,DINE_IN,4,7
TXN105174,S005,2024-10-04,12:42,Friday,1,10.0,0.0,1.5,11.5,CREDIT_CARD,DINE_IN,5,8
TXN105175,S005,2024-10-04,19:32,Friday,5,95.0,0.0,14.25,109.25,DEBIT_CARD,DELIVERY,5,26
TXN105176,S005,2024-10-04,09:29,Friday,3,34.0,0.0,5.1,39.1,DIGITAL_WALLET,DELIVERY,3,29
TXN105177,S005,2024-10-04,20:52,Friday,4,80.0,8.0,10.8,82.8,CREDIT_CARD,DRIVE_THRU,5,5
TXN105178,S005,2024-10-04,12:50,Friday,5,93.0,0.0,13.95,106.95,DEBIT_CARD,TAKEAWAY,5,11
TXN105179,S005,2024-10-04,14:03,Friday,3,64.0,6.4,8.64,66.24,DIGITAL_WALLET,TAKEAWAY,4,11
TXN105180,S005,2024-10-04,18:43,Friday,2,18.0,0.0,2.7,20.7,DIGITAL_WALLET,DINE_IN,5,11
TXN105181,S005,2024-10-04,16:26,Friday,2,40.0,0.0,6.0,46.0,DEBIT_CARD,TAKEAWAY,4,6
TXN105182,S005,2024-10-04,18:16,Friday,1,12.0,0.0,1.8,13.8,DEBIT_CARD,DRIVE_THRU,4,7
TXN105183,S005,2024-10-04,13:54,Friday,2,33.0,3.3,4.46,34.16,CASH,DINE_IN,4,15
TXN105184,S005,2024-10-04,12:57,Friday,3,77.0,0.0,11.55,88.55,MADA,DINE_IN,4,15
TXN105185,S005,2024-10-04,18:41,Friday,2,50.0,5.0,6.75,51.75,MADA,DRIVE_THRU,4,3
TXN105186,S005,2024-10-04,21:34,Friday,3,76.0,0.0,11.4,87.4,CASH,DINE_IN,5,6
TXN105187,S005,2024-10-04,15:23,Friday,3,70.0,0.0,10.5,80.5,MADA,TAKEAWAY,5,15
TXN105188,S005,2024-10-04,19:47,Friday,2,41.0,0.0,6.15,47.15,CASH,DELIVERY,3,36
TXN105189,S005,2024-10-04,18:10,Friday,3,35.0,0.0,5.25,40.25,CASH,TAKEAWAY,5,8
TXN105190,S005,2024-10-04,11:05,Friday,4,85.0,0.0,12.75,97.75,DEBIT_CARD,DRIVE_THRU,5,8
TXN105191,S005,2024-10-04,16:27,Friday,4,68.0,0.0,10.2,78.2,DIGITAL_WALLET,DELIVERY,2,36
TXN105192,S005,2024-10-04,19:20,Friday,3,37.0,0.0,5.55,42.55,CREDIT_CARD,DINE_IN,4,12
TXN105193,S005,2024-10-04,11:21,Friday,2,40.0,0.0,6.0,46.0,MADA,DINE_IN,5,8
TXN105194,S005,2024-10-04,13:14,Friday,4,95.0,0.0,14.25,109.25,DIGITAL_WALLET,DELIVERY,5,33
TXN105195,S005,2024-10-04,19:32,Friday,3,49.0,0.0,7.35,56.35,DEBIT_CARD,DELIVERY,5,37
TXN105196,S005,2024-10-04,12:32,Friday,4,68.0,0.0,10.2,78.2,CASH,DRIVE_THRU,5,5
TXN105197,S005,2024-10-04,16:31,Friday,5,105.0,0.0,15.75,120.75,DEBIT_CARD,DINE_IN,3,15
TXN105198,S005,2024-10-04,13:03,Friday,3,37.0,0.0,5.55,42.55,MADA,TAKEAWAY,5,8
TXN105199,S005,2024-10-04,17:50,Friday,2,22.0,2.2,2.97,22.77,DEBIT_CARD,DINE_IN,3,8
TXN105200,S005,2024-10-04,18:33,Friday,4,99.0,9.9,13.36,102.46,DEBIT_CARD,TAKEAWAY,5,7
TXN105201,S005,2024-10-04,18:46,Friday,5,65.0,0.0,9.75,74.75,CREDIT_CARD,DINE_IN,5,12
TXN105202,S005,2024-10-04,18:55,Friday,2,48.0,0.0,7.2,55.2,DIGITAL_WALLET,TAKEAWAY,5,12
TXN105203,S005,2024-10-04,15:19,Friday,4,73.0,0.0,10.95,83.95,DIGITAL_WALLET,DINE_IN,5,6
TXN105204,S005,2024-10-04,17:45,Friday,1,28.0,0.0,4.2,32.2,DEBIT_CARD,DINE_IN,5,8
TXN105205,S005,2024-10-04,13:48,Friday,3,56.0,0.0,8.4,64.4,DIGITAL_WALLET,DRIVE_THRU,5,4
TXN105206,S005,2024-10-04,19:58,Friday,1,32.0,0.0,4.8,36.8,DIGITAL_WALLET,TAKEAWAY,4,11
TXN105207,S005,2024-10-04,18:06,Friday,4,55.0,0.0,8.25,63.25,DIGITAL_WALLET,TAKEAWAY,4,13
TXN105208,S005,2024-10-04,23:22,Friday,4,52.0,0.0,7.8,59.8,MADA,TAKEAWAY,3,9
TXN105209,S005,2024-10-04,19:05,Friday,3,58.0,5.8,7.83,60.03,MADA,DINE_IN,5,14
TXN105210,S005,2024-10-04,19:11,Friday,4,72.0,7.2,9.72,74.52,CREDIT_CARD,DRIVE_THRU,5,8
TXN105211,S005,2024-10-04,16:25,Friday,2,23.0,0.0,3.45,26.45,MADA,DELIVERY,3,20
TXN105212,S005,2024-10-04,12:24,Friday,4,80.0,0.0,12.0,92.0,CREDIT_CARD,DELIVERY,3,28
TXN105213,S005,2024-10-04,19:02,Friday,3,57.0,0.0,8.55,65.55,CREDIT_CARD,DRIVE_THRU,4,7
TXN105214,S005,2024-10-04,13:23,Friday,3,76.0,0.0,11.4,87.4,CASH,DINE_IN,4,15
TXN105215,S005,2024-10-04,18:10,Friday,4,83.0,0.0,12.45,95.45,CREDIT_CARD,TAKEAWAY,4,11
TXN105216,S005,2024-10-04,11:44,Friday,4,49.0,0.0,7.35,56.35,CREDIT_CARD,DELIVERY,4,30
TXN105217,S005,2024-10-04,14:04,Friday,5,94.0,0.0,14.1,108.1,MADA,DRIVE_THRU,5,5
TXN105218,S005,2024-10-04,17:53,Friday,3,58.0,0.0,8.7,66.7,CASH,DRIVE_THRU,5,3
TXN105219,S005,2024-10-04,09:49,Friday,2,53.0,5.3,7.16,54.86,CASH,DRIVE_THRU,4,8
TXN105220,S005,2024-10-04,15:13,Friday,3,81.0,0.0,12.15,93.15,CREDIT_CARD,DRIVE_THRU,3,5
TXN105221,S005,2024-10-04,19:09,Friday,2,37.0,0.0,5.55,42.55,MADA,TAKEAWAY,5,11
TXN105222,S005,2024-10-04,12:04,Friday,4,81.0,0.0,12.15,93.15,MADA,DRIVE_THRU,3,3
TXN105223,S005,2024-10-04,16:31,Friday,4,76.0,0.0,11.4,87.4,DIGITAL_WALLET,DELIVERY,5,35
TXN105224,S005,2024-10-04,18:26,Friday,2,56.0,0.0,8.4,64.4,CASH,DELIVERY,4,22
TXN105225,S005,2024-10-04,18:26,Friday,3,54.0,0.0,8.1,62.1,DIGITAL_WALLET,DRIVE_THRU,4,5
TXN105226,S005,2024-10-04,13:03,Friday,5,63.0,0.0,9.45,72.45,CREDIT_CARD,TAKEAWAY,4,12
TXN105227,S005,2024-10-04,15:43,Friday,4,82.0,0.0,12.3,94.3,MADA,DRIVE_THRU,5,8
TXN105228,S005,2024-10-04,19:50,Friday,1,15.0,0.0,2.25,17.25,DIGITAL_WALLET,DINE_IN,5,12
TXN105229,S005,2024-10-04,18:00,Friday,2,24.0,0.0,3.6,27.6,DIGITAL_WALLET,DRIVE_THRU,5,5
TXN105230,S005,2024-10-04,13:28,Friday,3,83.0,0.0,12.45,95.45,CASH,DRIVE_THRU,4,6
TXN105231,S005,2024-10-04,16:48,Friday,1,25.0,0.0,3.75,28.75,DEBIT_CARD,DELIVERY,5,22
TXN105232,S005,2024-10-04,18:54,Friday,3,45.0,0.0,6.75,51.75,MADA,TAKEAWAY,5,14
TXN105233,S005,2024-10-04,19:44,Friday,2,48.0,0.0,7.2,55.2,DIGITAL_WALLET,TAKEAWAY,4,5
TXN105234,S005,2024-10-04,18:13,Friday,3,30.0,0.0,4.5,34.5,DEBIT_CARD,DELIVERY,4,32
TXN105235,S005,2024-10-04,20:13,Friday,1,26.0,0.0,3.9,29.9,DIGITAL_WALLET,DELIVERY,3,36
TXN105236,S005,2024-10-04,11:08,Friday,2,22.0,0.0,3.3,25.3,DEBIT_CARD,DINE_IN,3,11
TXN105237,S005,2024-10-04,13:48,Friday,2,38.0,0.0,5.7,43.7,DEBIT_CARD,DELIVERY,5,40
TXN105238,S005,2024-10-04,18:14,Friday,1,18.0,0.0,2.7,20.7,DIGITAL_WALLET,TAKEAWAY,3,15
TXN105239,S005,2024-10-04,12:28,Friday,3,64.0,0.0,9.6,73.6,MADA,DINE_IN,4,6
TXN105240,S005,2024-10-04,10:09,Friday,2,18.0,0.0,2.7,20.7,DIGITAL_WALLET,DELIVERY,3,34
TXN105241,S005,2024-10-04,18:15,Friday,3,45.0,0.0,6.75,51.75,CREDIT_CARD,DRIVE_THRU,4,4
TXN105242,S005,2024-10-04,19:33,Friday,3,35.0,0.0,5.25,40.25,DIGITAL_WALLET,DRIVE_THRU,4,3
TXN105243,S005,2024-10-04,21:13,Friday,3,33.0,0.0,4.95,37.95,DIGITAL_WALLET,DELIVERY,3,24
TXN105244,S005,2024-10-04,12:02,Friday,3,40.0,0.0,6.0,46.0,MADA,TAKEAWAY,4,15
TXN105245,S005,2024-10-04,13:07,Friday,3,51.0,0.0,7.65,58.65,DEBIT_CARD,TAKEAWAY,2,8
TXN105246,S005,2024-10-04,20:59,Friday,2,28.0,0.0,4.2,32.2,CASH,TAKEAWAY,4,7
TXN105247,S005,2024-10-04,14:40,Friday,3,68.0,0.0,10.2,78.2,DIGITAL_WALLET,TAKEAWAY,5,12
TXN105248,S005,2024-10-04,19:34,Friday,4,64.0,6.4,8.64,66.24,CASH,DINE_IN,4,14
TXN105249,S005,2024-10-04,14:58,Friday,3,58.0,0.0,8.7,66.7,DEBIT_CARD,DRIVE_THRU,5,5
TXN105250,S005,2024-10-04,10:27,Friday,2,51.0,0.0,7.65,58.65,CASH,DRIVE_THRU,4,5
TXN105251,S005,2024-10-04,23:44,Friday,3,55.0,0.0,8.25,63.25,MADA,DELIVERY,5,23
TXN105252,S005,2024-10-04,18:52,Friday,3,77.0,0.0,11.55,88.55,DEBIT_CARD,DINE_IN,4,10
TXN105253,S005,2024-10-04,22:11,Friday,2,45.0,0.0,6.75,51.75,DEBIT_CARD,TAKEAWAY,5,11
TXN105254,S005,2024-10-04,18:33,Friday,2,40.0,0.0,6.0,46.0,DEBIT_CARD,DRIVE_THRU,4,8
TXN105255,S005,2024-10-04,18:33,Friday,4,64.0,0.0,9.6,73.6,MADA,DRIVE_THRU,5,5
TXN105256,S005,2024-10-04,18:56,Friday,5,105.0,0.0,15.75,120.75,DEBIT_CARD,TAKEAWAY,5,10
TXN105257,S005,2024-10-04,19:31,Friday,2,55.0,0.0,8.25,63.25,DEBIT_CARD,DRIVE_THRU,5,5
TXN105258,S005,2024-10-04,18:25,Friday,2,40.0,0.0,6.0,46.0,MADA,TAKEAWAY,4,7
TXN105259,S005,2024-10-04,12:44,Friday,3,59.0,0.0,8.85,67.85,DEBIT_CARD,DRIVE_THRU,4,3
TXN105260,S005,2024-10-04,08:31,Friday,1,12.0,0.0,1.8,13.8,CASH,TAKEAWAY,5,14
TXN105261,S005,2024-10-04,15:57,Friday,3,58.0,0.0,8.7,66.7,CASH,DELIVERY,3,31
TXN105262,S005,2024-10-04,12:35,Friday,2,30.0,3.0,4.05,31.05,DIGITAL_WALLET,DINE_IN,3,5
TXN105263,S005,2024-10-04,16:55,Friday,1,28.0,0.0,4.2,32.2,MADA,DINE_IN,5,10
TXN105264,S005,2024-10-04,17:59,Friday,2,48.0,0.0,7.2,55.2,CREDIT_CARD,DRIVE_THRU,5,5
TXN105265,S005,2024-10-04,13:27,Friday,2,56.0,0.0,8.4,64.4,DEBIT_CARD,DELIVERY,4,22
TXN105266,S005,2024-10-04,12:51,Friday,4,72.0,0.0,10.8,82.8,MADA,DRIVE_THRU,3,3
TXN105267,S005,2024-10-04,12:05,Friday,2,28.0,0.0,4.2,32.2,CASH,TAKEAWAY,1,15
TXN105268,S005,2024-10-04,18:27,Friday,3,70.0,0.0,10.5,80.5,CREDIT_CARD,TAKEAWAY,5,15
TXN105269,S005,2024-10-04,19:51,Friday,2,37.0,3.7,4.99,38.29,MADA,DINE_IN,2,8
TXN105270,S005,2024-10-04,22:43,Friday,2,48.0,0.0,7.2,55.2,CREDIT_CARD,DINE_IN,4,7
TXN105271,S005,2024-10-04,17:56,Friday,5,79.0,0.0,11.85,90.85,CREDIT_CARD,DINE_IN,5,7
TXN105272,S005,2024-10-04,17:03,Friday,2,40.0,0.0,6.0,46.0,DEBIT_CARD,TAKEAWAY,5,13
TXN105273,S005,2024-10-04,21:47,Friday,2,58.0,0.0,8.7,66.7,CASH,DELIVERY,5,37
TXN105274,S005,2024-10-04,13:33,Friday,3,53.0,0.0,7.95,60.95,CASH,DELIVERY,4,20
TXN105275,S005,2024-10-04,18:15,Friday,3,50.0,0.0,7.5,57.5,MADA,DRIVE_THRU,5,8
TXN105276,S005,2024-10-04,19:03,Friday,3,43.0,0.0,6.45,49.45,MADA,TAKEAWAY,2,11
TXN105277,S005,2024-10-04,13:14,Friday,1,10.0,1.0,1.35,10.35,DEBIT_CARD,TAKEAWAY,5,14
TXN105278,S005,2024-10-04,18:19,Friday,2,47.0,0.0,7.05,54.05,CASH,DRIVE_THRU,5,8
TXN105279,S005,2024-10-04,19:14,Friday,4,65.0,0.0,9.75,74.75,DIGITAL_WALLET,DINE_IN,5,10
TXN105280,S005,2024-10-04,09:22,Friday,3,30.0,0.0,4.5,34.5,DIGITAL_WALLET,DELIVERY,4,38
TXN105281,S005,2024-10-04,12:51,Friday,3,58.0,5.8,7.83,60.03,MADA,DELIVERY,4,27
TXN105282,S005,2024-10-04,15:56,Friday,3,76.0,0.0,11.4,87.4,CREDIT_CARD,DINE_IN,5,14
TXN105283,S005,2024-10-04,19:59,Friday,2,46.0,0.0,6.9,52.9,CREDIT_CARD,TAKEAWAY,4,9
TXN105284,S005,2024-10-04,16:58,Friday,4,91.0,0.0,13.65,104.65,CASH,DINE_IN,5,14
TXN105285,S005,2024-10-04,10:27,Friday,3,68.0,0.0,10.2,78.2,CREDIT_CARD,DINE_IN,5,8
TXN105286,S005,2024-10-04,08:57,Friday,5,123.0,0.0,18.45,141.45,MADA,DINE_IN,3,11
TXN105287,S005,2024-10-04,12:12,Friday,3,46.0,0.0,6.9,52.9,CREDIT_CARD,DELIVERY,4,32
TXN105288,S005,2024-10-04,21:58,Friday,3,51.0,0.0,7.65,58.65,DEBIT_CARD,DINE_IN,2,10
TXN105289,S005,2024-10-04,20:36,Friday,3,48.0,0.0,7.2,55.2,DIGITAL_WALLET,DELIVERY,5,21
TXN105290,S005,2024-10-04,20:54,Friday,2,42.0,0.0,6.3,48.3,DEBIT_CARD,TAKEAWAY,4,13
TXN105291,S005,2024-10-04,18:30,Friday,3,53.0,0.0,7.95,60.95,CASH,DELIVERY,5,36
TXN105292,S005,2024-10-04,19:07,Friday,2,44.0,0.0,6.6,50.6,DEBIT_CARD,TAKEAWAY,4,14
TXN105293,S005,2024-10-04,18:21,Friday,2,44.0,4.4,5.94,45.54,DIGITAL_WALLET,DELIVERY,4,24
TXN105294,S005,2024-10-04,20:25,Friday,3,43.0,0.0,6.45,49.45,DEBIT_CARD,DELIVERY,4,40
TXN105295,S005,2024-10-04,18:14,Friday,3,39.0,0.0,5.85,44.85,MADA,DELIVERY,4,21
TXN105296,S005,2024-10-04,12:14,Friday,2,56.0,0.0,8.4,64.4,MADA,DINE_IN,5,7
TXN105297,S005,2024-10-04,12:27,Friday,5,98.0,9.8,13.23,101.43,DIGITAL_WALLET,DRIVE_THRU,4,4
TXN105298,S005,2024-10-04,14:45,Friday,2,40.0,0.0,6.0,46.0,CREDIT_CARD,DRIVE_THRU,3,5
TXN105299,S005,2024-10-04,11:12,Friday,1,30.0,0.0,4.5,34.5,CASH,DINE_IN,5,5
TXN105300,S005,2024-10-04,12:32,Friday,2,55.0,0.0,8.25,63.25,MADA,DRIVE_THRU,4,8
TXN105301,S005,2024-10-04,12:49,Friday,3,54.0,0.0,8.1,62.1,CASH,TAKEAWAY,4,7
TXN105302,S005,2024-10-04,13:34,Friday,2,33.0,0.0,4.95,37.95,CASH,DRIVE_THRU,5,5
TXN105303,S005,2024-10-04,18:43,Friday,3,48.0,0.0,7.2,55.2,DEBIT_CARD,DINE_IN,5,8
TXN105304,S005,2024-10-04,18:09,Friday,3,59.0,0.0,8.85,67.85,DEBIT_CARD,TAKEAWAY,4,14
TXN105305,S005,2024-10-04,19:03,Friday,2,38.0,0.0,5.7,43.7,DEBIT_CARD,DRIVE_THRU,4,3
TXN105306,S005,2024-10-04,16:38,Friday,2,20.0,2.0,2.7,20.7,CREDIT_CARD,DELIVERY,3,24
TXN105307,S005,2024-10-04,16:27,Friday,2,33.0,3.3,4.46,34.16,DIGITAL_WALLET,DINE_IN,5,5
TXN105308,S005,2024-10-04,20:41,Friday,3,75.0,0.0,11.25,86.25,DEBIT_CARD,DRIVE_THRU,5,6
TXN105309,S005,2024-10-04,18:22,Friday,4,85.0,0.0,12.75,97.75,DEBIT_CARD,TAKEAWAY,5,6
TXN105310,S005,2024-10-04,13:19,Friday,5,82.0,0.0,12.3,94.3,MADA,DELIVERY,1,39
TXN105311,S005,2024-10-04,11:17,Friday,1,12.0,0.0,1.8,13.8,CASH,DINE_IN,4,14
TXN105312,S005,2024-10-04,13:41,Friday,2,35.0,0.0,5.25,40.25,MADA,DELIVERY,3,38
TXN105313,S005,2024-10-04,19:41,Friday,2,38.0,0.0,5.7,43.7,CREDIT_CARD,TAKEAWAY,4,12
TXN105314,S005,2024-10-04,12:25,Friday,3,68.0,0.0,10.2,78.2,CREDIT_CARD,DINE_IN,4,13
TXN105315,S005,2024-10-04,13:08,Friday,4,94.0,0.0,14.1,108.1,MADA,DINE_IN,4,5
TXN105316,S005,2024-10-04,19:46,Friday,4,73.0,0.0,10.95,83.95,CASH,TAKEAWAY,5,9
TXN105317,S005,2024-10-04,13:46,Friday,2,28.0,2.8,3.78,28.98,CASH,TAKEAWAY,4,5
TXN105318,S005,2024-10-04,09:31,Friday,3,71.0,0.0,10.65,81.65,DIGITAL_WALLET,DRIVE_THRU,3,6
TXN105319,S005,2024-10-04,12:27,Friday,3,63.0,0.0,9.45,72.45,CREDIT_CARD,TAKEAWAY,5,10
TXN105320,S005,2024-10-04,18:16,Friday,3,50.0,0.0,7.5,57.5,CREDIT_CARD,TAKEAWAY,5,15
TXN105321,S005,2024-10-04,20:16,Friday,3,68.0,0.0,10.2,78.2,MADA,TAKEAWAY,5,9
TXN105322,S005,2024-10-04,19:06,Friday,2,22.0,0.0,3.3,25.3,MADA,TAKEAWAY,4,11
TXN105323,S005,2024-10-04,10:24,Friday,4,64.0,0.0,9.6,73.6,DIGITAL_WALLET,DRIVE_THRU,4,3
TXN105324,S005,2024-10-04,18:05,Friday,2,40.0,0.0,6.0,46.0,DIGITAL_WALLET,DELIVERY,3,22
TXN105325,S005,2024-10-04,18:54,Friday,1,30.0,0.0,4.5,34.5,DIGITAL_WALLET,DELIVERY,5,40
TXN105326,S005,2024-10-04,22:10,Friday,3,66.0,6.6,8.91,68.31,DIGITAL_WALLET,DRIVE_THRU,4,8
TXN105327,S005,2024-10-04,18:11,Friday,2,33.0,0.0,4.95,37.95,DIGITAL_WALLET,DRIVE_THRU,4,7
TXN105328,S005,2024-10-04,13:36,Friday,2,26.0,0.0,3.9,29.9,DEBIT_CARD,DINE_IN,5,9
TXN105329,S005,2024-10-04,19:20,Friday,2,43.0,0.0,6.45,49.45,DEBIT_CARD,TAKEAWAY,4,6
TXN105330,S005,2024-10-04,12:54,Friday,4,48.0,0.0,7.2,55.2,CREDIT_CARD,DRIVE_THRU,4,6
TXN105331,S005,2024-10-04,14:49,Friday,3,90.0,9.0,12.15,93.15,CREDIT_CARD,DINE_IN,4,15
TXN105332,S005,2024-10-04,19:44,Friday,5,103.0,10.3,13.9,106.6,DEBIT_CARD,DRIVE_THRU,5,5
TXN105333,S005,2024-10-04,13:49,Friday,4,63.0,0.0,9.45,72.45,CREDIT_CARD,TAKEAWAY,5,8
TXN105334,S005,2024-10-04,17:08,Friday,2,35.0,0.0,5.25,40.25,MADA,DRIVE_THRU,5,8
TXN105335,S005,2024-10-04,12:48,Friday,2,42.0,4.2,5.67,43.47,CREDIT_CARD,DELIVERY,5,33
TXN105336,S005,2024-10-04,21:01,Friday,4,67.0,0.0,10.05,77.05,DEBIT_CARD,TAKEAWAY,3,10
TXN105337,S005,2024-10-04,15:20,Friday,3,68.0,6.8,9.18,70.38,CASH,DINE_IN,5,5
TXN105338,S005,2024-10-04,12:56,Friday,2,56.0,0.0,8.4,64.4,DEBIT_CARD,DINE_IN,3,11
TXN105339,S005,2024-10-04,18:14,Friday,2,34.0,0.0,5.1,39.1,DEBIT_CARD,DINE_IN,4,7
TXN105340,S005,2024-10-04,21:26,Friday,4,63.0,0.0,9.45,72.45,DEBIT_CARD,DELIVERY,3,35
TXN105341,S001,2024-10-05,13:02,Saturday,2,50.0,0.0,7.5,57.5,MADA,TAKEAWAY,4,13
TXN105342,S001,2024-10-05,19:49,Saturday,4,64.0,0.0,9.6,73.6,CASH,DRIVE_THRU,3,7
TXN105343,S001,2024-10-05,13:12,Saturday,4,67.0,0.0,10.05,77.05,DEBIT_CARD,TAKEAWAY,4,5
TXN105344,S001,2024-10-05,12:45,Saturday,2,28.0,0.0,4.2,32.2,CASH,DINE_IN,5,10
TXN105345,S001,2024-10-05,14:36,Saturday,3,64.0,0.0,9.6,73.6,DEBIT_CARD,DELIVERY,4,34
TXN105346,S001,2024-10-05,22:35,Saturday,3,53.0,0.0,7.95,60.95,CASH,DRIVE_THRU,5,5
TXN105347,S001,2024-10-05,14:01,Saturday,5,99.0,0.0,14.85,113.85,CASH,DELIVERY,1,37
TXN105348,S001,2024-10-05,14:36,Saturday,5,102.0,0.0,15.3,117.3,CASH,DELIVERY,4,34
TXN105349,S001,2024-10-05,13:07,Saturday,2,44.0,0.0,6.6,50.6,CASH,DINE_IN,3,6
TXN105350,S001,2024-10-05,13:07,Saturday,3,33.0,0.0,4.95,37.95,DIGITAL_WALLET,DRIVE_THRU,4,4
TXN105351,S001,2024-10-05,12:30,Saturday,1,8.0,0.0,1.2,9.2,MADA,TAKEAWAY,4,11
TXN105352,S001,2024-10-05,16:51,Saturday,4,53.0,0.0,7.95,60.95,CASH,TAKEAWAY,3,6
TXN105353,S001,2024-10-05,10:42,Saturday,3,67.0,0.0,10.05,77.05,DEBIT_CARD,TAKEAWAY,3,14
TXN105354,S001,2024-10-05,21:46,Saturday,2,55.0,5.5,7.42,56.92,DEBIT_CARD,DELIVERY,4,22
TXN105355,S001,2024-10-05,18:59,Saturday,2,40.0,0.0,6.0,46.0,DIGITAL_WALLET,DELIVERY,4,21
TXN105356,S001,2024-10-05,17:40,Saturday,3,36.0,0.0,5.4,41.4,DIGITAL_WALLET,DRIVE_THRU,5,7
TXN105357,S001,2024-10-05,13:16,Saturday,4,105.0,0.0,15.75,120.75,CREDIT_CARD,DINE_IN,3,13
TXN105358,S001,2024-10-05,14:27,Saturday,2,46.0,0.0,6.9,52.9,CASH,DINE_IN,5,5
TXN105359,S001,2024-10-05,18:55,Saturday,4,72.0,0.0,10.8,82.8,DEBIT_CARD,DINE_IN,4,10
TXN105360,S001,2024-10-05,19:35,Saturday,2,44.0,0.0,6.6,50.6,DEBIT_CARD,TAKEAWAY,5,7
TXN105361,S001,2024-10-05,22:44,Saturday,3,70.0,7.0,9.45,72.45,CREDIT_CARD,DRIVE_THRU,5,5
TXN105362,S001,2024-10-05,15:20,Saturday,3,58.0,0.0,8.7,66.7,CREDIT_CARD,DELIVERY,4,39
TXN105363,S001,2024-10-05,20:25,Saturday,1,25.0,0.0,3.75,28.75,CASH,DINE_IN,4,15
TXN105364,S001,2024-10-05,13:23,Saturday,3,41.0,0.0,6.15,47.15,CREDIT_CARD,TAKEAWAY,5,11
TXN105365,S001,2024-10-05,16:11,Saturday,1,32.0,0.0,4.8,36.8,MADA,DINE_IN,3,9
TXN105366,S001,2024-10-05,19:49,Saturday,2,57.0,0.0,8.55,65.55,MADA,DINE_IN,4,12
TXN105367,S001,2024-10-05,08:00,Saturday,3,58.0,0.0,8.7,66.7,CREDIT_CARD,DELIVERY,5,23
TXN105368,S001,2024-10-05,19:43,Saturday,2,42.0,0.0,6.3,48.3,CREDIT_CARD,DRIVE_THRU,3,3
TXN105369,S001,2024-10-05,12:54,Saturday,2,40.0,0.0,6.0,46.0,DIGITAL_WALLET,DINE_IN,4,5
TXN105370,S001,2024-10-05,13:41,Saturday,2,22.0,0.0,3.3,25.3,CREDIT_CARD,DELIVERY,3,22
TXN105371,S001,2024-10-05,16:02,Saturday,3,52.0,0.0,7.8,59.8,CASH,DRIVE_THRU,5,4
TXN105372,S001,2024-10-05,13:24,Saturday,3,52.0,0.0,7.8,59.8,CASH,DRIVE_THRU,5,4
TXN105373,S001,2024-10-05,11:06,Saturday,2,33.0,0.0,4.95,37.95,MADA,DELIVERY,5,29
TXN105374,S001,2024-10-05,12:26,Saturday,3,72.0,0.0,10.8,82.8,CREDIT_CARD,DINE_IN,4,14
TXN105375,S001,2024-10-05,09:13,Saturday,3,55.0,0.0,8.25,63.25,CASH,DELIVERY,5,40
TXN105376,S001,2024-10-05,13:54,Saturday,4,69.0,0.0,10.35,79.35,DEBIT_CARD,TAKEAWAY,5,8
TXN105377,S001,2024-10-05,13:47,Saturday,4,56.0,0.0,8.4,64.4,CREDIT_CARD,DRIVE_THRU,3,5
TXN105378,S001,2024-10-05,18:53,Saturday,2,22.0,0.0,3.3,25.3,MADA,TAKEAWAY,5,14
TXN105379,S001,2024-10-05,12:16,Saturday,3,37.0,0.0,5.55,42.55,MADA,DRIVE_THRU,5,4
TXN105380,S001,2024-10-05,13:07,Saturday,3,55.0,0.0,8.25,63.25,DIGITAL_WALLET,DELIVERY,3,26
TXN105381,S001,2024-10-05,20:50,Saturday,3,67.0,6.7,9.04,69.34,DEBIT_CARD,DELIVERY,5,36
TXN105382,S001,2024-10-05,12:56,Saturday,4,85.0,0.0,12.75,97.75,DIGITAL_WALLET,DINE_IN,5,15
TXN105383,S001,2024-10-05,13:07,Saturday,2,40.0,0.0,6.0,46.0,DIGITAL_WALLET,TAKEAWAY,3,11
TXN105384,S001,2024-10-05,21:10,Saturday,3,68.0,0.0,10.2,78.2,DIGITAL_WALLET,DELIVERY,5,29
TXN105385,S001,2024-10-05,12:31,Saturday,3,42.0,0.0,6.3,48.3,DIGITAL_WALLET,DELIVERY,4,40
TXN105386,S001,2024-10-05,19:11,Saturday,2,23.0,0.0,3.45,26.45,CASH,DINE_IN,5,8
TXN105387,S001,2024-10-05,12:31,Saturday,3,44.0,0.0,6.6,50.6,DIGITAL_WALLET,DINE_IN,3,11
TXN105388,S001,2024-10-05,18:30,Saturday,2,33.0,3.3,4.46,34.16,MADA,DELIVERY,5,37
TXN105389,S001,2024-10-05,13:19,Saturday,3,57.0,0.0,8.55,65.55,CASH,DRIVE_THRU,4,7
TXN105390,S001,2024-10-05,21:44,Saturday,2,43.0,0.0,6.45,49.45,CREDIT_CARD,DRIVE_THRU,5,6
TXN105391,S001,2024-10-05,17:45,Saturday,3,85.0,0.0,12.75,97.75,DIGITAL_WALLET,TAKEAWAY,2,10
TXN105392,S001,2024-10-05,18:39,Saturday,4,56.0,0.0,8.4,64.4,MADA,DELIVERY,5,21
TXN105393,S001,2024-10-05,14:00,Saturday,2,40.0,0.0,6.0,46.0,DIGITAL_WALLET,DINE_IN,3,5
TXN105394,S001,2024-10-05,12:13,Saturday,1,12.0,0.0,1.8,13.8,CREDIT_CARD,DELIVERY,5,30
TXN105395,S001,2024-10-05,18:52,Saturday,1,12.0,0.0,1.8,13.8,CREDIT_CARD,DINE_IN,4,7
TXN105396,S001,2024-10-05,12:50,Saturday,2,18.0,0.0,2.7,20.7,CREDIT_CARD,DELIVERY,2,23
TXN105397,S001,2024-10-05,21:40,Saturday,4,52.0,0.0,7.8,59.8,CREDIT_CARD,TAKEAWAY,4,12
TXN105398,S001,2024-10-05,17:29,Saturday,2,20.0,0.0,3.0,23.0,CREDIT_CARD,TAKEAWAY,1,13
TXN105399,S001,2024-10-05,19:11,Saturday,2,25.0,0.0,3.75,28.75,DEBIT_CARD,DELIVERY,5,36
TXN105400,S001,2024-10-05,13:29,Saturday,2,43.0,0.0,6.45,49.45,CASH,TAKEAWAY,4,9
TXN105401,S001,2024-10-05,18:54,Saturday,3,55.0,0.0,8.25,63.25,MADA,TAKEAWAY,3,7
TXN105402,S001,2024-10-05,19:32,Saturday,1,30.0,3.0,4.05,31.05,CASH,DELIVERY,4,40
TXN105403,S001,2024-10-05,12:07,Saturday,5,80.0,0.0,12.0,92.0,DIGITAL_WALLET,TAKEAWAY,4,8
TXN105404,S001,2024-10-05,09:21,Saturday,5,93.0,0.0,13.95,106.95,DEBIT_CARD,DRIVE_THRU,5,4
TXN105405,S001,2024-10-05,14:52,Saturday,4,80.0,0.0,12.0,92.0,MADA,DELIVERY,5,40
TXN105406,S001,2024-10-05,13:59,Saturday,2,47.0,0.0,7.05,54.05,MADA,DRIVE_THRU,5,6
TXN105407,S001,2024-10-05,19:17,Saturday,4,60.0,0.0,9.0,69.0,DIGITAL_WALLET,DRIVE_THRU,3,7
TXN105408,S001,2024-10-05,11:31,Saturday,1,10.0,0.0,1.5,11.5,DEBIT_CARD,DINE_IN,2,12
TXN105409,S001,2024-10-05,14:10,Saturday,2,20.0,0.0,3.0,23.0,CASH,DELIVERY,3,37
TXN105410,S001,2024-10-05,12:22,Saturday,1,15.0,0.0,2.25,17.25,DIGITAL_WALLET,DINE_IN,5,6
TXN105411,S001,2024-10-05,14:50,Saturday,4,45.0,0.0,6.75,51.75,DIGITAL_WALLET,DINE_IN,5,7
TXN105412,S001,2024-10-05,18:39,Saturday,1,32.0,0.0,4.8,36.8,CREDIT_CARD,DINE_IN,5,13
TXN105413,S001,2024-10-05,19:59,Saturday,4,72.0,0.0,10.8,82.8,MADA,DINE_IN,5,5
TXN105414,S001,2024-10-05,11:24,Saturday,1,30.0,0.0,4.5,34.5,DEBIT_CARD,DRIVE_THRU,5,8
TXN105415,S001,2024-10-05,19:25,Saturday,3,54.0,5.4,7.29,55.89,DEBIT_CARD,DINE_IN,4,7
TXN105416,S001,2024-10-05,18:21,Saturday,3,59.0,0.0,8.85,67.85,DIGITAL_WALLET,DINE_IN,3,6
TXN105417,S001,2024-10-05,14:37,Saturday,2,20.0,0.0,3.0,23.0,DEBIT_CARD,TAKEAWAY,4,15
TXN105418,S001,2024-10-05,19:05,Saturday,3,56.0,0.0,8.4,64.4,DIGITAL_WALLET,TAKEAWAY,5,10
TXN105419,S001,2024-10-05,22:00,Saturday,3,47.0,0.0,7.05,54.05,CASH,DINE_IN,3,13
TXN105420,S001,2024-10-05,12:06,Saturday,2,42.0,0.0,6.3,48.3,MADA,DRIVE_THRU,4,3
TXN105421,S001,2024-10-05,19:19,Saturday,3,65.0,0.0,9.75,74.75,MADA,TAKEAWAY,4,14
TXN105422,S001,2024-10-05,13:50,Saturday,2,45.0,0.0,6.75,51.75,CASH,DINE_IN,5,14
TXN105423,S001,2024-10-05,15:33,Saturday,3,60.0,0.0,9.0,69.0,CASH,DINE_IN,4,14
TXN105424,S001,2024-10-05,13:42,Saturday,1,12.0,1.2,1.62,12.42,CASH,TAKEAWAY,5,11
TXN105425,S001,2024-10-05,11:00,Saturday,2,47.0,0.0,7.05,54.05,DIGITAL_WALLET,DELIVERY,5,29
TXN105426,S001,2024-10-05,19:34,Saturday,3,66.0,0.0,9.9,75.9,MADA,TAKEAWAY,3,9
TXN105427,S001,2024-10-05,19:58,Saturday,4,62.0,0.0,9.3,71.3,DIGITAL_WALLET,DRIVE_THRU,4,5
TXN105428,S001,2024-10-05,12:16,Saturday,1,10.0,0.0,1.5,11.5,DEBIT_CARD,TAKEAWAY,5,7
TXN105429,S001,2024-10-05,11:14,Saturday,4,81.0,8.1,10.94,83.84,MADA,DINE_IN,4,15
TXN105430,S001,2024-10-05,22:37,Saturday,3,69.0,0.0,10.35,79.35,CREDIT_CARD,DRIVE_THRU,2,7
TXN105431,S001,2024-10-05,09:28,Saturday,1,15.0,0.0,2.25,17.25,MADA,TAKEAWAY,4,12
TXN105432,S001,2024-10-05,12:44,Saturday,3,36.0,0.0,5.4,41.4,DEBIT_CARD,DELIVERY,5,40
TXN105433,S001,2024-10-05,10:51,Saturday,2,38.0,0.0,5.7,43.7,CASH,DRIVE_THRU,5,5
TXN105434,S001,2024-10-05,13:22,Saturday,2,35.0,0.0,5.25,40.25,DIGITAL_WALLET,DELIVERY,4,33
TXN105435,S001,2024-10-05,15:21,Saturday,3,54.0,0.0,8.1,62.1,DIGITAL_WALLET,DINE_IN,3,15
TXN105436,S001,2024-10-05,09:21,Saturday,3,58.0,0.0,8.7,66.7,DIGITAL_WALLET,DRIVE_THRU,5,6
TXN105437,S001,2024-10-05,12:46,Saturday,4,63.0,6.3,8.51,65.21,CASH,DRIVE_THRU,3,7
TXN105438,S001,2024-10-05,19:32,Saturday,3,46.0,0.0,6.9,52.9,MADA,TAKEAWAY,5,15
TXN105439,S001,2024-10-05,18:33,Saturday,3,83.0,0.0,12.45,95.45,CREDIT_CARD,DRIVE_THRU,4,8
TXN105440,S001,2024-10-05,19:34,Saturday,2,58.0,0.0,8.7,66.7,CASH,DINE_IN,5,8
TXN105441,S001,2024-10-05,20:34,Saturday,3,76.0,7.6,10.26,78.66,CASH,DINE_IN,4,11
TXN105442,S001,2024-10-05,13:19,Saturday,4,90.0,0.0,13.5,103.5,CASH,DELIVERY,4,20
TXN105443,S001,2024-10-05,12:22,Saturday,3,58.0,5.8,7.83,60.03,DEBIT_CARD,DINE_IN,3,12
TXN105444,S001,2024-10-05,19:36,Saturday,1,15.0,0.0,2.25,17.25,MADA,DINE_IN,5,14
TXN105445,S001,2024-10-05,20:33,Saturday,4,58.0,0.0,8.7,66.7,CREDIT_CARD,TAKEAWAY,3,14
TXN105446,S001,2024-10-05,20:26,Saturday,1,10.0,0.0,1.5,11.5,DIGITAL_WALLET,TAKEAWAY,5,12
TXN105447,S001,2024-10-05,20:29,Saturday,2,33.0,0.0,4.95,37.95,MADA,DELIVERY,5,25
TXN105448,S001,2024-10-05,18:39,Saturday,1,25.0,0.0,3.75,28.75,MADA,TAKEAWAY,5,13
TXN105449,S001,2024-10-05,19:42,Saturday,3,83.0,0.0,12.45,95.45,CREDIT_CARD,TAKEAWAY,5,12
TXN105450,S001,2024-10-05,10:02,Saturday,4,62.0,0.0,9.3,71.3,CREDIT_CARD,DELIVERY,4,37
TXN105451,S001,2024-10-05,11:47,Saturday,5,57.0,0.0,8.55,65.55,MADA,DELIVERY,5,23
TXN105452,S001,2024-10-05,12:36,Saturday,2,48.0,0.0,7.2,55.2,CASH,TAKEAWAY,5,6
TXN105453,S001,2024-10-05,13:10,Saturday,1,30.0,0.0,4.5,34.5,MADA,DELIVERY,3,25
TXN105454,S001,2024-10-05,17:48,Saturday,4,78.0,0.0,11.7,89.7,DIGITAL_WALLET,TAKEAWAY,5,8
TXN105455,S001,2024-10-05,19:53,Saturday,3,71.0,0.0,10.65,81.65,DIGITAL_WALLET,DRIVE_THRU,4,7
TXN105456,S001,2024-10-05,18:00,Saturday,2,35.0,0.0,5.25,40.25,MADA,DELIVERY,5,27
TXN105457,S001,2024-10-05,21:11,Saturday,4,66.0,0.0,9.9,75.9,MADA,TAKEAWAY,4,6
TXN105458,S001,2024-10-05,16:51,Saturday,3,70.0,0.0,10.5,80.5,CASH,DINE_IN,5,14
TXN105459,S001,2024-10-05,18:59,Saturday,5,72.0,0.0,10.8,82.8,DIGITAL_WALLET,DINE_IN,4,10
TXN105460,S001,2024-10-05,11:48,Saturday,1,10.0,0.0,1.5,11.5,DIGITAL_WALLET,DRIVE_THRU,4,8
TXN105461,S001,2024-10-05,14:04,Saturday,1,10.0,0.0,1.5,11.5,CASH,DRIVE_THRU,4,5
TXN105462,S001,2024-10-05,15:58,Saturday,4,60.0,6.0,8.1,62.1,CASH,DELIVERY,4,22
TXN105463,S001,2024-10-05,13:54,Saturday,4,85.0,0.0,12.75,97.75,DEBIT_CARD,TAKEAWAY,5,12
TXN105464,S001,2024-10-05,13:09,Saturday,4,96.0,0.0,14.4,110.4,MADA,DRIVE_THRU,5,7
TXN105465,S001,2024-10-05,12:44,Saturday,1,30.0,0.0,4.5,34.5,CASH,DRIVE_THRU,5,8
TXN105466,S001,2024-10-05,13:47,Saturday,1,12.0,0.0,1.8,13.8,CASH,DRIVE_THRU,3,8
TXN105467,S001,2024-10-05,13:38,Saturday,2,56.0,0.0,8.4,64.4,DIGITAL_WALLET,DELIVERY,4,35
TXN105468,S001,2024-10-05,18:17,Saturday,4,63.0,0.0,9.45,72.45,DEBIT_CARD,DINE_IN,5,9
TXN105469,S001,2024-10-05,16:09,Saturday,3,36.0,0.0,5.4,41.4,CASH,TAKEAWAY,4,12
TXN105470,S001,2024-10-05,19:59,Saturday,2,18.0,0.0,2.7,20.7,DIGITAL_WALLET,DELIVERY,4,29
TXN105471,S001,2024-10-05,13:49,Saturday,3,61.0,0.0,9.15,70.15,CREDIT_CARD,DELIVERY,4,24
TXN105472,S001,2024-10-05,19:39,Saturday,3,57.0,0.0,8.55,65.55,CREDIT_CARD,TAKEAWAY,5,8
TXN105473,S001,2024-10-05,13:05,Saturday,3,35.0,0.0,5.25,40.25,CASH,DELIVERY,4,35
TXN105474,S001,2024-10-05,18:28,Saturday,2,45.0,0.0,6.75,51.75,CASH,DINE_IN,3,13
TXN105475,S001,2024-10-05,17:54,Saturday,4,65.0,0.0,9.75,74.75,DIGITAL_WALLET,TAKEAWAY,4,9
TXN105476,S001,2024-10-05,19:11,Saturday,5,72.0,0.0,10.8,82.8,DEBIT_CARD,TAKEAWAY,3,6
TXN105477,S001,2024-10-05,14:16,Saturday,4,65.0,0.0,9.75,74.75,CASH,DELIVERY,4,24
TXN105478,S001,2024-10-05,10:57,Saturday,1,30.0,0.0,4.5,34.5,CREDIT_CARD,TAKEAWAY,5,13
TXN105479,S001,2024-10-05,19:46,Saturday,3,33.0,0.0,4.95,37.95,DEBIT_CARD,TAKEAWAY,5,5
TXN105480,S001,2024-10-05,19:06,Saturday,3,38.0,0.0,5.7,43.7,DIGITAL_WALLET,TAKEAWAY,2,10
TXN105481,S001,2024-10-05,13:55,Saturday,2,40.0,4.0,5.4,41.4,CREDIT_CARD,DELIVERY,5,31
TXN105482,S001,2024-10-05,13:44,Saturday,3,38.0,0.0,5.7,43.7,MADA,TAKEAWAY,5,8
TXN105483,S001,2024-10-05,20:07,Saturday,2,56.0,5.6,7.56,57.96,CREDIT_CARD,DRIVE_THRU,5,6
TXN105484,S001,2024-10-05,19:05,Saturday,2,40.0,4.0,5.4,41.4,CREDIT_CARD,DINE_IN,5,14
TXN105485,S001,2024-10-05,17:02,Saturday,3,45.0,0.0,6.75,51.75,DEBIT_CARD,DELIVERY,4,35
TXN105486,S001,2024-10-05,12:43,Saturday,3,44.0,0.0,6.6,50.6,MADA,DINE_IN,3,15
TXN105487,S001,2024-10-05,18:04,Saturday,3,57.0,0.0,8.55,65.55,DEBIT_CARD,DRIVE_THRU,4,7
TXN105488,S001,2024-10-05,18:33,Saturday,2,26.0,0.0,3.9,29.9,DIGITAL_WALLET,DRIVE_THRU,3,6
TXN105489,S001,2024-10-05,20:32,Saturday,2,25.0,0.0,3.75,28.75,CASH,DRIVE_THRU,4,8
TXN105490,S001,2024-10-05,12:58,Saturday,2,26.0,0.0,3.9,29.9,MADA,DINE_IN,4,11
TXN105491,S001,2024-10-05,14:52,Saturday,1,25.0,0.0,3.75,28.75,CREDIT_CARD,DINE_IN,5,7
TXN105492,S001,2024-10-05,20:27,Saturday,2,20.0,0.0,3.0,23.0,MADA,TAKEAWAY,3,9
TXN105493,S001,2024-10-05,13:19,Saturday,2,62.0,0.0,9.3,71.3,MADA,DELIVERY,5,21
TXN105494,S001,2024-10-05,18:11,Saturday,3,58.0,0.0,8.7,66.7,MADA,DINE_IN,5,7
TXN105495,S001,2024-10-05,12:11,Saturday,5,90.0,9.0,12.15,93.15,DIGITAL_WALLET,DELIVERY,2,29
TXN105496,S001,2024-10-05,19:45,Saturday,2,36.0,0.0,5.4,41.4,DIGITAL_WALLET,DINE_IN,1,13
TXN105497,S001,2024-10-05,19:28,Saturday,3,60.0,6.0,8.1,62.1,CASH,DRIVE_THRU,3,8
TXN105498,S001,2024-10-05,14:30,Saturday,2,20.0,0.0,3.0,23.0,CREDIT_CARD,DRIVE_THRU,4,5
TXN105499,S001,2024-10-05,20:19,Saturday,3,74.0,0.0,11.1,85.1,CREDIT_CARD,DRIVE_THRU,3,4
TXN105500,S001,2024-10-05,17:42,Saturday,4,82.0,0.0,12.3,94.3,DIGITAL_WALLET,DRIVE_THRU,2,5
TXN105501,S001,2024-10-05,17:34,Saturday,2,33.0,0.0,4.95,37.95,DEBIT_CARD,DELIVERY,4,39
TXN105502,S001,2024-10-05,14:09,Saturday,2,62.0,0.0,9.3,71.3,CASH,DRIVE_THRU,4,5
TXN105503,S001,2024-10-05,21:32,Saturday,3,74.0,0.0,11.1,85.1,CASH,TAKEAWAY,4,9
TXN105504,S001,2024-10-05,11:59,Saturday,4,65.0,0.0,9.75,74.75,CASH,TAKEAWAY,4,14
TXN105505,S001,2024-10-05,18:46,Saturday,5,81.0,0.0,12.15,93.15,DEBIT_CARD,DELIVERY,5,35
TXN105506,S001,2024-10-05,13:38,Saturday,5,94.0,0.0,14.1,108.1,DIGITAL_WALLET,TAKEAWAY,3,15
TXN105507,S001,2024-10-05,10:19,Saturday,2,35.0,0.0,5.25,40.25,DIGITAL_WALLET,DRIVE_THRU,4,5
TXN105508,S001,2024-10-05,22:33,Saturday,2,38.0,0.0,5.7,43.7,CASH,DINE_IN,3,10
TXN105509,S001,2024-10-05,17:22,Saturday,3,53.0,0.0,7.95,60.95,CREDIT_CARD,TAKEAWAY,4,7
TXN105510,S001,2024-10-05,16:04,Saturday,3,66.0,0.0,9.9,75.9,CASH,DRIVE_THRU,4,6
TXN105511,S001,2024-10-05,19:59,Saturday,4,78.0,0.0,11.7,89.7,DIGITAL_WALLET,DELIVERY,4,35
TXN105512,S001,2024-10-05,10:41,Saturday,3,40.0,4.0,5.4,41.4,CASH,TAKEAWAY,5,9
TXN105513,S001,2024-10-05,12:42,Saturday,5,91.0,0.0,13.65,104.65,CASH,DRIVE_THRU,3,3
TXN105514,S001,2024-10-05,19:56,Saturday,4,66.0,0.0,9.9,75.9,CASH,DRIVE_THRU,3,3
TXN105515,S001,2024-10-05,13:08,Saturday,3,54.0,0.0,8.1,62.1,DEBIT_CARD,TAKEAWAY,5,5
TXN105516,S001,2024-10-05,17:33,Saturday,1,15.0,0.0,2.25,17.25,DIGITAL_WALLET,DINE_IN,5,5
TXN105517,S001,2024-10-05,19:18,Saturday,3,59.0,0.0,8.85,67.85,DEBIT_CARD,DINE_IN,5,12
TXN105518,S001,2024-10-05,12:02,Saturday,4,63.0,0.0,9.45,72.45,MADA,DELIVERY,4,33
TXN105519,S001,2024-10-05,19:11,Saturday,3,77.0,7.7,10.39,79.69,DEBIT_CARD,DINE_IN,3,9
TXN105520,S001,2024-10-05,20:21,Saturday,1,30.0,0.0,4.5,34.5,DIGITAL_WALLET,DINE_IN,5,15
TXN105521,S001,2024-10-05,13:54,Saturday,4,84.0,0.0,12.6,96.6,DEBIT_CARD,TAKEAWAY,5,11
TXN105522,S001,2024-10-05,17:24,Saturday,3,47.0,0.0,7.05,54.05,CASH,DELIVERY,3,36
TXN105523,S001,2024-10-05,13:01,Saturday,1,28.0,0.0,4.2,32.2,CASH,DRIVE_THRU,5,6
TXN105524,S001,2024-10-05,13:28,Saturday,3,72.0,0.0,10.8,82.8,CREDIT_CARD,DRIVE_THRU,3,4
TXN105525,S001,2024-10-05,12:54,Saturday,3,30.0,0.0,4.5,34.5,CREDIT_CARD,TAKEAWAY,4,7
TXN105526,S001,2024-10-05,18:09,Saturday,4,75.0,7.5,10.12,77.62,DEBIT_CARD,DELIVERY,3,35
TXN105527,S001,2024-10-05,14:29,Saturday,3,57.0,5.7,7.69,58.99,CASH,DINE_IN,1,10
TXN105528,S001,2024-10-05,18:54,Saturday,5,86.0,0.0,12.9,98.9,CREDIT_CARD,DRIVE_THRU,5,4
TXN105529,S001,2024-10-05,21:32,Saturday,3,85.0,0.0,12.75,97.75,MADA,TAKEAWAY,5,8
TXN105530,S001,2024-10-05,11:20,Saturday,5,68.0,0.0,10.2,78.2,MADA,TAKEAWAY,4,10
TXN105531,S001,2024-10-05,15:06,Saturday,4,80.0,0.0,12.0,92.0,MADA,DRIVE_THRU,5,6
TXN105532,S001,2024-10-05,10:47,Saturday,3,50.0,0.0,7.5,57.5,DEBIT_CARD,DINE_IN,3,8
TXN105533,S001,2024-10-05,18:05,Saturday,2,22.0,0.0,3.3,25.3,CASH,DELIVERY,3,27
TXN105534,S001,2024-10-05,12:25,Saturday,3,50.0,5.0,6.75,51.75,DIGITAL_WALLET,DRIVE_THRU,4,6
TXN105535,S001,2024-10-05,18:04,Saturday,1,10.0,0.0,1.5,11.5,CASH,DELIVERY,4,38
TXN105536,S001,2024-10-05,16:11,Saturday,3,90.0,0.0,13.5,103.5,DIGITAL_WALLET,DRIVE_THRU,5,6
TXN105537,S001,2024-10-05,15:26,Saturday,4,68.0,0.0,10.2,78.2,CASH,DELIVERY,3,33
TXN105538,S001,2024-10-05,18:24,Saturday,1,10.0,0.0,1.5,11.5,CASH,DINE_IN,5,13
TXN105539,S001,2024-10-05,12:36,Saturday,2,60.0,0.0,9.0,69.0,DEBIT_CARD,TAKEAWAY,4,10
TXN105540,S001,2024-10-05,17:15,Saturday,1,12.0,0.0,1.8,13.8,CREDIT_CARD,TAKEAWAY,3,9
TXN105541,S001,2024-10-05,18:08,Saturday,3,43.0,4.3,5.81,44.51,DIGITAL_WALLET,DINE_IN,5,10
TXN105542,S001,2024-10-05,18:34,Saturday,3,45.0,0.0,6.75,51.75,DIGITAL_WALLET,DELIVERY,5,25
TXN105543,S001,2024-10-05,12:26,Saturday,4,64.0,0.0,9.6,73.6,MADA,DRIVE_THRU,2,4
TXN105544,S001,2024-10-05,19:22,Saturday,3,32.0,0.0,4.8,36.8,CREDIT_CARD,DELIVERY,5,39
TXN105545,S001,2024-10-05,11:54,Saturday,4,58.0,0.0,8.7,66.7,MADA,DRIVE_THRU,5,7
TXN105546,S001,2024-10-05,19:57,Saturday,2,36.0,0.0,5.4,41.4,DIGITAL_WALLET,DRIVE_THRU,4,6
TXN105547,S001,2024-10-05,18:43,Saturday,3,64.0,6.4,8.64,66.24,MADA,DINE_IN,4,12
TXN105548,S001,2024-10-05,11:31,Saturday,3,70.0,0.0,10.5,80.5,CASH,DRIVE_THRU,2,6
TXN105549,S001,2024-10-05,19:27,Saturday,1,25.0,0.0,3.75,28.75,DEBIT_CARD,DINE_IN,4,14
TXN105550,S001,2024-10-05,10:17,Saturday,3,50.0,5.0,6.75,51.75,CASH,DINE_IN,4,5
TXN105551,S001,2024-10-05,19:43,Saturday,3,67.0,0.0,10.05,77.05,MADA,DINE_IN,4,5
TXN105552,S001,2024-10-05,11:46,Saturday,4,86.0,0.0,12.9,98.9,MADA,DINE_IN,4,12
TXN105553,S001,2024-10-05,19:09,Saturday,2,42.0,0.0,6.3,48.3,DIGITAL_WALLET,DELIVERY,4,22
TXN105554,S001,2024-10-05,17:58,Saturday,3,48.0,0.0,7.2,55.2,CASH,DELIVERY,5,40
TXN105555,S001,2024-10-05,17:53,Saturday,2,25.0,0.0,3.75,28.75,DIGITAL_WALLET,DELIVERY,4,21
TXN105556,S001,2024-10-05,20:40,Saturday,5,87.0,0.0,13.05,100.05,MADA,DINE_IN,5,8
TXN105557,S001,2024-10-05,12:33,Saturday,4,47.0,0.0,7.05,54.05,DIGITAL_WALLET,TAKEAWAY,4,6
TXN105558,S001,2024-10-05,12:25,Saturday,3,60.0,0.0,9.0,69.0,MADA,DRIVE_THRU,5,6
TXN105559,S001,2024-10-05,19:43,Saturday,1,8.0,0.0,1.2,9.2,DIGITAL_WALLET,TAKEAWAY,4,9
TXN105560,S001,2024-10-05,20:46,Saturday,3,42.0,0.0,6.3,48.3,DEBIT_CARD,TAKEAWAY,4,12
TXN105561,S001,2024-10-05,12:42,Saturday,4,66.0,0.0,9.9,75.9,DEBIT_CARD,DINE_IN,5,11
TXN105562,S001,2024-10-05,17:12,Saturday,3,52.0,0.0,7.8,59.8,CREDIT_CARD,DRIVE_THRU,4,5
TXN105563,S001,2024-10-05,18:59,Saturday,3,53.0,0.0,7.95,60.95,DIGITAL_WALLET,DELIVERY,4,34
TXN105564,S001,2024-10-05,12:52,Saturday,3,50.0,5.0,6.75,51.75,DEBIT_CARD,DRIVE_THRU,3,6
TXN105565,S001,2024-10-05,23:13,Saturday,2,40.0,4.0,5.4,41.4,DEBIT_CARD,TAKEAWAY,5,14
TXN105566,S001,2024-10-05,12:40,Saturday,3,66.0,0.0,9.9,75.9,DEBIT_CARD,DELIVERY,5,35
TXN105567,S001,2024-10-05,14:48,Saturday,2,18.0,0.0,2.7,20.7,DIGITAL_WALLET,DINE_IN,4,14
TXN105568,S001,2024-10-05,19:53,Saturday,3,61.0,0.0,9.15,70.15,CASH,DELIVERY,5,27
TXN105569,S001,2024-10-05,19:18,Saturday,3,55.0,0.0,8.25,63.25,DIGITAL_WALLET,DINE_IN,5,9
TXN105570,S001,2024-10-05,17:25,Saturday,3,70.0,0.0,10.5,80.5,MADA,DELIVERY,5,32
TXN105571,S001,2024-10-05,12:12,Saturday,3,56.0,0.0,8.4,64.4,DIGITAL_WALLET,DRIVE_THRU,5,8
TXN105572,S001,2024-10-05,19:29,Saturday,2,36.0,0.0,5.4,41.4,CREDIT_CARD,TAKEAWAY,2,8
TXN105573,S001,2024-10-05,12:06,Saturday,2,25.0,0.0,3.75,28.75,CASH,DINE_IN,4,6
TXN105574,S001,2024-10-05,15:00,Saturday,2,28.0,0.0,4.2,32.2,MADA,DRIVE_THRU,5,3
TXN105575,S001,2024-10-05,15:05,Saturday,4,80.0,0.0,12.0,92.0,CREDIT_CARD,DINE_IN,5,14
TXN105576,S001,2024-10-05,18:02,Saturday,2,55.0,0.0,8.25,63.25,CASH,TAKEAWAY,4,6
TXN105577,S001,2024-10-05,21:30,Saturday,4,82.0,0.0,12.3,94.3,DEBIT_CARD,DELIVERY,4,22
TXN105578,S001,2024-10-05,19:11,Saturday,5,99.0,0.0,14.85,113.85,DEBIT_CARD,DINE_IN,4,11
TXN105579,S001,2024-10-05,14:01,Saturday,3,57.0,0.0,8.55,65.55,DEBIT_CARD,TAKEAWAY,4,5
TXN105580,S001,2024-10-05,14:18,Saturday,2,36.0,0.0,5.4,41.4,DEBIT_CARD,DINE_IN,2,14
TXN105581,S001,2024-10-05,11:23,Saturday,2,37.0,3.7,4.99,38.29,DIGITAL_WALLET,TAKEAWAY,4,15
TXN105582,S001,2024-10-05,19:30,Saturday,3,74.0,0.0,11.1,85.1,DEBIT_CARD,DELIVERY,3,28
TXN105583,S001,2024-10-05,17:27,Saturday,2,50.0,0.0,7.5,57.5,DEBIT_CARD,DRIVE_THRU,4,3
TXN105584,S001,2024-10-05,18:42,Saturday,2,42.0,0.0,6.3,48.3,DEBIT_CARD,DINE_IN,5,11
TXN105585,S001,2024-10-05,21:38,Saturday,2,35.0,0.0,5.25,40.25,DIGITAL_WALLET,DELIVERY,3,26
TXN105586,S001,2024-10-05,12:29,Saturday,1,28.0,0.0,4.2,32.2,MADA,DINE_IN,5,11
TXN105587,S001,2024-10-05,19:57,Saturday,4,75.0,0.0,11.25,86.25,MADA,DINE_IN,4,7
TXN105588,S001,2024-10-05,18:23,Saturday,1,18.0,1.8,2.43,18.63,DIGITAL_WALLET,DRIVE_THRU,4,8
TXN105589,S001,2024-10-05,19:09,Saturday,3,51.0,0.0,7.65,58.65,CREDIT_CARD,DRIVE_THRU,5,6
TXN105590,S001,2024-10-05,13:47,Saturday,4,101.0,0.0,15.15,116.15,CASH,DRIVE_THRU,4,8
TXN105591,S001,2024-10-05,20:13,Saturday,1,28.0,0.0,4.2,32.2,CREDIT_CARD,DINE_IN,4,15
TXN105592,S001,2024-10-05,18:17,Saturday,2,27.0,0.0,4.05,31.05,DIGITAL_WALLET,TAKEAWAY,4,15
TXN105593,S001,2024-10-05,19:27,Saturday,1,18.0,0.0,2.7,20.7,CASH,TAKEAWAY,3,7
TXN105594,S001,2024-10-05,12:45,Saturday,2,62.0,0.0,9.3,71.3,DEBIT_CARD,DRIVE_THRU,3,5
TXN105595,S001,2024-10-05,12:27,Saturday,2,20.0,0.0,3.0,23.0,DEBIT_CARD,DELIVERY,5,40
TXN105596,S001,2024-10-05,09:17,Saturday,3,56.0,0.0,8.4,64.4,DEBIT_CARD,TAKEAWAY,5,6
TXN105597,S001,2024-10-05,19:27,Saturday,3,38.0,0.0,5.7,43.7,CASH,DRIVE_THRU,4,6
TXN105598,S001,2024-10-05,17:52,Saturday,4,81.0,0.0,12.15,93.15,CASH,DRIVE_THRU,4,8
TXN105599,S001,2024-10-05,13:55,Saturday,3,34.0,0.0,5.1,39.1,CREDIT_CARD,DRIVE_THRU,3,4
TXN105600,S001,2024-10-05,21:16,Saturday,2,45.0,0.0,6.75,51.75,MADA,DRIVE_THRU,4,8
TXN105601,S001,2024-10-05,11:21,Saturday,2,35.0,0.0,5.25,40.25,MADA,TAKEAWAY,5,13
TXN105602,S001,2024-10-05,13:22,Saturday,3,47.0,0.0,7.05,54.05,CASH,TAKEAWAY,4,8
TXN105603,S001,2024-10-05,13:04,Saturday,1,12.0,0.0,1.8,13.8,CASH,TAKEAWAY,5,7
TXN105604,S001,2024-10-05,19:13,Saturday,2,42.0,0.0,6.3,48.3,DEBIT_CARD,DELIVERY,5,27
TXN105605,S001,2024-10-05,13:23,Saturday,2,28.0,0.0,4.2,32.2,CASH,TAKEAWAY,4,9
TXN105606,S001,2024-10-05,16:45,Saturday,3,54.0,5.4,7.29,55.89,DIGITAL_WALLET,TAKEAWAY,3,5
TXN105607,S001,2024-10-05,11:27,Saturday,4,109.0,0.0,16.35,125.35,DIGITAL_WALLET,TAKEAWAY,5,9
TXN105608,S001,2024-10-05,18:18,Saturday,3,63.0,0.0,9.45,72.45,MADA,DRIVE_THRU,4,5
TXN105609,S001,2024-10-05,12:33,Saturday,4,80.0,0.0,12.0,92.0,DIGITAL_WALLET,DRIVE_THRU,5,7
TXN105610,S001,2024-10-05,19:32,Saturday,2,22.0,0.0,3.3,25.3,CASH,DRIVE_THRU,3,3
TXN105611,S001,2024-10-05,18:08,Saturday,2,44.0,4.4,5.94,45.54,MADA,DELIVERY,5,26
TXN105612,S001,2024-10-05,18:43,Saturday,2,50.0,0.0,7.5,57.5,CREDIT_CARD,TAKEAWAY,5,14
TXN105613,S001,2024-10-05,12:54,Saturday,5,106.0,10.6,14.31,109.71,CREDIT_CARD,DRIVE_THRU,4,7
TXN105614,S001,2024-10-05,20:08,Saturday,4,50.0,0.0,7.5,57.5,CREDIT_CARD,DELIVERY,5,28
TXN105615,S001,2024-10-05,20:10,Saturday,3,84.0,0.0,12.6,96.6,DEBIT_CARD,DINE_IN,4,15
TXN105616,S001,2024-10-05,15:41,Saturday,1,30.0,0.0,4.5,34.5,MADA,DINE_IN,4,10
TXN105617,S001,2024-10-05,10:24,Saturday,3,66.0,6.6,8.91,68.31,MADA,DELIVERY,5,25
TXN105618,S001,2024-10-05,21:03,Saturday,3,52.0,0.0,7.8,59.8,CREDIT_CARD,TAKEAWAY,5,5
TXN105619,S001,2024-10-05,09:36,Saturday,3,47.0,0.0,7.05,54.05,CASH,DINE_IN,5,6
TXN105620,S001,2024-10-05,13:37,Saturday,4,78.0,0.0,11.7,89.7,CREDIT_CARD,TAKEAWAY,3,10
TXN105621,S001,2024-10-05,18:51,Saturday,3,86.0,0.0,12.9,98.9,MADA,TAKEAWAY,4,13
TXN105622,S001,2024-10-05,18:17,Saturday,4,66.0,0.0,9.9,75.9,DIGITAL_WALLET,TAKEAWAY,3,9
TXN105623,S001,2024-10-05,22:42,Saturday,4,50.0,0.0,7.5,57.5,CASH,DELIVERY,4,40
TXN105624,S001,2024-10-05,16:02,Saturday,3,60.0,0.0,9.0,69.0,CASH,DRIVE_THRU,4,4
TXN105625,S001,2024-10-05,14:14,Saturday,4,88.0,0.0,13.2,101.2,DEBIT_CARD,DINE_IN,5,15
TXN105626,S001,2024-10-05,11:20,Saturday,3,33.0,0.0,4.95,37.95,CASH,DELIVERY,5,37
TXN105627,S001,2024-10-05,15:24,Saturday,2,35.0,0.0,5.25,40.25,CASH,DINE_IN,5,13
TXN105628,S001,2024-10-05,19:39,Saturday,4,85.0,0.0,12.75,97.75,DIGITAL_WALLET,DELIVERY,5,30
TXN105629,S001,2024-10-05,11:13,Saturday,2,27.0,0.0,4.05,31.05,MADA,DINE_IN,4,6
TXN105630,S001,2024-10-05,12:28,Saturday,4,78.0,7.8,10.53,80.73,CASH,DINE_IN,1,11
TXN105631,S001,2024-10-05,12:10,Saturday,2,55.0,0.0,8.25,63.25,DEBIT_CARD,DELIVERY,5,38
TXN105632,S001,2024-10-05,19:20,Saturday,1,8.0,0.0,1.2,9.2,MADA,DINE_IN,5,12
TXN105633,S001,2024-10-05,16:42,Saturday,2,42.0,0.0,6.3,48.3,MADA,DINE_IN,4,8
TXN105634,S001,2024-10-05,14:35,Saturday,4,95.0,0.0,14.25,109.25,DEBIT_CARD,DRIVE_THRU,2,5
TXN105635,S001,2024-10-05,18:03,Saturday,3,78.0,0.0,11.7,89.7,DIGITAL_WALLET,DELIVERY,4,37
TXN105636,S001,2024-10-05,11:34,Saturday,3,72.0,0.0,10.8,82.8,MADA,DRIVE_THRU,4,6
TXN105637,S001,2024-10-05,13:48,Saturday,4,80.0,0.0,12.0,92.0,DEBIT_CARD,DINE_IN,5,11
TXN105638,S001,2024-10-05,13:33,Saturday,2,27.0,0.0,4.05,31.05,MADA,DINE_IN,4,11
TXN105639,S001,2024-10-05,13:01,Saturday,4,82.0,0.0,12.3,94.3,DEBIT_CARD,DRIVE_THRU,5,5
TXN105640,S001,2024-10-05,18:22,Saturday,3,48.0,0.0,7.2,55.2,CASH,DELIVERY,5,33
TXN105641,S001,2024-10-05,13:45,Saturday,2,48.0,0.0,7.2,55.2,DIGITAL_WALLET,DINE_IN,5,11
TXN105642,S001,2024-10-05,16:32,Saturday,3,48.0,0.0,7.2,55.2,CREDIT_CARD,DRIVE_THRU,2,7
TXN105643,S001,2024-10-05,15:40,Saturday,4,80.0,0.0,12.0,92.0,DIGITAL_WALLET,DRIVE_THRU,4,8
TXN105644,S001,2024-10-05,12:21,Saturday,4,70.0,0.0,10.5,80.5,DIGITAL_WALLET,TAKEAWAY,4,10
TXN105645,S001,2024-10-05,19:34,Saturday,1,8.0,0.0,1.2,9.2,DEBIT_CARD,DRIVE_THRU,4,6
TXN105646,S001,2024-10-05,14:44,Saturday,4,89.0,0.0,13.35,102.35,DEBIT_CARD,TAKEAWAY,5,10
TXN105647,S001,2024-10-05,16:11,Saturday,2,35.0,0.0,5.25,40.25,DIGITAL_WALLET,DELIVERY,3,32
TXN105648,S001,2024-10-05,10:36,Saturday,4,103.0,10.3,13.9,106.6,MADA,DINE_IN,4,15
TXN105649,S001,2024-10-05,13:54,Saturday,3,48.0,0.0,7.2,55.2,CASH,TAKEAWAY,4,13
TXN105650,S001,2024-10-05,20:39,Saturday,3,58.0,0.0,8.7,66.7,CASH,TAKEAWAY,5,11
TXN105651,S001,2024-10-05,19:31,Saturday,2,51.0,0.0,7.65,58.65,CREDIT_CARD,DINE_IN,5,8
TXN105652,S001,2024-10-05,11:49,Saturday,2,28.0,0.0,4.2,32.2,DIGITAL_WALLET,DELIVERY,5,22
TXN105653,S001,2024-10-05,11:08,Saturday,2,40.0,0.0,6.0,46.0,CREDIT_CARD,TAKEAWAY,4,5
TXN105654,S002,2024-10-05,19:26,Saturday,3,78.0,0.0,11.7,89.7,CREDIT_CARD,TAKEAWAY,3,11
TXN105655,S002,2024-10-05,14:13,Saturday,4,70.0,0.0,10.5,80.5,DIGITAL_WALLET,DINE_IN,3,15
TXN105656,S002,2024-10-05,21:11,Saturday,4,60.0,0.0,9.0,69.0,CREDIT_CARD,DRIVE_THRU,5,6
TXN105657,S002,2024-10-05,11:21,Saturday,3,63.0,0.0,9.45,72.45,CASH,DINE_IN,5,13
TXN105658,S002,2024-10-05,12:12,Saturday,3,66.0,6.6,8.91,68.31,DEBIT_CARD,DRIVE_THRU,2,8
TXN105659,S002,2024-10-05,14:46,Saturday,2,44.0,0.0,6.6,50.6,DEBIT_CARD,DRIVE_THRU,4,3
TXN105660,S002,2024-10-05,13:18,Saturday,3,55.0,0.0,8.25,63.25,MADA,TAKEAWAY,4,15
TXN105661,S002,2024-10-05,11:32,Saturday,2,40.0,0.0,6.0,46.0,MADA,DRIVE_THRU,3,4
TXN105662,S002,2024-10-05,19:55,Saturday,4,58.0,0.0,8.7,66.7,CASH,TAKEAWAY,4,15
TXN105663,S002,2024-10-05,18:45,Saturday,1,26.0,0.0,3.9,29.9,DIGITAL_WALLET,DINE_IN,4,6
TXN105664,S002,2024-10-05,16:55,Saturday,5,69.0,0.0,10.35,79.35,CASH,DRIVE_THRU,5,5
TXN105665,S002,2024-10-05,11:06,Saturday,3,65.0,6.5,8.78,67.28,CASH,TAKEAWAY,4,6
TXN105666,S002,2024-10-05,18:19,Saturday,2,20.0,0.0,3.0,23.0,DIGITAL_WALLET,TAKEAWAY,5,14
TXN105667,S002,2024-10-05,19:24,Saturday,2,45.0,0.0,6.75,51.75,CASH,DINE_IN,4,7
TXN105668,S002,2024-10-05,10:19,Saturday,5,91.0,0.0,13.65,104.65,DEBIT_CARD,DRIVE_THRU,3,3
TXN105669,S002,2024-10-05,10:08,Saturday,2,36.0,0.0,5.4,41.4,DIGITAL_WALLET,DINE_IN,4,11
TXN105670,S002,2024-10-05,13:13,Saturday,3,72.0,0.0,10.8,82.8,MADA,TAKEAWAY,5,7
TXN105671,S002,2024-10-05,20:04,Saturday,1,26.0,0.0,3.9,29.9,MADA,DRIVE_THRU,4,3
TXN105672,S002,2024-10-05,19:39,Saturday,4,91.0,0.0,13.65,104.65,DIGITAL_WALLET,DELIVERY,3,40
TXN105673,S002,2024-10-05,21:44,Saturday,4,84.0,8.4,11.34,86.94,CASH,DINE_IN,4,6
TXN105674,S002,2024-10-05,09:43,Saturday,4,65.0,0.0,9.75,74.75,CASH,DELIVERY,4,32
TXN105675,S002,2024-10-05,20:34,Saturday,4,80.0,0.0,12.0,92.0,MADA,DELIVERY,3,40
TXN105676,S002,2024-10-05,12:29,Saturday,4,82.0,0.0,12.3,94.3,CASH,DRIVE_THRU,4,4
TXN105677,S002,2024-10-05,12:17,Saturday,3,48.0,0.0,7.2,55.2,DIGITAL_WALLET,TAKEAWAY,4,12
TXN105678,S002,2024-10-05,19:20,Saturday,2,28.0,0.0,4.2,32.2,CREDIT_CARD,DINE_IN,4,8
TXN105679,S002,2024-10-05,19:10,Saturday,4,75.0,0.0,11.25,86.25,MADA,DINE_IN,5,11
TXN105680,S002,2024-10-05,09:32,Saturday,2,20.0,0.0,3.0,23.0,CASH,DRIVE_THRU,3,4
TXN105681,S002,2024-10-05,18:17,Saturday,3,55.0,0.0,8.25,63.25,DEBIT_CARD,DELIVERY,4,32
TXN105682,S002,2024-10-05,19:50,Saturday,4,77.0,0.0,11.55,88.55,CREDIT_CARD,DINE_IN,5,12
TXN105683,S002,2024-10-05,12:47,Saturday,3,66.0,0.0,9.9,75.9,DIGITAL_WALLET,DINE_IN,3,14
TXN105684,S002,2024-10-05,11:14,Saturday,4,78.0,0.0,11.7,89.7,CASH,DRIVE_THRU,3,7
TXN105685,S002,2024-10-05,13:16,Saturday,2,38.0,0.0,5.7,43.7,MADA,DINE_IN,5,12
TXN105686,S002,2024-10-05,12:00,Saturday,4,80.0,0.0,12.0,92.0,DIGITAL_WALLET,DINE_IN,4,14
TXN105687,S002,2024-10-05,18:13,Saturday,2,23.0,0.0,3.45,26.45,DIGITAL_WALLET,DELIVERY,5,26
TXN105688,S002,2024-10-05,17:52,Saturday,3,40.0,0.0,6.0,46.0,MADA,DRIVE_THRU,4,8
TXN105689,S002,2024-10-05,17:05,Saturday,3,50.0,5.0,6.75,51.75,CREDIT_CARD,DELIVERY,4,30
TXN105690,S002,2024-10-05,13:23,Saturday,1,8.0,0.0,1.2,9.2,CASH,DINE_IN,4,7
TXN105691,S002,2024-10-05,15:32,Saturday,2,27.0,0.0,4.05,31.05,DIGITAL_WALLET,TAKEAWAY,5,15
TXN105692,S002,2024-10-05,15:45,Saturday,2,38.0,0.0,5.7,43.7,DEBIT_CARD,DELIVERY,5,33
TXN105693,S002,2024-10-05,19:22,Saturday,1,25.0,0.0,3.75,28.75,DIGITAL_WALLET,DELIVERY,3,21
TXN105694,S002,2024-10-05,11:16,Saturday,2,40.0,0.0,6.0,46.0,DEBIT_CARD,DELIVERY,4,20
TXN105695,S002,2024-10-05,11:41,Saturday,2,50.0,0.0,7.5,57.5,MADA,DELIVERY,4,26
TXN105696,S002,2024-10-05,11:03,Saturday,5,96.0,9.6,12.96,99.36,MADA,DRIVE_THRU,5,4
TXN105697,S002,2024-10-05,12:02,Saturday,2,57.0,0.0,8.55,65.55,DIGITAL_WALLET,TAKEAWAY,5,14
TXN105698,S002,2024-10-05,14:52,Saturday,4,65.0,0.0,9.75,74.75,CREDIT_CARD,DRIVE_THRU,4,6
TXN105699,S002,2024-10-05,15:03,Saturday,3,50.0,0.0,7.5,57.5,DIGITAL_WALLET,TAKEAWAY,4,9
TXN105700,S002,2024-10-05,18:26,Saturday,2,30.0,0.0,4.5,34.5,CASH,DINE_IN,3,8
TXN105701,S002,2024-10-05,13:58,Saturday,2,58.0,0.0,8.7,66.7,DEBIT_CARD,DRIVE_THRU,4,5
TXN105702,S002,2024-10-05,13:37,Saturday,2,43.0,0.0,6.45,49.45,DEBIT_CARD,TAKEAWAY,4,5
TXN105703,S002,2024-10-05,12:05,Saturday,2,36.0,0.0,5.4,41.4,MADA,DELIVERY,5,30
TXN105704,S002,2024-10-05,21:48,Saturday,3,64.0,0.0,9.6,73.6,CREDIT_CARD,DRIVE_THRU,3,8
TXN105705,S002,2024-10-05,19:58,Saturday,4,48.0,4.8,6.48,49.68,DIGITAL_WALLET,DELIVERY,5,20
TXN105706,S002,2024-10-05,13:33,Saturday,4,65.0,0.0,9.75,74.75,MADA,DELIVERY,5,38
TXN105707,S002,2024-10-05,12:37,Saturday,2,18.0,0.0,2.7,20.7,MADA,TAKEAWAY,5,13
TXN105708,S002,2024-10-05,18:00,Saturday,1,15.0,0.0,2.25,17.25,DEBIT_CARD,DRIVE_THRU,4,5
TXN105709,S002,2024-10-05,21:46,Saturday,2,36.0,0.0,5.4,41.4,DIGITAL_WALLET,DINE_IN,5,6
TXN105710,S002,2024-10-05,14:50,Saturday,4,82.0,0.0,12.3,94.3,CREDIT_CARD,TAKEAWAY,5,7
TXN105711,S002,2024-10-05,20:02,Saturday,4,60.0,0.0,9.0,69.0,MADA,DELIVERY,5,20
TXN105712,S002,2024-10-05,20:28,Saturday,3,60.0,0.0,9.0,69.0,MADA,DINE_IN,2,9
TXN105713,S002,2024-10-05,16:37,Saturday,2,28.0,2.8,3.78,28.98,DEBIT_CARD,DELIVERY,3,29
TXN105714,S002,2024-10-05,17:28,Saturday,3,65.0,0.0,9.75,74.75,DEBIT_CARD,TAKEAWAY,5,9
TXN105715,S002,2024-10-05,08:32,Saturday,4,42.0,0.0,6.3,48.3,CASH,DELIVERY,5,32
TXN105716,S002,2024-10-05,18:53,Saturday,2,50.0,0.0,7.5,57.5,CREDIT_CARD,TAKEAWAY,5,14
TXN105717,S002,2024-10-05,09:04,Saturday,2,33.0,0.0,4.95,37.95,DEBIT_CARD,TAKEAWAY,5,8
TXN105718,S002,2024-10-05,12:49,Saturday,3,55.0,0.0,8.25,63.25,MADA,DINE_IN,4,10
TXN105719,S002,2024-10-05,18:51,Saturday,3,59.0,0.0,8.85,67.85,DIGITAL_WALLET,TAKEAWAY,5,12
TXN105720,S002,2024-10-05,13:27,Saturday,2,37.0,0.0,5.55,42.55,DIGITAL_WALLET,TAKEAWAY,4,11
TXN105721,S002,2024-10-05,12:28,Saturday,2,55.0,0.0,8.25,63.25,CASH,DINE_IN,5,13
TXN105722,S002,2024-10-05,13:51,Saturday,2,51.0,5.1,6.88,52.78,DIGITAL_WALLET,DINE_IN,4,12
TXN105723,S002,2024-10-05,13:35,Saturday,2,27.0,0.0,4.05,31.05,CREDIT_CARD,DRIVE_THRU,4,3
TXN105724,S002,2024-10-05,12:05,Saturday,1,12.0,0.0,1.8,13.8,MADA,DRIVE_THRU,5,5
TXN105725,S002,2024-10-05,18:49,Saturday,1,32.0,3.2,4.32,33.12,CASH,DRIVE_THRU,2,3
TXN105726,S002,2024-10-05,18:51,Saturday,2,33.0,3.3,4.46,34.16,DEBIT_CARD,TAKEAWAY,4,6
TXN105727,S002,2024-10-05,23:55,Saturday,4,92.0,0.0,13.8,105.8,CASH,DRIVE_THRU,4,8
TXN105728,S002,2024-10-05,17:16,Saturday,4,60.0,0.0,9.0,69.0,CASH,DRIVE_THRU,4,8
TXN105729,S002,2024-10-05,19:28,Saturday,2,45.0,0.0,6.75,51.75,CREDIT_CARD,DELIVERY,4,29
TXN105730,S002,2024-10-05,18:03,Saturday,4,75.0,0.0,11.25,86.25,DEBIT_CARD,TAKEAWAY,4,14
TXN105731,S002,2024-10-05,18:58,Saturday,4,66.0,0.0,9.9,75.9,CREDIT_CARD,DINE_IN,5,13
TXN105732,S002,2024-10-05,18:01,Saturday,3,57.0,0.0,8.55,65.55,DEBIT_CARD,DELIVERY,4,38
TXN105733,S002,2024-10-05,14:23,Saturday,4,72.0,0.0,10.8,82.8,MADA,DELIVERY,4,39
TXN105734,S002,2024-10-05,16:08,Saturday,3,79.0,0.0,11.85,90.85,CREDIT_CARD,TAKEAWAY,5,15
TXN105735,S002,2024-10-05,13:58,Saturday,3,53.0,0.0,7.95,60.95,DEBIT_CARD,TAKEAWAY,4,9
TXN105736,S002,2024-10-05,13:20,Saturday,1,30.0,0.0,4.5,34.5,MADA,DRIVE_THRU,4,8
TXN105737,S002,2024-10-05,09:48,Saturday,3,64.0,0.0,9.6,73.6,CREDIT_CARD,DINE_IN,5,5
TXN105738,S002,2024-10-05,08:40,Saturday,2,20.0,2.0,2.7,20.7,DIGITAL_WALLET,DRIVE_THRU,5,6
TXN105739,S002,2024-10-05,13:20,Saturday,2,44.0,0.0,6.6,50.6,CREDIT_CARD,DINE_IN,3,13
TXN105740,S002,2024-10-05,11:39,Saturday,1,10.0,0.0,1.5,11.5,CREDIT_CARD,DRIVE_THRU,5,4
TXN105741,S002,2024-10-05,12:31,Saturday,2,35.0,0.0,5.25,40.25,CASH,TAKEAWAY,5,13
TXN105742,S002,2024-10-05,12:33,Saturday,4,77.0,0.0,11.55,88.55,MADA,DELIVERY,4,25
TXN105743,S002,2024-10-05,23:10,Saturday,2,56.0,0.0,8.4,64.4,DEBIT_CARD,TAKEAWAY,5,11
TXN105744,S002,2024-10-05,11:37,Saturday,3,68.0,0.0,10.2,78.2,MADA,TAKEAWAY,3,6
TXN105745,S002,2024-10-05,12:14,Saturday,3,46.0,4.6,6.21,47.61,DEBIT_CARD,DELIVERY,5,29
TXN105746,S002,2024-10-05,12:08,Saturday,2,38.0,0.0,5.7,43.7,MADA,TAKEAWAY,5,9
TXN105747,S002,2024-10-05,12:11,Saturday,3,42.0,0.0,6.3,48.3,CREDIT_CARD,TAKEAWAY,4,10
TXN105748,S002,2024-10-05,18:33,Saturday,2,37.0,0.0,5.55,42.55,CREDIT_CARD,DINE_IN,5,5
TXN105749,S002,2024-10-05,14:00,Saturday,4,78.0,0.0,11.7,89.7,DIGITAL_WALLET,TAKEAWAY,4,10
TXN105750,S002,2024-10-05,21:22,Saturday,3,54.0,0.0,8.1,62.1,DEBIT_CARD,TAKEAWAY,5,8
TXN105751,S002,2024-10-05,12:14,Saturday,3,58.0,0.0,8.7,66.7,MADA,DELIVERY,5,21
TXN105752,S002,2024-10-05,13:38,Saturday,3,39.0,0.0,5.85,44.85,MADA,DRIVE_THRU,4,8
TXN105753,S002,2024-10-05,20:07,Saturday,2,40.0,0.0,6.0,46.0,DIGITAL_WALLET,DRIVE_THRU,4,3
TXN105754,S002,2024-10-05,19:51,Saturday,3,61.0,0.0,9.15,70.15,DIGITAL_WALLET,DELIVERY,4,34
TXN105755,S002,2024-10-05,19:57,Saturday,5,110.0,11.0,14.85,113.85,DIGITAL_WALLET,DELIVERY,5,30
TXN105756,S002,2024-10-05,18:29,Saturday,3,67.0,0.0,10.05,77.05,CASH,TAKEAWAY,4,9
TXN105757,S002,2024-10-05,19:16,Saturday,3,36.0,0.0,5.4,41.4,DIGITAL_WALLET,DINE_IN,5,12
TXN105758,S002,2024-10-05,18:33,Saturday,4,76.0,7.6,10.26,78.66,CREDIT_CARD,DELIVERY,5,38
TXN105759,S002,2024-10-05,19:14,Saturday,3,50.0,0.0,7.5,57.5,CREDIT_CARD,DELIVERY,3,37
TXN105760,S002,2024-10-05,15:07,Saturday,4,78.0,0.0,11.7,89.7,CREDIT_CARD,DINE_IN,5,8
TXN105761,S002,2024-10-05,16:54,Saturday,4,75.0,0.0,11.25,86.25,CREDIT_CARD,TAKEAWAY,5,6
TXN105762,S002,2024-10-05,12:45,Saturday,3,63.0,0.0,9.45,72.45,MADA,DINE_IN,5,13
TXN105763,S002,2024-10-05,16:23,Saturday,3,60.0,0.0,9.0,69.0,CREDIT_CARD,DRIVE_THRU,5,6
TXN105764,S002,2024-10-05,17:39,Saturday,3,56.0,0.0,8.4,64.4,DIGITAL_WALLET,DRIVE_THRU,5,3
TXN105765,S002,2024-10-05,18:26,Saturday,2,40.0,0.0,6.0,46.0,MADA,TAKEAWAY,5,5
TXN105766,S002,2024-10-05,19:34,Saturday,1,15.0,0.0,2.25,17.25,MADA,DELIVERY,4,35
TXN105767,S002,2024-10-05,10:41,Saturday,2,26.0,0.0,3.9,29.9,DEBIT_CARD,DELIVERY,5,38
TXN105768,S002,2024-10-05,10:34,Saturday,2,60.0,0.0,9.0,69.0,CREDIT_CARD,TAKEAWAY,5,7
TXN105769,S002,2024-10-05,13:56,Saturday,3,68.0,0.0,10.2,78.2,MADA,TAKEAWAY,3,13
TXN105770,S002,2024-10-05,13:54,Saturday,2,36.0,0.0,5.4,41.4,DIGITAL_WALLET,DRIVE_THRU,4,5
TXN105771,S002,2024-10-05,12:43,Saturday,2,38.0,0.0,5.7,43.7,CREDIT_CARD,DRIVE_THRU,2,3
TXN105772,S002,2024-10-05,18:14,Saturday,2,25.0,0.0,3.75,28.75,CREDIT_CARD,DRIVE_THRU,4,6
TXN105773,S002,2024-10-05,19:50,Saturday,3,50.0,0.0,7.5,57.5,MADA,DELIVERY,4,31
TXN105774,S002,2024-10-05,12:59,Saturday,2,25.0,0.0,3.75,28.75,DIGITAL_WALLET,DELIVERY,5,21
TXN105775,S002,2024-10-05,18:50,Saturday,3,45.0,0.0,6.75,51.75,MADA,TAKEAWAY,3,9
TXN105776,S002,2024-10-05,19:25,Saturday,4,86.0,0.0,12.9,98.9,DIGITAL_WALLET,DRIVE_THRU,4,3
TXN105777,S002,2024-10-05,13:48,Saturday,4,86.0,0.0,12.9,98.9,CASH,DINE_IN,4,12
TXN105778,S002,2024-10-05,17:56,Saturday,2,34.0,0.0,5.1,39.1,CREDIT_CARD,TAKEAWAY,5,6
TXN105779,S002,2024-10-05,18:31,Saturday,3,84.0,0.0,12.6,96.6,CASH,DINE_IN,5,8
TXN105780,S002,2024-10-05,18:09,Saturday,2,37.0,0.0,5.55,42.55,DEBIT_CARD,DELIVERY,5,31
TXN105781,S002,2024-10-05,19:18,Saturday,4,56.0,0.0,8.4,64.4,MADA,DRIVE_THRU,4,6
TXN105782,S002,2024-10-05,19:46,Saturday,3,69.0,6.9,9.31,71.41,DIGITAL_WALLET,TAKEAWAY,4,14
TXN105783,S002,2024-10-05,19:08,Saturday,4,89.0,0.0,13.35,102.35,MADA,DRIVE_THRU,3,6
TXN105784,S002,2024-10-05,11:35,Saturday,2,28.0,0.0,4.2,32.2,CREDIT_CARD,DINE_IN,4,13
TXN105785,S002,2024-10-05,19:31,Saturday,3,76.0,0.0,11.4,87.4,CASH,DRIVE_THRU,5,4
TXN105786,S002,2024-10-05,20:13,Saturday,2,18.0,0.0,2.7,20.7,DIGITAL_WALLET,TAKEAWAY,3,7
TXN105787,S002,2024-10-05,21:24,Saturday,2,20.0,0.0,3.0,23.0,CASH,DRIVE_THRU,3,6
TXN105788,S002,2024-10-05,12:49,Saturday,3,65.0,0.0,9.75,74.75,CREDIT_CARD,DRIVE_THRU,5,7
TXN105789,S002,2024-10-05,12:46,Saturday,4,74.0,7.4,9.99,76.59,CREDIT_CARD,DRIVE_THRU,2,3
TXN105790,S002,2024-10-05,17:32,Saturday,4,95.0,0.0,14.25,109.25,DIGITAL_WALLET,TAKEAWAY,4,15
TXN105791,S002,2024-10-05,15:13,Saturday,1,32.0,0.0,4.8,36.8,MADA,DELIVERY,2,39
TXN105792,S002,2024-10-05,12:30,Saturday,2,42.0,0.0,6.3,48.3,MADA,DELIVERY,4,29
TXN105793,S002,2024-10-05,19:06,Saturday,3,37.0,0.0,5.55,42.55,CASH,DELIVERY,5,22
TXN105794,S002,2024-10-05,18:00,Saturday,3,58.0,0.0,8.7,66.7,MADA,DELIVERY,3,38
TXN105795,S002,2024-10-05,13:23,Saturday,4,73.0,0.0,10.95,83.95,CASH,DINE_IN,2,12
TXN105796,S002,2024-10-05,13:11,Saturday,3,40.0,0.0,6.0,46.0,CREDIT_CARD,DELIVERY,4,30
TXN105797,S002,2024-10-05,10:58,Saturday,2,48.0,0.0,7.2,55.2,CASH,DRIVE_THRU,5,4
TXN105798,S002,2024-10-05,21:10,Saturday,2,37.0,0.0,5.55,42.55,DEBIT_CARD,DELIVERY,5,27
TXN105799,S002,2024-10-05,18:28,Saturday,3,44.0,0.0,6.6,50.6,DIGITAL_WALLET,TAKEAWAY,5,7
TXN105800,S002,2024-10-05,12:24,Saturday,3,50.0,0.0,7.5,57.5,DIGITAL_WALLET,DELIVERY,5,33
TXN105801,S002,2024-10-05,12:00,Saturday,3,53.0,0.0,7.95,60.95,DEBIT_CARD,DINE_IN,4,14
TXN105802,S002,2024-10-05,19:02,Saturday,3,50.0,0.0,7.5,57.5,CASH,TAKEAWAY,4,13
TXN105803,S002,2024-10-05,08:25,Saturday,1,12.0,0.0,1.8,13.8,DEBIT_CARD,DELIVERY,4,25
TXN105804,S002,2024-10-05,18:58,Saturday,4,63.0,0.0,9.45,72.45,DEBIT_CARD,DELIVERY,4,22
TXN105805,S002,2024-10-05,22:17,Saturday,3,64.0,0.0,9.6,73.6,DIGITAL_WALLET,DINE_IN,5,7
TXN105806,S002,2024-10-05,19:14,Saturday,5,94.0,0.0,14.1,108.1,MADA,DRIVE_THRU,5,8
TXN105807,S002,2024-10-05,10:34,Saturday,2,40.0,4.0,5.4,41.4,DEBIT_CARD,DRIVE_THRU,4,8
TXN105808,S002,2024-10-05,11:23,Saturday,3,70.0,0.0,10.5,80.5,CASH,DINE_IN,4,9
TXN105809,S002,2024-10-05,13:12,Saturday,4,84.0,0.0,12.6,96.6,CREDIT_CARD,TAKEAWAY,4,13
TXN105810,S002,2024-10-05,17:38,Saturday,3,28.0,0.0,4.2,32.2,CREDIT_CARD,TAKEAWAY,4,15
TXN105811,S002,2024-10-05,15:34,Saturday,4,67.0,0.0,10.05,77.05,MADA,TAKEAWAY,4,6
TXN105812,S002,2024-10-05,18:48,Saturday,4,63.0,0.0,9.45,72.45,CREDIT_CARD,DRIVE_THRU,3,8
TXN105813,S002,2024-10-05,15:32,Saturday,4,57.0,0.0,8.55,65.55,DIGITAL_WALLET,DINE_IN,4,13
TXN105814,S002,2024-10-05,19:50,Saturday,2,18.0,0.0,2.7,20.7,CREDIT_CARD,DELIVERY,4,31
TXN105815,S002,2024-10-05,19:18,Saturday,4,78.0,0.0,11.7,89.7,DEBIT_CARD,DINE_IN,5,6
TXN105816,S002,2024-10-05,19:20,Saturday,3,50.0,5.0,6.75,51.75,CASH,DELIVERY,5,32
TXN105817,S002,2024-10-05,12:25,Saturday,4,68.0,0.0,10.2,78.2,DEBIT_CARD,DRIVE_THRU,4,7
TXN105818,S002,2024-10-05,12:02,Saturday,3,70.0,0.0,10.5,80.5,DIGITAL_WALLET,DELIVERY,5,33
TXN105819,S002,2024-10-05,10:43,Saturday,3,73.0,0.0,10.95,83.95,CREDIT_CARD,TAKEAWAY,4,13
TXN105820,S002,2024-10-05,12:33,Saturday,2,40.0,0.0,6.0,46.0,DEBIT_CARD,DRIVE_THRU,5,5
TXN105821,S002,2024-10-05,19:32,Saturday,2,30.0,0.0,4.5,34.5,CREDIT_CARD,DINE_IN,5,11
TXN105822,S002,2024-10-05,14:20,Saturday,2,30.0,0.0,4.5,34.5,CASH,DINE_IN,4,5
TXN105823,S002,2024-10-05,12:34,Saturday,4,80.0,0.0,12.0,92.0,DIGITAL_WALLET,TAKEAWAY,4,6
TXN105824,S002,2024-10-05,15:00,Saturday,3,48.0,0.0,7.2,55.2,MADA,DINE_IN,4,7
TXN105825,S002,2024-10-05,21:44,Saturday,3,53.0,0.0,7.95,60.95,MADA,DELIVERY,5,25
TXN105826,S002,2024-10-05,13:48,Saturday,1,26.0,0.0,3.9,29.9,MADA,DINE_IN,4,8
TXN105827,S002,2024-10-05,13:29,Saturday,2,44.0,0.0,6.6,50.6,CASH,TAKEAWAY,5,11
TXN105828,S002,2024-10-05,20:24,Saturday,2,44.0,0.0,6.6,50.6,CREDIT_CARD,DRIVE_THRU,4,3
TXN105829,S002,2024-10-05,19:03,Saturday,4,84.0,0.0,12.6,96.6,DEBIT_CARD,DELIVERY,4,37
TXN105830,S002,2024-10-05,12:35,Saturday,4,87.0,0.0,13.05,100.05,CASH,TAKEAWAY,4,8
TXN105831,S002,2024-10-05,11:08,Saturday,5,107.0,0.0,16.05,123.05,DIGITAL_WALLET,DRIVE_THRU,3,6
TXN105832,S002,2024-10-05,13:40,Saturday,1,12.0,0.0,1.8,13.8,DEBIT_CARD,DINE_IN,4,11
TXN105833,S002,2024-10-05,13:46,Saturday,3,33.0,0.0,4.95,37.95,MADA,DRIVE_THRU,5,4
TXN105834,S002,2024-10-05,18:29,Saturday,3,68.0,0.0,10.2,78.2,DIGITAL_WALLET,DINE_IN,3,13
TXN105835,S002,2024-10-05,13:39,Saturday,4,73.0,0.0,10.95,83.95,CASH,DINE_IN,3,15
TXN105836,S002,2024-10-05,18:51,Saturday,3,75.0,0.0,11.25,86.25,DEBIT_CARD,DRIVE_THRU,4,5
TXN105837,S002,2024-10-05,18:15,Saturday,4,75.0,0.0,11.25,86.25,DIGITAL_WALLET,DINE_IN,4,14
TXN105838,S002,2024-10-05,19:16,Saturday,2,30.0,0.0,4.5,34.5,DEBIT_CARD,DELIVERY,3,22
TXN105839,S002,2024-10-05,08:02,Saturday,3,50.0,0.0,7.5,57.5,CASH,TAKEAWAY,3,15
TXN105840,S002,2024-10-05,14:54,Saturday,2,58.0,0.0,8.7,66.7,CASH,DINE_IN,2,11
TXN105841,S002,2024-10-05,17:38,Saturday,3,86.0,0.0,12.9,98.9,MADA,DELIVERY,4,30
TXN105842,S002,2024-10-05,13:22,Saturday,3,33.0,0.0,4.95,37.95,CREDIT_CARD,DRIVE_THRU,3,3
TXN105843,S002,2024-10-05,21:41,Saturday,2,35.0,0.0,5.25,40.25,DIGITAL_WALLET,DINE_IN,1,11
TXN105844,S002,2024-10-05,16:38,Saturday,3,63.0,0.0,9.45,72.45,CASH,TAKEAWAY,5,11
TXN105845,S002,2024-10-05,12:33,Saturday,3,66.0,0.0,9.9,75.9,CREDIT_CARD,DELIVERY,3,31
TXN105846,S002,2024-10-05,18:03,Saturday,2,40.0,4.0,5.4,41.4,MADA,DRIVE_THRU,5,8
TXN105847,S002,2024-10-05,21:25,Saturday,2,56.0,0.0,8.4,64.4,CREDIT_CARD,DRIVE_THRU,4,8
TXN105848,S002,2024-10-05,13:35,Saturday,2,25.0,0.0,3.75,28.75,CREDIT_CARD,DRIVE_THRU,4,6
TXN105849,S002,2024-10-05,19:13,Saturday,2,42.0,0.0,6.3,48.3,CREDIT_CARD,DRIVE_THRU,5,3
TXN105850,S002,2024-10-05,13:26,Saturday,2,22.0,0.0,3.3,25.3,CASH,DRIVE_THRU,4,7
TXN105851,S002,2024-10-05,22:47,Saturday,2,40.0,0.0,6.0,46.0,CREDIT_CARD,DINE_IN,3,12
TXN105852,S002,2024-10-05,11:02,Saturday,4,103.0,0.0,15.45,118.45,CASH,DELIVERY,5,38
TXN105853,S002,2024-10-05,17:52,Saturday,3,83.0,0.0,12.45,95.45,DIGITAL_WALLET,DINE_IN,2,13
TXN105854,S002,2024-10-05,20:56,Saturday,5,68.0,0.0,10.2,78.2,DEBIT_CARD,DRIVE_THRU,3,4
TXN105855,S002,2024-10-05,19:28,Saturday,2,22.0,0.0,3.3,25.3,DIGITAL_WALLET,DELIVERY,4,24
TXN105856,S002,2024-10-05,18:31,Saturday,3,78.0,0.0,11.7,89.7,DEBIT_CARD,DRIVE_THRU,5,6
TXN105857,S002,2024-10-05,13:17,Saturday,2,36.0,3.6,4.86,37.26,DIGITAL_WALLET,DINE_IN,4,10
TXN105858,S002,2024-10-05,12:32,Saturday,4,63.0,6.3,8.51,65.21,DEBIT_CARD,DRIVE_THRU,5,8
TXN105859,S002,2024-10-05,20:14,Saturday,3,34.0,0.0,5.1,39.1,CASH,DRIVE_THRU,4,5
TXN105860,S002,2024-10-05,18:33,Saturday,2,45.0,0.0,6.75,51.75,CREDIT_CARD,DINE_IN,5,10
TXN105861,S002,2024-10-05,18:13,Saturday,2,42.0,0.0,6.3,48.3,DIGITAL_WALLET,TAKEAWAY,5,8
TXN105862,S002,2024-10-05,10:49,Saturday,3,33.0,0.0,4.95,37.95,CREDIT_CARD,TAKEAWAY,5,11
TXN105863,S002,2024-10-05,23:19,Saturday,4,77.0,0.0,11.55,88.55,MADA,TAKEAWAY,3,5
TXN105864,S002,2024-10-05,18:45,Saturday,3,28.0,0.0,4.2,32.2,DEBIT_CARD,DELIVERY,5,24
TXN105865,S002,2024-10-05,21:33,Saturday,4,65.0,0.0,9.75,74.75,MADA,DINE_IN,4,5
TXN105866,S002,2024-10-05,13:05,Saturday,1,10.0,0.0,1.5,11.5,DEBIT_CARD,DELIVERY,5,21
TXN105867,S002,2024-10-05,16:19,Saturday,4,62.0,0.0,9.3,71.3,MADA,TAKEAWAY,5,6
TXN105868,S002,2024-10-05,13:33,Saturday,3,54.0,0.0,8.1,62.1,DIGITAL_WALLET,DRIVE_THRU,4,3
TXN105869,S002,2024-10-05,19:46,Saturday,2,23.0,0.0,3.45,26.45,CASH,DELIVERY,5,25
TXN105870,S002,2024-10-05,18:16,Saturday,2,43.0,0.0,6.45,49.45,CASH,DINE_IN,4,12
TXN105871,S002,2024-10-05,14:00,Saturday,2,40.0,0.0,6.0,46.0,DIGITAL_WALLET,DRIVE_THRU,5,3
TXN105872,S002,2024-10-05,18:56,Saturday,2,44.0,0.0,6.6,50.6,CASH,DRIVE_THRU,5,4
TXN105873,S002,2024-10-05,16:06,Saturday,1,10.0,0.0,1.5,11.5,CREDIT_CARD,DRIVE_THRU,4,6
TXN105874,S002,2024-10-05,13:53,Saturday,2,56.0,0.0,8.4,64.4,CREDIT_CARD,DELIVERY,4,38
TXN105875,S002,2024-10-05,19:40,Saturday,1,15.0,0.0,2.25,17.25,CREDIT_CARD,DINE_IN,4,6
TXN105876,S002,2024-10-05,19:41,Saturday,3,77.0,0.0,11.55,88.55,MADA,TAKEAWAY,5,12
TXN105877,S002,2024-10-05,19:41,Saturday,1,8.0,0.0,1.2,9.2,CREDIT_CARD,DELIVERY,1,30
TXN105878,S002,2024-10-05,13:18,Saturday,2,62.0,0.0,9.3,71.3,CREDIT_CARD,DINE_IN,3,9
TXN105879,S002,2024-10-05,20:00,Saturday,5,95.0,0.0,14.25,109.25,CREDIT_CARD,DELIVERY,5,20
TXN105880,S002,2024-10-05,21:17,Saturday,3,52.0,0.0,7.8,59.8,DIGITAL_WALLET,DINE_IN,5,15
TXN105881,S002,2024-10-05,13:08,Saturday,3,70.0,0.0,10.5,80.5,CASH,DRIVE_THRU,3,5
TXN105882,S002,2024-10-05,20:14,Saturday,4,73.0,0.0,10.95,83.95,CASH,TAKEAWAY,5,9
TXN105883,S002,2024-10-05,19:22,Saturday,3,43.0,0.0,6.45,49.45,CASH,DRIVE_THRU,3,6
TXN105884,S002,2024-10-05,19:24,Saturday,3,66.0,0.0,9.9,75.9,DIGITAL_WALLET,TAKEAWAY,5,7
TXN105885,S002,2024-10-05,13:28,Saturday,3,47.0,0.0,7.05,54.05,DEBIT_CARD,DINE_IN,5,14
TXN105886,S002,2024-10-05,10:28,Saturday,3,70.0,0.0,10.5,80.5,CASH,DRIVE_THRU,1,4
TXN105887,S002,2024-10-05,19:18,Saturday,2,22.0,0.0,3.3,25.3,MADA,DELIVERY,3,34
TXN105888,S002,2024-10-05,19:22,Saturday,5,90.0,0.0,13.5,103.5,DEBIT_CARD,TAKEAWAY,3,9
TXN105889,S002,2024-10-05,23:26,Saturday,3,50.0,0.0,7.5,57.5,DEBIT_CARD,DRIVE_THRU,4,4
TXN105890,S002,2024-10-05,21:11,Saturday,3,52.0,0.0,7.8,59.8,CASH,DRIVE_THRU,4,5
TXN105891,S002,2024-10-05,16:07,Saturday,2,40.0,0.0,6.0,46.0,DIGITAL_WALLET,TAKEAWAY,5,7
TXN105892,S002,2024-10-05,12:50,Saturday,1,12.0,0.0,1.8,13.8,CREDIT_CARD,DINE_IN,2,9
TXN105893,S002,2024-10-05,08:09,Saturday,2,51.0,0.0,7.65,58.65,CASH,DRIVE_THRU,4,7
TXN105894,S002,2024-10-05,15:13,Saturday,3,50.0,0.0,7.5,57.5,CASH,DRIVE_THRU,3,8
TXN105895,S002,2024-10-05,19:15,Saturday,3,37.0,0.0,5.55,42.55,CREDIT_CARD,TAKEAWAY,5,13
TXN105896,S002,2024-10-05,13:39,Saturday,4,72.0,0.0,10.8,82.8,DEBIT_CARD,DINE_IN,5,15
TXN105897,S002,2024-10-05,20:18,Saturday,4,76.0,0.0,11.4,87.4,DIGITAL_WALLET,TAKEAWAY,3,10
TXN105898,S002,2024-10-05,18:55,Saturday,4,80.0,0.0,12.0,92.0,MADA,TAKEAWAY,3,11
TXN105899,S002,2024-10-05,14:15,Saturday,4,94.0,9.4,12.69,97.29,DEBIT_CARD,DINE_IN,4,7
TXN105900,S002,2024-10-05,13:50,Saturday,3,63.0,0.0,9.45,72.45,CASH,DINE_IN,5,15
TXN105901,S002,2024-10-05,13:02,Saturday,4,62.0,0.0,9.3,71.3,CASH,DRIVE_THRU,5,6
TXN105902,S002,2024-10-05,15:40,Saturday,4,81.0,0.0,12.15,93.15,CREDIT_CARD,DELIVERY,3,36
TXN105903,S002,2024-10-05,12:59,Saturday,2,44.0,0.0,6.6,50.6,DEBIT_CARD,DELIVERY,4,30
TXN105904,S002,2024-10-05,11:44,Saturday,3,84.0,0.0,12.6,96.6,DEBIT_CARD,TAKEAWAY,4,10
TXN105905,S002,2024-10-05,17:28,Saturday,3,35.0,3.5,4.72,36.22,DEBIT_CARD,DRIVE_THRU,4,5
TXN105906,S002,2024-10-05,12:19,Saturday,2,33.0,0.0,4.95,37.95,CREDIT_CARD,DRIVE_THRU,4,4
TXN105907,S002,2024-10-05,19:06,Saturday,4,72.0,0.0,10.8,82.8,DEBIT_CARD,DRIVE_THRU,4,7
TXN105908,S002,2024-10-05,21:05,Saturday,4,67.0,0.0,10.05,77.05,DEBIT_CARD,DELIVERY,5,34
TXN105909,S002,2024-10-05,17:27,Saturday,4,96.0,0.0,14.4,110.4,MADA,DINE_IN,5,11
TXN105910,S002,2024-10-05,18:16,Saturday,4,61.0,0.0,9.15,70.15,DIGITAL_WALLET,DINE_IN,4,12
TXN105911,S002,2024-10-05,18:45,Saturday,2,48.0,0.0,7.2,55.2,DIGITAL_WALLET,DELIVERY,5,20
TXN105912,S002,2024-10-05,13:17,Saturday,1,32.0,0.0,4.8,36.8,MADA,DELIVERY,5,39
TXN105913,S002,2024-10-05,17:20,Saturday,3,54.0,0.0,8.1,62.1,DIGITAL_WALLET,DINE_IN,4,7
TXN105914,S002,2024-10-05,20:19,Saturday,1,10.0,1.0,1.35,10.35,CREDIT_CARD,DRIVE_THRU,4,5
TXN105915,S002,2024-10-05,19:54,Saturday,4,72.0,7.2,9.72,74.52,CASH,DINE_IN,5,10
TXN105916,S002,2024-10-05,15:17,Saturday,2,40.0,0.0,6.0,46.0,CASH,DINE_IN,2,15
TXN105917,S002,2024-10-05,19:59,Saturday,2,43.0,0.0,6.45,49.45,CASH,DRIVE_THRU,4,5
TXN105918,S002,2024-10-05,13:41,Saturday,3,34.0,0.0,5.1,39.1,DIGITAL_WALLET,DRIVE_THRU,3,5
TXN105919,S002,2024-10-05,10:04,Saturday,1,15.0,0.0,2.25,17.25,CASH,DELIVERY,5,24
TXN105920,S002,2024-10-05,19:22,Saturday,4,88.0,0.0,13.2,101.2,CASH,TAKEAWAY,4,15
TXN105921,S002,2024-10-05,17:14,Saturday,4,63.0,0.0,9.45,72.45,DIGITAL_WALLET,TAKEAWAY,5,15
TXN105922,S002,2024-10-05,11:45,Saturday,4,75.0,0.0,11.25,86.25,CASH,DRIVE_THRU,4,7
TXN105923,S002,2024-10-05,13:22,Saturday,3,54.0,5.4,7.29,55.89,DIGITAL_WALLET,DRIVE_THRU,4,4
TXN105924,S002,2024-10-05,13:25,Saturday,2,45.0,4.5,6.08,46.58,CREDIT_CARD,TAKEAWAY,2,10
TXN105925,S002,2024-10-05,15:57,Saturday,4,77.0,0.0,11.55,88.55,DEBIT_CARD,DELIVERY,4,21
TXN105926,S002,2024-10-05,19:03,Saturday,3,72.0,0.0,10.8,82.8,MADA,DELIVERY,4,36
TXN105927,S002,2024-10-05,19:40,Saturday,2,38.0,0.0,5.7,43.7,DIGITAL_WALLET,DELIVERY,4,33
TXN105928,S002,2024-10-05,15:50,Saturday,3,58.0,0.0,8.7,66.7,DEBIT_CARD,TAKEAWAY,5,8
TXN105929,S002,2024-10-05,18:02,Saturday,2,47.0,0.0,7.05,54.05,MADA,DRIVE_THRU,3,8
TXN105930,S002,2024-10-05,09:50,Saturday,3,57.0,0.0,8.55,65.55,DIGITAL_WALLET,DELIVERY,5,26
TXN105931,S002,2024-10-05,19:34,Saturday,2,18.0,1.8,2.43,18.63,CREDIT_CARD,TAKEAWAY,3,6
TXN105932,S002,2024-10-05,17:20,Saturday,3,48.0,0.0,7.2,55.2,DIGITAL_WALLET,DINE_IN,5,5
TXN105933,S002,2024-10-05,12:26,Saturday,2,25.0,0.0,3.75,28.75,DIGITAL_WALLET,DRIVE_THRU,5,8
TXN105934,S002,2024-10-05,19:25,Saturday,2,18.0,0.0,2.7,20.7,CASH,DRIVE_THRU,5,4
TXN105935,S002,2024-10-05,19:51,Saturday,2,56.0,0.0,8.4,64.4,DEBIT_CARD,DRIVE_THRU,3,4
TXN105936,S002,2024-10-05,16:47,Saturday,5,105.0,0.0,15.75,120.75,DIGITAL_WALLET,DRIVE_THRU,4,3
TXN105937,S002,2024-10-05,20:05,Saturday,2,40.0,0.0,6.0,46.0,MADA,DRIVE_THRU,5,8
TXN105938,S002,2024-10-05,15:47,Saturday,2,60.0,0.0,9.0,69.0,CREDIT_CARD,DRIVE_THRU,4,3
TXN105939,S002,2024-10-05,10:13,Saturday,3,45.0,0.0,6.75,51.75,DEBIT_CARD,DINE_IN,5,10
TXN105940,S002,2024-10-05,10:46,Saturday,4,85.0,0.0,12.75,97.75,CASH,DRIVE_THRU,4,7
TXN105941,S002,2024-10-05,12:55,Saturday,5,114.0,0.0,17.1,131.1,MADA,DRIVE_THRU,3,7
TXN105942,S002,2024-10-05,08:01,Saturday,3,48.0,0.0,7.2,55.2,CREDIT_CARD,TAKEAWAY,5,8
TXN105943,S002,2024-10-05,21:25,Saturday,1,10.0,0.0,1.5,11.5,DEBIT_CARD,TAKEAWAY,5,6
TXN105944,S002,2024-10-05,18:56,Saturday,2,47.0,0.0,7.05,54.05,DEBIT_CARD,DINE_IN,4,15
TXN105945,S002,2024-10-05,11:25,Saturday,3,53.0,0.0,7.95,60.95,CREDIT_CARD,DRIVE_THRU,3,4
TXN105946,S002,2024-10-05,10:39,Saturday,3,36.0,0.0,5.4,41.4,MADA,DRIVE_THRU,5,4
TXN105947,S002,2024-10-05,10:58,Saturday,4,48.0,0.0,7.2,55.2,CASH,TAKEAWAY,3,7
TXN105948,S002,2024-10-05,19:09,Saturday,3,49.0,0.0,7.35,56.35,DIGITAL_WALLET,DRIVE_THRU,5,3
TXN105949,S002,2024-10-05,18:48,Saturday,2,60.0,0.0,9.0,69.0,MADA,DRIVE_THRU,4,5
TXN105950,S002,2024-10-05,12:21,Saturday,2,51.0,0.0,7.65,58.65,DEBIT_CARD,DINE_IN,5,13
TXN105951,S002,2024-10-05,13:16,Saturday,3,66.0,0.0,9.9,75.9,CREDIT_CARD,DRIVE_THRU,3,7
TXN105952,S002,2024-10-05,10:28,Saturday,4,103.0,0.0,15.45,118.45,MADA,TAKEAWAY,5,7
TXN105953,S002,2024-10-05,20:15,Saturday,5,129.0,0.0,19.35,148.35,DEBIT_CARD,TAKEAWAY,3,5
TXN105954,S002,2024-10-05,20:48,Saturday,2,33.0,0.0,4.95,37.95,CASH,TAKEAWAY,5,12
TXN105955,S002,2024-10-05,19:53,Saturday,3,41.0,4.1,5.53,42.43,DIGITAL_WALLET,TAKEAWAY,5,12
TXN105956,S002,2024-10-05,18:36,Saturday,5,101.0,0.0,15.15,116.15,MADA,DINE_IN,2,6
TXN105957,S002,2024-10-05,18:57,Saturday,2,38.0,0.0,5.7,43.7,CREDIT_CARD,DELIVERY,5,40
TXN105958,S002,2024-10-05,12:03,Saturday,2,42.0,0.0,6.3,48.3,MADA,DRIVE_THRU,5,5
TXN105959,S002,2024-10-05,20:20,Saturday,4,64.0,0.0,9.6,73.6,DIGITAL_WALLET,DINE_IN,5,9
TXN105960,S002,2024-10-05,14:01,Saturday,2,36.0,0.0,5.4,41.4,MADA,DELIVERY,5,22
TXN105961,S002,2024-10-05,15:58,Saturday,1,25.0,0.0,3.75,28.75,CASH,DELIVERY,4,20
TXN105962,S002,2024-10-05,20:53,Saturday,3,30.0,0.0,4.5,34.5,DIGITAL_WALLET,DRIVE_THRU,3,8
TXN105963,S002,2024-10-05,17:16,Saturday,2,40.0,0.0,6.0,46.0,DEBIT_CARD,DINE_IN,5,15
TXN105964,S002,2024-10-05,20:03,Saturday,2,22.0,2.2,2.97,22.77,CREDIT_CARD,DRIVE_THRU,5,5
TXN105965,S002,2024-10-05,17:12,Saturday,2,43.0,0.0,6.45,49.45,DEBIT_CARD,DINE_IN,5,10
TXN105966,S002,2024-10-05,15:03,Saturday,4,74.0,0.0,11.1,85.1,CASH,DELIVERY,3,23
TXN105967,S002,2024-10-05,13:21,Saturday,4,105.0,0.0,15.75,120.75,MADA,DRIVE_THRU,5,5
TXN105968,S002,2024-10-05,18:28,Saturday,3,52.0,0.0,7.8,59.8,CREDIT_CARD,DRIVE_THRU,2,3
TXN105969,S002,2024-10-05,12:56,Saturday,1,12.0,0.0,1.8,13.8,DEBIT_CARD,DINE_IN,4,10
TXN105970,S002,2024-10-05,18:22,Saturday,2,43.0,0.0,6.45,49.45,CREDIT_CARD,DELIVERY,5,37
TXN105971,S002,2024-10-05,18:46,Saturday,3,53.0,5.3,7.16,54.86,MADA,DELIVERY,5,34
TXN105972,S002,2024-10-05,21:15,Saturday,2,44.0,0.0,6.6,50.6,MADA,TAKEAWAY,5,10
TXN105973,S002,2024-10-05,13:49,Saturday,3,66.0,0.0,9.9,75.9,CASH,DINE_IN,4,13
TXN105974,S002,2024-10-05,18:48,Saturday,3,40.0,0.0,6.0,46.0,CREDIT_CARD,TAKEAWAY,4,6
TXN105975,S002,2024-10-05,12:11,Saturday,5,92.0,0.0,13.8,105.8,DEBIT_CARD,DINE_IN,4,6
TXN105976,S002,2024-10-05,18:02,Saturday,2,53.0,0.0,7.95,60.95,MADA,DRIVE_THRU,4,3
TXN105977,S002,2024-10-05,15:28,Saturday,4,65.0,6.5,8.78,67.28,CASH,DRIVE_THRU,5,6
TXN105978,S002,2024-10-05,19:19,Saturday,4,73.0,0.0,10.95,83.95,DEBIT_CARD,DELIVERY,4,27
TXN105979,S002,2024-10-05,19:50,Saturday,3,72.0,0.0,10.8,82.8,DEBIT_CARD,DRIVE_THRU,5,7
TXN105980,S002,2024-10-05,13:50,Saturday,2,38.0,0.0,5.7,43.7,CASH,DINE_IN,2,10
TXN105981,S002,2024-10-05,18:31,Saturday,4,62.0,0.0,9.3,71.3,CASH,DINE_IN,3,13
TXN105982,S002,2024-10-05,15:47,Saturday,2,20.0,0.0,3.0,23.0,DEBIT_CARD,TAKEAWAY,5,13
TXN105983,S002,2024-10-05,19:55,Saturday,2,40.0,4.0,5.4,41.4,MADA,DINE_IN,5,7
TXN105984,S002,2024-10-05,19:19,Saturday,2,37.0,0.0,5.55,42.55,MADA,DELIVERY,3,27
TXN105985,S002,2024-10-05,21:45,Saturday,2,37.0,0.0,5.55,42.55,MADA,DRIVE_THRU,4,7
TXN105986,S002,2024-10-05,14:50,Saturday,4,84.0,8.4,11.34,86.94,DEBIT_CARD,DINE_IN,5,10
TXN105987,S002,2024-10-05,19:29,Saturday,1,25.0,0.0,3.75,28.75,CREDIT_CARD,DRIVE_THRU,1,4
TXN105988,S002,2024-10-05,12:17,Saturday,3,36.0,0.0,5.4,41.4,CREDIT_CARD,TAKEAWAY,4,9
TXN105989,S002,2024-10-05,13:15,Saturday,3,87.0,0.0,13.05,100.05,CASH,DRIVE_THRU,4,4
TXN105990,S002,2024-10-05,22:03,Saturday,3,70.0,0.0,10.5,80.5,CASH,DINE_IN,5,5
TXN105991,S002,2024-10-05,16:23,Saturday,5,93.0,0.0,13.95,106.95,CREDIT_CARD,DELIVERY,4,29
TXN105992,S002,2024-10-05,12:03,Saturday,2,35.0,0.0,5.25,40.25,DIGITAL_WALLET,DELIVERY,5,20
TXN105993,S002,2024-10-05,19:09,Saturday,4,62.0,0.0,9.3,71.3,DIGITAL_WALLET,DINE_IN,4,12
TXN105994,S002,2024-10-05,18:37,Saturday,4,58.0,0.0,8.7,66.7,CREDIT_CARD,TAKEAWAY,3,11
TXN105995,S002,2024-10-05,12:21,Saturday,2,33.0,0.0,4.95,37.95,MADA,TAKEAWAY,3,15
TXN105996,S002,2024-10-05,19:49,Saturday,4,96.0,0.0,14.4,110.4,CREDIT_CARD,DRIVE_THRU,4,4
TXN105997,S002,2024-10-05,19:30,Saturday,1,18.0,0.0,2.7,20.7,CREDIT_CARD,TAKEAWAY,5,9
TXN105998,S002,2024-10-05,09:24,Saturday,2,18.0,0.0,2.7,20.7,DEBIT_CARD,DELIVERY,4,21
TXN105999,S002,2024-10-05,12:46,Saturday,3,68.0,6.8,9.18,70.38,DEBIT_CARD,DELIVERY,5,20
TXN106000,S002,2024-10-05,19:47,Saturday,3,87.0,0.0,13.05,100.05,MADA,DRIVE_THRU,4,6
TXN106001,S002,2024-10-05,18:53,Saturday,2,46.0,0.0,6.9,52.9,DEBIT_CARD,DELIVERY,4,22
TXN106002,S002,2024-10-05,17:58,Saturday,3,88.0,0.0,13.2,101.2,CASH,TAKEAWAY,3,6
TXN106003,S002,2024-10-05,19:26,Saturday,1,30.0,0.0,4.5,34.5,DIGITAL_WALLET,DRIVE_THRU,5,4
TXN106004,S002,2024-10-05,15:10,Saturday,4,47.0,0.0,7.05,54.05,MADA,DINE_IN,5,6
TXN106005,S002,2024-10-05,19:41,Saturday,2,24.0,0.0,3.6,27.6,MADA,DINE_IN,5,9
TXN106006,S002,2024-10-05,17:09,Saturday,4,75.0,0.0,11.25,86.25,CREDIT_CARD,DELIVERY,5,40
TXN106007,S002,2024-10-05,13:37,Saturday,1,26.0,0.0,3.9,29.9,DIGITAL_WALLET,DELIVERY,4,34
TXN106008,S002,2024-10-05,13:26,Saturday,2,30.0,0.0,4.5,34.5,CREDIT_CARD,DELIVERY,1,33
TXN106009,S002,2024-10-05,19:14,Saturday,3,55.0,0.0,8.25,63.25,CREDIT_CARD,DELIVERY,5,27
TXN106010,S002,2024-10-05,16:11,Saturday,1,15.0,0.0,2.25,17.25,DIGITAL_WALLET,DINE_IN,5,5
TXN106011,S002,2024-10-05,18:21,Saturday,3,79.0,0.0,11.85,90.85,MADA,TAKEAWAY,3,8
TXN106012,S002,2024-10-05,10:11,Saturday,3,32.0,0.0,4.8,36.8,DEBIT_CARD,DELIVERY,4,32
TXN106013,S002,2024-10-05,13:14,Saturday,2,58.0,0.0,8.7,66.7,MADA,DRIVE_THRU,4,4
TXN106014,S002,2024-10-05,20:32,Saturday,3,71.0,0.0,10.65,81.65,MADA,DRIVE_THRU,4,7
TXN106015,S002,2024-10-05,18:44,Saturday,2,30.0,0.0,4.5,34.5,DEBIT_CARD,DRIVE_THRU,5,5
TXN106016,S002,2024-10-05,19:10,Saturday,4,71.0,0.0,10.65,81.65,DIGITAL_WALLET,DRIVE_THRU,5,6
TXN106017,S002,2024-10-05,19:33,Saturday,3,53.0,0.0,7.95,60.95,CASH,DINE_IN,3,6
TXN106018,S002,2024-10-05,18:26,Saturday,2,56.0,0.0,8.4,64.4,CASH,TAKEAWAY,5,12
TXN106019,S002,2024-10-05,23:37,Saturday,2,57.0,0.0,8.55,65.55,DIGITAL_WALLET,DRIVE_THRU,2,5
TXN106020,S002,2024-10-05,13:57,Saturday,2,27.0,0.0,4.05,31.05,DIGITAL_WALLET,DINE_IN,5,7
TXN106021,S002,2024-10-05,15:09,Saturday,4,88.0,0.0,13.2,101.2,CASH,TAKEAWAY,4,5
TXN106022,S002,2024-10-05,23:37,Saturday,3,68.0,0.0,10.2,78.2,MADA,DINE_IN,4,12
TXN106023,S002,2024-10-05,19:42,Saturday,3,63.0,0.0,9.45,72.45,CASH,TAKEAWAY,4,6
TXN106024,S002,2024-10-05,19:09,Saturday,2,26.0,0.0,3.9,29.9,CREDIT_CARD,DELIVERY,5,23
TXN106025,S002,2024-10-05,20:22,Saturday,4,72.0,0.0,10.8,82.8,DIGITAL_WALLET,DELIVERY,5,20
TXN106026,S002,2024-10-05,10:18,Saturday,3,49.0,0.0,7.35,56.35,MADA,DRIVE_THRU,4,8
TXN106027,S002,2024-10-05,14:59,Saturday,4,85.0,0.0,12.75,97.75,MADA,DINE_IN,4,14
TXN106028,S002,2024-10-05,20:08,Saturday,3,53.0,0.0,7.95,60.95,DIGITAL_WALLET,TAKEAWAY,4,11
TXN106029,S002,2024-10-05,12:24,Saturday,2,36.0,0.0,5.4,41.4,DIGITAL_WALLET,DINE_IN,1,12
TXN106030,S002,2024-10-05,13:00,Saturday,2,20.0,0.0,3.0,23.0,CREDIT_CARD,DRIVE_THRU,5,7
TXN106031,S002,2024-10-05,10:04,Saturday,3,44.0,4.4,5.94,45.54,DIGITAL_WALLET,DINE_IN,5,12
TXN106032,S002,2024-10-05,19:58,Saturday,3,33.0,0.0,4.95,37.95,MADA,DRIVE_THRU,4,8
TXN106033,S002,2024-10-05,10:27,Saturday,2,34.0,0.0,5.1,39.1,CREDIT_CARD,DINE_IN,3,7
TXN106034,S002,2024-10-05,18:18,Saturday,4,67.0,6.7,9.04,69.34,DEBIT_CARD,TAKEAWAY,4,7
TXN106035,S002,2024-10-05,19:22,Saturday,5,109.0,0.0,16.35,125.35,MADA,DRIVE_THRU,3,8
TXN106036,S002,2024-10-05,19:16,Saturday,1,18.0,0.0,2.7,20.7,CREDIT_CARD,TAKEAWAY,5,6
TXN106037,S002,2024-10-05,15:49,Saturday,2,18.0,0.0,2.7,20.7,DEBIT_CARD,DRIVE_THRU,4,5
TXN106038,S002,2024-10-05,17:16,Saturday,5,72.0,0.0,10.8,82.8,CREDIT_CARD,DINE_IN,5,7
TXN106039,S002,2024-10-05,14:54,Saturday,4,61.0,0.0,9.15,70.15,MADA,DELIVERY,5,23
TXN106040,S003,2024-10-05,18:59,Saturday,1,15.0,0.0,2.25,17.25,CASH,TAKEAWAY,4,6
TXN106041,S003,2024-10-05,19:02,Saturday,1,32.0,0.0,4.8,36.8,MADA,TAKEAWAY,4,11
TXN106042,S003,2024-10-05,21:02,Saturday,1,26.0,2.6,3.51,26.91,CREDIT_CARD,TAKEAWAY,4,7
TXN106043,S003,2024-10-05,12:10,Saturday,2,20.0,0.0,3.0,23.0,CASH,DELIVERY,3,28
TXN106044,S003,2024-10-05,22:41,Saturday,3,70.0,0.0,10.5,80.5,CASH,DRIVE_THRU,4,8
TXN106045,S003,2024-10-05,19:36,Saturday,2,62.0,0.0,9.3,71.3,DIGITAL_WALLET,DELIVERY,4,25
TXN106046,S003,2024-10-05,13:20,Saturday,1,15.0,0.0,2.25,17.25,MADA,DRIVE_THRU,4,7
TXN106047,S003,2024-10-05,21:01,Saturday,4,63.0,0.0,9.45,72.45,MADA,TAKEAWAY,4,12
TXN106048,S003,2024-10-05,12:46,Saturday,3,87.0,0.0,13.05,100.05,CASH,TAKEAWAY,3,8
TXN106049,S003,2024-10-05,19:32,Saturday,3,36.0,0.0,5.4,41.4,DIGITAL_WALLET,DINE_IN,4,14
TXN106050,S003,2024-10-05,19:01,Saturday,3,58.0,0.0,8.7,66.7,CREDIT_CARD,DRIVE_THRU,5,6
TXN106051,S003,2024-10-05,11:16,Saturday,2,40.0,4.0,5.4,41.4,CASH,DRIVE_THRU,5,5
TXN106052,S003,2024-10-05,14:39,Saturday,1,15.0,0.0,2.25,17.25,MADA,TAKEAWAY,4,13
TXN106053,S003,2024-10-05,20:12,Saturday,3,50.0,0.0,7.5,57.5,DIGITAL_WALLET,DINE_IN,4,15
TXN106054,S003,2024-10-05,17:31,Saturday,2,18.0,0.0,2.7,20.7,MADA,DELIVERY,3,28
TXN106055,S003,2024-10-05,21:53,Saturday,3,70.0,0.0,10.5,80.5,DIGITAL_WALLET,TAKEAWAY,3,13
TXN106056,S003,2024-10-05,08:01,Saturday,2,57.0,0.0,8.55,65.55,CREDIT_CARD,DRIVE_THRU,5,8
TXN106057,S003,2024-10-05,14:43,Saturday,3,55.0,0.0,8.25,63.25,CASH,DELIVERY,5,26
TXN106058,S003,2024-10-05,19:59,Saturday,1,10.0,0.0,1.5,11.5,MADA,TAKEAWAY,4,11
TXN106059,S003,2024-10-05,12:58,Saturday,3,63.0,0.0,9.45,72.45,CASH,DRIVE_THRU,4,4
TXN106060,S003,2024-10-05,20:04,Saturday,4,64.0,0.0,9.6,73.6,DIGITAL_WALLET,DRIVE_THRU,3,5
TXN106061,S003,2024-10-05,11:40,Saturday,2,25.0,2.5,3.38,25.88,CREDIT_CARD,DINE_IN,3,8
TXN106062,S003,2024-10-05,12:46,Saturday,3,69.0,0.0,10.35,79.35,DIGITAL_WALLET,DINE_IN,4,5
TXN106063,S003,2024-10-05,12:40,Saturday,3,50.0,0.0,7.5,57.5,DIGITAL_WALLET,DELIVERY,3,34
TXN106064,S003,2024-10-05,12:13,Saturday,2,33.0,0.0,4.95,37.95,DIGITAL_WALLET,DELIVERY,4,27
TXN106065,S003,2024-10-05,23:11,Saturday,2,38.0,0.0,5.7,43.7,CASH,DELIVERY,5,37
TXN106066,S003,2024-10-05,21:48,Saturday,3,52.0,0.0,7.8,59.8,MADA,DRIVE_THRU,3,4
TXN106067,S003,2024-10-05,12:29,Saturday,1,12.0,0.0,1.8,13.8,CASH,DRIVE_THRU,5,7
TXN106068,S003,2024-10-05,14:01,Saturday,3,73.0,7.3,9.86,75.56,CREDIT_CARD,TAKEAWAY,3,9
TXN106069,S003,2024-10-05,13:08,Saturday,3,62.0,0.0,9.3,71.3,CREDIT_CARD,DELIVERY,4,32
TXN106070,S003,2024-10-05,16:46,Saturday,2,43.0,0.0,6.45,49.45,CREDIT_CARD,TAKEAWAY,4,8
TXN106071,S003,2024-10-05,22:45,Saturday,2,27.0,0.0,4.05,31.05,DEBIT_CARD,TAKEAWAY,5,6
TXN106072,S003,2024-10-05,12:53,Saturday,1,15.0,0.0,2.25,17.25,DEBIT_CARD,DELIVERY,5,25
TXN106073,S003,2024-10-05,20:06,Saturday,1,18.0,0.0,2.7,20.7,CREDIT_CARD,DINE_IN,4,6
TXN106074,S003,2024-10-05,13:51,Saturday,2,18.0,0.0,2.7,20.7,MADA,TAKEAWAY,5,8
TXN106075,S003,2024-10-05,13:07,Saturday,5,94.0,9.4,12.69,97.29,CREDIT_CARD,DRIVE_THRU,4,8
TXN106076,S003,2024-10-05,13:11,Saturday,2,33.0,0.0,4.95,37.95,DEBIT_CARD,DELIVERY,5,21
TXN106077,S003,2024-10-05,19:20,Saturday,2,18.0,0.0,2.7,20.7,MADA,DINE_IN,4,5
TXN106078,S003,2024-10-05,13:37,Saturday,4,50.0,0.0,7.5,57.5,MADA,DELIVERY,5,37
TXN106079,S003,2024-10-05,19:19,Saturday,4,79.0,0.0,11.85,90.85,MADA,DINE_IN,4,10
TXN106080,S003,2024-10-05,18:03,Saturday,2,38.0,0.0,5.7,43.7,MADA,DINE_IN,3,5
TXN106081,S003,2024-10-05,19:31,Saturday,3,66.0,0.0,9.9,75.9,MADA,DINE_IN,4,5
TXN106082,S003,2024-10-05,12:37,Saturday,2,45.0,0.0,6.75,51.75,DIGITAL_WALLET,TAKEAWAY,2,7
TXN106083,S003,2024-10-05,17:37,Saturday,2,38.0,0.0,5.7,43.7,CREDIT_CARD,TAKEAWAY,4,6
TXN106084,S003,2024-10-05,19:09,Saturday,2,56.0,0.0,8.4,64.4,MADA,DELIVERY,5,20
TXN106085,S003,2024-10-05,13:05,Saturday,3,63.0,0.0,9.45,72.45,CREDIT_CARD,DINE_IN,3,10
TXN106086,S003,2024-10-05,13:17,Saturday,2,18.0,1.8,2.43,18.63,DEBIT_CARD,TAKEAWAY,5,5
TXN106087,S003,2024-10-05,18:04,Saturday,2,40.0,0.0,6.0,46.0,DIGITAL_WALLET,DINE_IN,4,12
TXN106088,S003,2024-10-05,16:37,Saturday,4,80.0,0.0,12.0,92.0,DEBIT_CARD,TAKEAWAY,1,8
TXN106089,S003,2024-10-05,19:11,Saturday,1,28.0,0.0,4.2,32.2,CREDIT_CARD,DELIVERY,1,29
TXN106090,S003,2024-10-05,20:06,Saturday,2,20.0,0.0,3.0,23.0,DIGITAL_WALLET,DRIVE_THRU,5,5
TXN106091,S003,2024-10-05,12:04,Saturday,2,38.0,3.8,5.13,39.33,MADA,DINE_IN,4,6
TXN106092,S003,2024-10-05,20:33,Saturday,5,57.0,0.0,8.55,65.55,DEBIT_CARD,TAKEAWAY,5,13
TXN106093,S003,2024-10-05,19:12,Saturday,2,56.0,5.6,7.56,57.96,DEBIT_CARD,DINE_IN,4,10
TXN106094,S003,2024-10-05,12:56,Saturday,3,40.0,4.0,5.4,41.4,MADA,TAKEAWAY,5,5
TXN106095,S003,2024-10-05,10:19,Saturday,2,20.0,0.0,3.0,23.0,CASH,DRIVE_THRU,4,4
TXN106096,S003,2024-10-05,20:08,Saturday,2,27.0,0.0,4.05,31.05,CREDIT_CARD,DINE_IN,4,11
TXN106097,S003,2024-10-05,13:21,Saturday,4,74.0,0.0,11.1,85.1,DEBIT_CARD,DRIVE_THRU,5,7
TXN106098,S003,2024-10-05,14:40,Saturday,3,34.0,0.0,5.1,39.1,DIGITAL_WALLET,DRIVE_THRU,5,4
TXN106099,S003,2024-10-05,16:16,Saturday,4,66.0,0.0,9.9,75.9,CREDIT_CARD,DRIVE_THRU,3,3
TXN106100,S003,2024-10-05,20:04,Saturday,3,55.0,0.0,8.25,63.25,DEBIT_CARD,TAKEAWAY,4,7
TXN106101,S003,2024-10-05,20:16,Saturday,4,65.0,0.0,9.75,74.75,CREDIT_CARD,TAKEAWAY,3,11
TXN106102,S003,2024-10-05,19:06,Saturday,2,42.0,0.0,6.3,48.3,CASH,DRIVE_THRU,5,7
TXN106103,S003,2024-10-05,20:11,Saturday,2,41.0,4.1,5.53,42.43,DIGITAL_WALLET,DELIVERY,4,21
TXN106104,S003,2024-10-05,13:19,Saturday,1,26.0,0.0,3.9,29.9,DEBIT_CARD,DRIVE_THRU,5,6
TXN106105,S003,2024-10-05,13:09,Saturday,3,68.0,0.0,10.2,78.2,CREDIT_CARD,DINE_IN,5,5
TXN106106,S003,2024-10-05,14:19,Saturday,3,53.0,0.0,7.95,60.95,DEBIT_CARD,DRIVE_THRU,3,4
TXN106107,S003,2024-10-05,18:30,Saturday,4,79.0,0.0,11.85,90.85,MADA,DRIVE_THRU,4,8
TXN106108,S003,2024-10-05,15:50,Saturday,2,36.0,0.0,5.4,41.4,CREDIT_CARD,TAKEAWAY,4,6
TXN106109,S003,2024-10-05,12:34,Saturday,3,59.0,0.0,8.85,67.85,MADA,DRIVE_THRU,4,3
TXN106110,S003,2024-10-05,12:53,Saturday,3,38.0,0.0,5.7,43.7,MADA,DELIVERY,5,36
TXN106111,S003,2024-10-05,11:19,Saturday,3,51.0,0.0,7.65,58.65,DIGITAL_WALLET,DELIVERY,4,22
TXN106112,S003,2024-10-05,19:18,Saturday,4,65.0,0.0,9.75,74.75,MADA,TAKEAWAY,4,9
TXN106113,S003,2024-10-05,17:01,Saturday,2,51.0,0.0,7.65,58.65,DIGITAL_WALLET,DELIVERY,5,39
TXN106114,S003,2024-10-05,12:54,Saturday,4,65.0,0.0,9.75,74.75,CASH,DELIVERY,4,31
TXN106115,S003,2024-10-05,19:32,Saturday,1,12.0,0.0,1.8,13.8,DEBIT_CARD,TAKEAWAY,5,5
TXN106116,S003,2024-10-05,11:37,Saturday,2,54.0,0.0,8.1,62.1,CREDIT_CARD,DRIVE_THRU,3,4
TXN106117,S003,2024-10-05,16:01,Saturday,3,50.0,5.0,6.75,51.75,DIGITAL_WALLET,DELIVERY,5,24
TXN106118,S003,2024-10-05,21:20,Saturday,2,40.0,0.0,6.0,46.0,CASH,DRIVE_THRU,4,3
TXN106119,S003,2024-10-05,13:34,Saturday,4,63.0,0.0,9.45,72.45,DEBIT_CARD,DRIVE_THRU,4,3
TXN106120,S003,2024-10-05,13:02,Saturday,1,10.0,0.0,1.5,11.5,CASH,TAKEAWAY,5,11
TXN106121,S003,2024-10-05,08:35,Saturday,3,38.0,0.0,5.7,43.7,DEBIT_CARD,DRIVE_THRU,4,8
TXN106122,S003,2024-10-05,16:21,Saturday,5,86.0,0.0,12.9,98.9,DIGITAL_WALLET,DINE_IN,3,6
TXN106123,S003,2024-10-05,14:47,Saturday,2,40.0,0.0,6.0,46.0,MADA,DRIVE_THRU,4,3
TXN106124,S003,2024-10-05,12:32,Saturday,3,43.0,0.0,6.45,49.45,CASH,TAKEAWAY,4,10
TXN106125,S003,2024-10-05,23:43,Saturday,4,87.0,0.0,13.05,100.05,CASH,DELIVERY,4,27
TXN106126,S003,2024-10-05,12:24,Saturday,2,37.0,0.0,5.55,42.55,CREDIT_CARD,DELIVERY,4,29
TXN106127,S003,2024-10-05,12:14,Saturday,2,41.0,0.0,6.15,47.15,DIGITAL_WALLET,DELIVERY,5,32
TXN106128,S003,2024-10-05,14:55,Saturday,1,10.0,0.0,1.5,11.5,DIGITAL_WALLET,DINE_IN,5,5
TXN106129,S003,2024-10-05,18:24,Saturday,2,38.0,0.0,5.7,43.7,DIGITAL_WALLET,TAKEAWAY,4,6
TXN106130,S003,2024-10-05,15:34,Saturday,2,33.0,0.0,4.95,37.95,DEBIT_CARD,TAKEAWAY,4,12
TXN106131,S003,2024-10-05,13:34,Saturday,3,56.0,0.0,8.4,64.4,CREDIT_CARD,TAKEAWAY,3,6
TXN106132,S003,2024-10-05,19:57,Saturday,3,53.0,0.0,7.95,60.95,DEBIT_CARD,DRIVE_THRU,3,5
TXN106133,S003,2024-10-05,19:41,Saturday,2,26.0,0.0,3.9,29.9,MADA,DELIVERY,3,37
TXN106134,S003,2024-10-05,14:18,Saturday,4,81.0,0.0,12.15,93.15,DEBIT_CARD,DINE_IN,5,10
TXN106135,S003,2024-10-05,15:36,Saturday,2,22.0,0.0,3.3,25.3,CASH,DELIVERY,5,34
TXN106136,S003,2024-10-05,18:38,Saturday,5,88.0,0.0,13.2,101.2,CASH,DRIVE_THRU,5,4
TXN106137,S003,2024-10-05,23:40,Saturday,2,38.0,0.0,5.7,43.7,DIGITAL_WALLET,DRIVE_THRU,4,3
TXN106138,S003,2024-10-05,13:40,Saturday,4,85.0,0.0,12.75,97.75,MADA,TAKEAWAY,4,12
TXN106139,S003,2024-10-05,18:24,Saturday,2,40.0,0.0,6.0,46.0,DIGITAL_WALLET,DINE_IN,4,6
TXN106140,S003,2024-10-05,18:30,Saturday,2,55.0,5.5,7.42,56.92,DIGITAL_WALLET,DINE_IN,5,14
TXN106141,S003,2024-10-05,20:39,Saturday,3,54.0,5.4,7.29,55.89,DIGITAL_WALLET,DELIVERY,4,26
TXN106142,S003,2024-10-05,19:18,Saturday,4,79.0,0.0,11.85,90.85,MADA,DINE_IN,5,7
TXN106143,S003,2024-10-05,14:26,Saturday,3,53.0,0.0,7.95,60.95,DIGITAL_WALLET,DRIVE_THRU,3,4
TXN106144,S003,2024-10-05,13:13,Saturday,5,121.0,0.0,18.15,139.15,DIGITAL_WALLET,DINE_IN,5,5
TXN106145,S003,2024-10-05,10:30,Saturday,3,56.0,0.0,8.4,64.4,CASH,DELIVERY,5,38
TXN106146,S003,2024-10-05,11:19,Saturday,3,72.0,0.0,10.8,82.8,MADA,DRIVE_THRU,5,7
TXN106147,S003,2024-10-05,19:16,Saturday,3,72.0,0.0,10.8,82.8,CASH,TAKEAWAY,5,10
TXN106148,S003,2024-10-05,10:27,Saturday,3,37.0,0.0,5.55,42.55,MADA,DELIVERY,5,21
TXN106149,S003,2024-10-05,09:20,Saturday,2,22.0,0.0,3.3,25.3,DIGITAL_WALLET,DELIVERY,4,24
TXN106150,S003,2024-10-05,12:08,Saturday,4,63.0,0.0,9.45,72.45,MADA,TAKEAWAY,5,9
TXN106151,S003,2024-10-05,18:19,Saturday,2,40.0,4.0,5.4,41.4,CASH,DRIVE_THRU,5,4
TXN106152,S003,2024-10-05,08:24,Saturday,5,90.0,9.0,12.15,93.15,DIGITAL_WALLET,TAKEAWAY,4,12
TXN106153,S003,2024-10-05,18:01,Saturday,5,74.0,0.0,11.1,85.1,CREDIT_CARD,DINE_IN,3,11
TXN106154,S003,2024-10-05,16:09,Saturday,2,40.0,0.0,6.0,46.0,MADA,DRIVE_THRU,5,6
TXN106155,S003,2024-10-05,19:38,Saturday,3,72.0,0.0,10.8,82.8,DIGITAL_WALLET,DELIVERY,4,23
TXN106156,S003,2024-10-05,19:27,Saturday,4,66.0,0.0,9.9,75.9,CASH,TAKEAWAY,5,15
TXN106157,S003,2024-10-05,09:06,Saturday,2,38.0,3.8,5.13,39.33,MADA,TAKEAWAY,5,14
TXN106158,S003,2024-10-05,18:31,Saturday,3,45.0,4.5,6.08,46.58,DEBIT_CARD,TAKEAWAY,1,15
TXN106159,S003,2024-10-05,23:35,Saturday,2,22.0,0.0,3.3,25.3,DIGITAL_WALLET,DELIVERY,5,29
TXN106160,S003,2024-10-05,13:51,Saturday,2,22.0,0.0,3.3,25.3,DIGITAL_WALLET,DINE_IN,5,14
TXN106161,S003,2024-10-05,14:05,Saturday,2,48.0,0.0,7.2,55.2,MADA,DELIVERY,1,38
TXN106162,S003,2024-10-05,16:24,Saturday,1,30.0,0.0,4.5,34.5,CASH,TAKEAWAY,4,13
TXN106163,S003,2024-10-05,18:35,Saturday,3,39.0,0.0,5.85,44.85,DEBIT_CARD,DINE_IN,5,14
TXN106164,S003,2024-10-05,12:33,Saturday,3,58.0,5.8,7.83,60.03,DEBIT_CARD,DINE_IN,4,12
TXN106165,S003,2024-10-05,19:38,Saturday,4,101.0,0.0,15.15,116.15,CASH,DINE_IN,5,10
TXN106166,S003,2024-10-05,18:49,Saturday,2,42.0,0.0,6.3,48.3,MADA,TAKEAWAY,5,10
TXN106167,S003,2024-10-05,19:31,Saturday,4,93.0,0.0,13.95,106.95,DEBIT_CARD,DINE_IN,5,13
TXN106168,S003,2024-10-05,13:03,Saturday,1,12.0,0.0,1.8,13.8,MADA,DRIVE_THRU,3,5
TXN106169,S003,2024-10-05,18:44,Saturday,4,78.0,0.0,11.7,89.7,CASH,DELIVERY,4,25
TXN106170,S003,2024-10-05,18:08,Saturday,1,18.0,0.0,2.7,20.7,DIGITAL_WALLET,DELIVERY,5,32
TXN106171,S003,2024-10-05,10:12,Saturday,3,44.0,0.0,6.6,50.6,DEBIT_CARD,DINE_IN,4,7
TXN106172,S003,2024-10-05,19:50,Saturday,2,38.0,0.0,5.7,43.7,DIGITAL_WALLET,DINE_IN,5,6
TXN106173,S003,2024-10-05,16:03,Saturday,3,51.0,0.0,7.65,58.65,DIGITAL_WALLET,DINE_IN,4,6
TXN106174,S003,2024-10-05,12:14,Saturday,5,103.0,0.0,15.45,118.45,CREDIT_CARD,DINE_IN,5,10
TXN106175,S003,2024-10-05,15:47,Saturday,2,28.0,0.0,4.2,32.2,MADA,DRIVE_THRU,4,3
TXN106176,S003,2024-10-05,16:11,Saturday,4,68.0,0.0,10.2,78.2,DEBIT_CARD,TAKEAWAY,5,14
TXN106177,S003,2024-10-05,17:56,Saturday,4,80.0,0.0,12.0,92.0,CREDIT_CARD,TAKEAWAY,2,11
TXN106178,S003,2024-10-05,19:24,Saturday,3,53.0,0.0,7.95,60.95,CASH,DRIVE_THRU,3,5
TXN106179,S003,2024-10-05,11:50,Saturday,2,58.0,5.8,7.83,60.03,CREDIT_CARD,DINE_IN,4,7
TXN106180,S003,2024-10-05,09:50,Saturday,5,117.0,0.0,17.55,134.55,CREDIT_CARD,DELIVERY,5,30
TXN106181,S003,2024-10-05,19:15,Saturday,5,108.0,10.8,14.58,111.78,CREDIT_CARD,DINE_IN,4,12
TXN106182,S003,2024-10-05,12:34,Saturday,3,46.0,0.0,6.9,52.9,CASH,DRIVE_THRU,5,8
TXN106183,S003,2024-10-05,10:09,Saturday,4,45.0,0.0,6.75,51.75,MADA,DINE_IN,1,12
TXN106184,S003,2024-10-05,19:47,Saturday,3,66.0,0.0,9.9,75.9,DIGITAL_WALLET,DINE_IN,4,12
TXN106185,S003,2024-10-05,17:23,Saturday,2,48.0,0.0,7.2,55.2,CASH,DRIVE_THRU,5,5
TXN106186,S003,2024-10-05,19:04,Saturday,2,22.0,0.0,3.3,25.3,DEBIT_CARD,DELIVERY,4,40
TXN106187,S003,2024-10-05,13:44,Saturday,2,28.0,0.0,4.2,32.2,CREDIT_CARD,DRIVE_THRU,3,5
TXN106188,S003,2024-10-05,10:23,Saturday,3,30.0,0.0,4.5,34.5,CASH,DINE_IN,4,14
TXN106189,S003,2024-10-05,12:52,Saturday,2,60.0,0.0,9.0,69.0,DIGITAL_WALLET,DELIVERY,4,27
TXN106190,S003,2024-10-05,11:38,Saturday,4,68.0,0.0,10.2,78.2,DIGITAL_WALLET,DINE_IN,4,12
TXN106191,S003,2024-10-05,18:52,Saturday,4,67.0,0.0,10.05,77.05,MADA,DINE_IN,5,11
TXN106192,S003,2024-10-05,17:23,Saturday,2,37.0,0.0,5.55,42.55,CASH,DINE_IN,5,15
TXN106193,S003,2024-10-05,21:50,Saturday,3,58.0,0.0,8.7,66.7,DIGITAL_WALLET,DELIVERY,5,29
TXN106194,S003,2024-10-05,14:49,Saturday,5,75.0,0.0,11.25,86.25,CASH,TAKEAWAY,4,6
TXN106195,S003,2024-10-05,19:01,Saturday,3,47.0,0.0,7.05,54.05,MADA,TAKEAWAY,4,14
TXN106196,S003,2024-10-05,19:15,Saturday,3,57.0,0.0,8.55,65.55,MADA,DINE_IN,3,15
TXN106197,S003,2024-10-05,13:33,Saturday,5,83.0,0.0,12.45,95.45,DIGITAL_WALLET,DINE_IN,4,5
TXN106198,S003,2024-10-05,13:58,Saturday,5,107.0,0.0,16.05,123.05,DEBIT_CARD,DRIVE_THRU,3,5
TXN106199,S003,2024-10-05,21:21,Saturday,3,52.0,0.0,7.8,59.8,CREDIT_CARD,DINE_IN,5,11
TXN106200,S003,2024-10-05,19:23,Saturday,4,78.0,0.0,11.7,89.7,MADA,DRIVE_THRU,4,3
TXN106201,S003,2024-10-05,14:31,Saturday,3,54.0,0.0,8.1,62.1,DIGITAL_WALLET,TAKEAWAY,5,5
TXN106202,S003,2024-10-05,13:59,Saturday,3,52.0,0.0,7.8,59.8,DEBIT_CARD,DRIVE_THRU,4,3
TXN106203,S003,2024-10-05,19:46,Saturday,3,50.0,0.0,7.5,57.5,DEBIT_CARD,DRIVE_THRU,5,4
TXN106204,S003,2024-10-05,17:01,Saturday,4,70.0,0.0,10.5,80.5,DEBIT_CARD,DELIVERY,5,29
TXN106205,S003,2024-10-05,08:25,Saturday,3,53.0,0.0,7.95,60.95,CREDIT_CARD,DRIVE_THRU,4,6
TXN106206,S003,2024-10-05,18:00,Saturday,4,86.0,0.0,12.9,98.9,MADA,TAKEAWAY,3,15
TXN106207,S003,2024-10-05,12:34,Saturday,3,64.0,6.4,8.64,66.24,CASH,DELIVERY,5,40
TXN106208,S003,2024-10-05,18:28,Saturday,4,76.0,0.0,11.4,87.4,CASH,TAKEAWAY,5,6
TXN106209,S003,2024-10-05,17:27,Saturday,1,32.0,0.0,4.8,36.8,CREDIT_CARD,TAKEAWAY,5,5
TXN106210,S003,2024-10-05,18:37,Saturday,2,36.0,0.0,5.4,41.4,DEBIT_CARD,DINE_IN,4,9
TXN106211,S003,2024-10-05,10:41,Saturday,3,52.0,5.2,7.02,53.82,CASH,DELIVERY,4,29
TXN106212,S003,2024-10-05,10:14,Saturday,2,18.0,0.0,2.7,20.7,CREDIT_CARD,DRIVE_THRU,4,8
TXN106213,S003,2024-10-05,08:52,Saturday,4,98.0,0.0,14.7,112.7,MADA,DRIVE_THRU,5,3
TXN106214,S003,2024-10-05,11:35,Saturday,2,26.0,2.6,3.51,26.91,CASH,DELIVERY,3,24
TXN106215,S003,2024-10-05,15:39,Saturday,1,12.0,0.0,1.8,13.8,DEBIT_CARD,TAKEAWAY,5,15
TXN106216,S003,2024-10-05,18:42,Saturday,1,10.0,0.0,1.5,11.5,CREDIT_CARD,DRIVE_THRU,2,5
TXN106217,S003,2024-10-05,15:47,Saturday,4,53.0,0.0,7.95,60.95,DEBIT_CARD,DRIVE_THRU,4,8
TXN106218,S003,2024-10-05,13:55,Saturday,4,54.0,0.0,8.1,62.1,CREDIT_CARD,TAKEAWAY,3,8
TXN106219,S003,2024-10-05,21:02,Saturday,2,53.0,0.0,7.95,60.95,DIGITAL_WALLET,TAKEAWAY,5,7
TXN106220,S003,2024-10-05,12:41,Saturday,2,42.0,0.0,6.3,48.3,CASH,DRIVE_THRU,5,8
TXN106221,S003,2024-10-05,19:37,Saturday,2,60.0,6.0,8.1,62.1,MADA,DELIVERY,3,35
TXN106222,S003,2024-10-05,18:32,Saturday,2,24.0,0.0,3.6,27.6,DEBIT_CARD,TAKEAWAY,4,11
TXN106223,S003,2024-10-05,18:28,Saturday,1,28.0,0.0,4.2,32.2,CREDIT_CARD,TAKEAWAY,3,12
TXN106224,S003,2024-10-05,18:05,Saturday,2,40.0,0.0,6.0,46.0,DEBIT_CARD,DELIVERY,4,25
TXN106225,S003,2024-10-05,12:43,Saturday,3,47.0,0.0,7.05,54.05,DIGITAL_WALLET,TAKEAWAY,2,14
TXN106226,S003,2024-10-05,16:50,Saturday,4,88.0,0.0,13.2,101.2,DIGITAL_WALLET,DINE_IN,4,10
TXN106227,S003,2024-10-05,17:23,Saturday,2,40.0,0.0,6.0,46.0,DEBIT_CARD,DELIVERY,2,29
TXN106228,S003,2024-10-05,21:38,Saturday,4,61.0,0.0,9.15,70.15,MADA,DELIVERY,4,28
TXN106229,S003,2024-10-05,18:20,Saturday,4,52.0,0.0,7.8,59.8,DIGITAL_WALLET,DINE_IN,3,9
TXN106230,S003,2024-10-05,09:05,Saturday,4,76.0,0.0,11.4,87.4,CASH,DINE_IN,4,12
TXN106231,S003,2024-10-05,14:37,Saturday,3,79.0,7.9,10.66,81.76,CASH,TAKEAWAY,3,7
TXN106232,S003,2024-10-05,10:19,Saturday,2,36.0,3.6,4.86,37.26,CREDIT_CARD,DELIVERY,5,22
TXN106233,S003,2024-10-05,18:35,Saturday,3,30.0,0.0,4.5,34.5,DEBIT_CARD,DINE_IN,5,8
TXN106234,S003,2024-10-05,21:09,Saturday,2,22.0,0.0,3.3,25.3,DIGITAL_WALLET,DINE_IN,5,11
TXN106235,S003,2024-10-05,19:32,Saturday,3,55.0,0.0,8.25,63.25,MADA,DELIVERY,3,31
TXN106236,S003,2024-10-05,20:10,Saturday,2,40.0,0.0,6.0,46.0,DEBIT_CARD,DELIVERY,3,28
TXN106237,S003,2024-10-05,11:18,Saturday,2,53.0,0.0,7.95,60.95,DIGITAL_WALLET,DRIVE_THRU,5,4
TXN106238,S003,2024-10-05,08:34,Saturday,3,51.0,0.0,7.65,58.65,DEBIT_CARD,DINE_IN,5,9
TXN106239,S003,2024-10-05,13:09,Saturday,2,38.0,0.0,5.7,43.7,DIGITAL_WALLET,DRIVE_THRU,4,6
TXN106240,S003,2024-10-05,13:31,Saturday,3,70.0,0.0,10.5,80.5,CASH,DINE_IN,5,8
TXN106241,S003,2024-10-05,18:33,Saturday,2,35.0,3.5,4.72,36.22,DEBIT_CARD,DRIVE_THRU,5,7
TXN106242,S003,2024-10-05,13:15,Saturday,3,52.0,0.0,7.8,59.8,CASH,DELIVERY,5,32
TXN106243,S003,2024-10-05,17:58,Saturday,2,42.0,0.0,6.3,48.3,CREDIT_CARD,DELIVERY,4,20
TXN106244,S003,2024-10-05,12:23,Saturday,2,24.0,0.0,3.6,27.6,CASH,DELIVERY,3,38
TXN106245,S003,2024-10-05,13:15,Saturday,3,63.0,0.0,9.45,72.45,CREDIT_CARD,DELIVERY,2,23
TXN106246,S003,2024-10-05,12:17,Saturday,2,26.0,2.6,3.51,26.91,DEBIT_CARD,TAKEAWAY,2,10
TXN106247,S003,2024-10-05,12:19,Saturday,3,76.0,0.0,11.4,87.4,DIGITAL_WALLET,DRIVE_THRU,4,3
TXN106248,S003,2024-10-05,14:55,Saturday,1,10.0,0.0,1.5,11.5,DIGITAL_WALLET,DRIVE_THRU,5,7
TXN106249,S003,2024-10-05,10:22,Saturday,2,55.0,0.0,8.25,63.25,CREDIT_CARD,DRIVE_THRU,3,7
TXN106250,S003,2024-10-05,23:50,Saturday,2,36.0,0.0,5.4,41.4,CASH,DINE_IN,3,5
TXN106251,S003,2024-10-05,12:31,Saturday,3,46.0,0.0,6.9,52.9,DIGITAL_WALLET,TAKEAWAY,5,13
TXN106252,S003,2024-10-05,18:52,Saturday,3,41.0,0.0,6.15,47.15,DIGITAL_WALLET,DINE_IN,5,11
TXN106253,S003,2024-10-05,19:27,Saturday,3,63.0,0.0,9.45,72.45,CASH,TAKEAWAY,4,14
TXN106254,S003,2024-10-05,17:14,Saturday,4,82.0,0.0,12.3,94.3,DEBIT_CARD,DINE_IN,3,9
TXN106255,S003,2024-10-05,10:19,Saturday,2,48.0,0.0,7.2,55.2,MADA,DELIVERY,4,27
TXN106256,S003,2024-10-05,16:18,Saturday,2,40.0,0.0,6.0,46.0,CREDIT_CARD,DELIVERY,5,20
TXN106257,S003,2024-10-05,11:58,Saturday,2,42.0,0.0,6.3,48.3,MADA,DELIVERY,4,24
TXN106258,S003,2024-10-05,19:02,Saturday,2,58.0,0.0,8.7,66.7,CASH,DRIVE_THRU,4,7
TXN106259,S003,2024-10-05,21:55,Saturday,2,44.0,0.0,6.6,50.6,DEBIT_CARD,DELIVERY,5,31
TXN106260,S003,2024-10-05,13:22,Saturday,1,8.0,0.8,1.08,8.28,DIGITAL_WALLET,TAKEAWAY,5,6
TXN106261,S003,2024-10-05,13:24,Saturday,4,93.0,0.0,13.95,106.95,DIGITAL_WALLET,DINE_IN,5,15
TXN106262,S003,2024-10-05,19:05,Saturday,1,8.0,0.8,1.08,8.28,CREDIT_CARD,TAKEAWAY,5,14
TXN106263,S003,2024-10-05,11:59,Saturday,2,30.0,0.0,4.5,34.5,MADA,DELIVERY,5,28
TXN106264,S003,2024-10-05,12:09,Saturday,3,72.0,0.0,10.8,82.8,MADA,DINE_IN,1,8
TXN106265,S003,2024-10-05,14:22,Saturday,3,57.0,0.0,8.55,65.55,DEBIT_CARD,DRIVE_THRU,5,7
TXN106266,S003,2024-10-05,17:04,Saturday,3,50.0,0.0,7.5,57.5,CREDIT_CARD,DINE_IN,5,6
TXN106267,S003,2024-10-05,19:28,Saturday,3,55.0,0.0,8.25,63.25,CREDIT_CARD,DELIVERY,5,31
TXN106268,S003,2024-10-05,22:30,Saturday,3,67.0,6.7,9.04,69.34,MADA,DELIVERY,4,25
TXN106269,S003,2024-10-05,11:47,Saturday,2,37.0,0.0,5.55,42.55,CREDIT_CARD,DINE_IN,5,14
TXN106270,S003,2024-10-05,12:42,Saturday,3,45.0,0.0,6.75,51.75,CASH,DRIVE_THRU,4,3
TXN106271,S003,2024-10-05,14:40,Saturday,3,51.0,0.0,7.65,58.65,MADA,DINE_IN,5,11
TXN106272,S003,2024-10-05,19:44,Saturday,3,56.0,0.0,8.4,64.4,DEBIT_CARD,DELIVERY,5,31
TXN106273,S003,2024-10-05,08:29,Saturday,2,40.0,0.0,6.0,46.0,MADA,TAKEAWAY,2,13
TXN106274,S003,2024-10-05,12:17,Saturday,4,62.0,0.0,9.3,71.3,DEBIT_CARD,TAKEAWAY,5,8
TXN106275,S003,2024-10-05,13:58,Saturday,2,45.0,0.0,6.75,51.75,DEBIT_CARD,TAKEAWAY,4,9
TXN106276,S003,2024-10-05,18:54,Saturday,2,62.0,6.2,8.37,64.17,CASH,DINE_IN,5,10
TXN106277,S003,2024-10-05,12:10,Saturday,3,52.0,0.0,7.8,59.8,MADA,DELIVERY,5,37
TXN106278,S003,2024-10-05,11:12,Saturday,3,30.0,0.0,4.5,34.5,CASH,DRIVE_THRU,4,4
TXN106279,S003,2024-10-05,21:06,Saturday,1,12.0,0.0,1.8,13.8,CREDIT_CARD,DRIVE_THRU,4,5
TXN106280,S003,2024-10-05,18:50,Saturday,2,40.0,0.0,6.0,46.0,DIGITAL_WALLET,TAKEAWAY,4,6
TXN106281,S003,2024-10-05,10:53,Saturday,4,93.0,0.0,13.95,106.95,DIGITAL_WALLET,DRIVE_THRU,2,3
TXN106282,S003,2024-10-05,13:17,Saturday,2,42.0,0.0,6.3,48.3,DEBIT_CARD,DELIVERY,5,31
TXN106283,S003,2024-10-05,19:07,Saturday,5,114.0,0.0,17.1,131.1,DEBIT_CARD,TAKEAWAY,4,12
TXN106284,S003,2024-10-05,17:53,Saturday,2,50.0,0.0,7.5,57.5,DEBIT_CARD,DELIVERY,5,22
TXN106285,S003,2024-10-05,19:09,Saturday,4,98.0,0.0,14.7,112.7,DIGITAL_WALLET,DINE_IN,5,12
TXN106286,S003,2024-10-05,19:19,Saturday,4,73.0,0.0,10.95,83.95,CASH,TAKEAWAY,5,10
TXN106287,S003,2024-10-05,11:18,Saturday,4,78.0,0.0,11.7,89.7,CASH,DINE_IN,4,8
TXN106288,S003,2024-10-05,17:51,Saturday,4,65.0,0.0,9.75,74.75,CASH,TAKEAWAY,5,11
TXN106289,S003,2024-10-05,18:44,Saturday,3,58.0,0.0,8.7,66.7,MADA,TAKEAWAY,4,14
TXN106290,S003,2024-10-05,18:14,Saturday,2,20.0,2.0,2.7,20.7,MADA,TAKEAWAY,4,6
TXN106291,S003,2024-10-05,13:58,Saturday,2,30.0,0.0,4.5,34.5,DIGITAL_WALLET,DINE_IN,4,10
TXN106292,S003,2024-10-05,14:03,Saturday,3,35.0,0.0,5.25,40.25,MADA,DELIVERY,3,33
TXN106293,S003,2024-10-05,17:01,Saturday,2,18.0,0.0,2.7,20.7,MADA,DELIVERY,4,29
TXN106294,S003,2024-10-05,19:04,Saturday,4,77.0,0.0,11.55,88.55,DIGITAL_WALLET,DELIVERY,3,37
TXN106295,S003,2024-10-05,17:05,Saturday,1,12.0,0.0,1.8,13.8,DIGITAL_WALLET,TAKEAWAY,3,13
TXN106296,S003,2024-10-05,23:35,Saturday,4,90.0,0.0,13.5,103.5,DIGITAL_WALLET,DELIVERY,4,23
TXN106297,S003,2024-10-05,18:24,Saturday,3,79.0,0.0,11.85,90.85,CREDIT_CARD,DELIVERY,5,32
TXN106298,S003,2024-10-05,17:39,Saturday,3,45.0,0.0,6.75,51.75,DIGITAL_WALLET,DINE_IN,5,15
TXN106299,S003,2024-10-05,18:52,Saturday,2,38.0,0.0,5.7,43.7,MADA,DELIVERY,4,40
TXN106300,S003,2024-10-05,12:46,Saturday,2,40.0,0.0,6.0,46.0,MADA,TAKEAWAY,5,13
TXN106301,S003,2024-10-05,18:12,Saturday,1,8.0,0.0,1.2,9.2,DEBIT_CARD,TAKEAWAY,4,5
TXN106302,S003,2024-10-05,13:36,Saturday,2,36.0,0.0,5.4,41.4,DIGITAL_WALLET,DRIVE_THRU,5,4
TXN106303,S003,2024-10-05,12:49,Saturday,4,62.0,0.0,9.3,71.3,CASH,DINE_IN,5,13
TXN106304,S003,2024-10-05,19:12,Saturday,2,38.0,0.0,5.7,43.7,CREDIT_CARD,DINE_IN,4,12
TXN106305,S003,2024-10-05,13:17,Saturday,4,62.0,0.0,9.3,71.3,CASH,DRIVE_THRU,4,8
TXN106306,S003,2024-10-05,12:49,Saturday,2,38.0,0.0,5.7,43.7,MADA,DRIVE_THRU,1,6
TXN106307,S003,2024-10-05,17:08,Saturday,3,52.0,0.0,7.8,59.8,CASH,DELIVERY,5,33
TXN106308,S003,2024-10-05,16:37,Saturday,2,30.0,0.0,4.5,34.5,MADA,DINE_IN,4,8
TXN106309,S003,2024-10-05,15:39,Saturday,3,63.0,0.0,9.45,72.45,DIGITAL_WALLET,DRIVE_THRU,1,8
TXN106310,S003,2024-10-05,19:59,Saturday,3,66.0,0.0,9.9,75.9,MADA,TAKEAWAY,1,13
TXN106311,S003,2024-10-05,21:28,Saturday,3,68.0,0.0,10.2,78.2,DEBIT_CARD,DRIVE_THRU,5,5
TXN106312,S003,2024-10-05,12:02,Saturday,4,86.0,0.0,12.9,98.9,CASH,DINE_IN,5,11
TXN106313,S003,2024-10-05,15:54,Saturday,2,38.0,0.0,5.7,43.7,DEBIT_CARD,DELIVERY,3,20
TXN106314,S003,2024-10-05,19:32,Saturday,2,18.0,0.0,2.7,20.7,MADA,DINE_IN,4,9
TXN106315,S003,2024-10-05,12:58,Saturday,3,45.0,0.0,6.75,51.75,CASH,DELIVERY,5,29
TXN106316,S003,2024-10-05,13:50,Saturday,4,56.0,0.0,8.4,64.4,MADA,TAKEAWAY,4,13
TXN106317,S003,2024-10-05,11:31,Saturday,2,20.0,0.0,3.0,23.0,DEBIT_CARD,TAKEAWAY,5,9
TXN106318,S003,2024-10-05,17:09,Saturday,2,34.0,0.0,5.1,39.1,DEBIT_CARD,DRIVE_THRU,5,3
TXN106319,S003,2024-10-05,13:17,Saturday,5,110.0,0.0,16.5,126.5,MADA,DELIVERY,5,33
TXN106320,S003,2024-10-05,14:05,Saturday,4,95.0,9.5,12.82,98.32,CASH,DINE_IN,3,15
TXN106321,S003,2024-10-05,13:54,Saturday,5,95.0,0.0,14.25,109.25,CREDIT_CARD,DINE_IN,2,11
TXN106322,S003,2024-10-05,18:58,Saturday,3,73.0,0.0,10.95,83.95,DEBIT_CARD,TAKEAWAY,3,5
TXN106323,S003,2024-10-05,12:24,Saturday,2,57.0,0.0,8.55,65.55,MADA,DRIVE_THRU,4,4
TXN106324,S003,2024-10-05,12:22,Saturday,3,63.0,0.0,9.45,72.45,MADA,TAKEAWAY,4,14
TXN106325,S003,2024-10-05,19:47,Saturday,2,38.0,0.0,5.7,43.7,DIGITAL_WALLET,DRIVE_THRU,5,8
TXN106326,S003,2024-10-05,12:33,Saturday,4,73.0,0.0,10.95,83.95,DEBIT_CARD,DELIVERY,4,20
TXN106327,S003,2024-10-05,12:18,Saturday,4,64.0,0.0,9.6,73.6,CASH,TAKEAWAY,5,8
TXN106328,S003,2024-10-05,13:09,Saturday,4,93.0,9.3,12.55,96.25,CASH,TAKEAWAY,5,6
TXN106329,S003,2024-10-05,19:27,Saturday,3,69.0,0.0,10.35,79.35,CASH,TAKEAWAY,2,13
TXN106330,S003,2024-10-05,19:54,Saturday,3,70.0,0.0,10.5,80.5,CREDIT_CARD,DELIVERY,3,35
TXN106331,S003,2024-10-05,10:42,Saturday,4,66.0,0.0,9.9,75.9,CREDIT_CARD,DELIVERY,5,23
TXN106332,S003,2024-10-05,14:56,Saturday,2,53.0,0.0,7.95,60.95,MADA,DELIVERY,5,28
TXN106333,S003,2024-10-05,11:14,Saturday,3,35.0,0.0,5.25,40.25,DIGITAL_WALLET,DRIVE_THRU,4,3
TXN106334,S003,2024-10-05,19:02,Saturday,4,99.0,0.0,14.85,113.85,DIGITAL_WALLET,DELIVERY,5,39
TXN106335,S003,2024-10-05,19:39,Saturday,2,22.0,0.0,3.3,25.3,DIGITAL_WALLET,DELIVERY,4,32
TXN106336,S003,2024-10-05,18:31,Saturday,2,37.0,0.0,5.55,42.55,CASH,DRIVE_THRU,4,7
TXN106337,S003,2024-10-05,11:58,Saturday,3,63.0,0.0,9.45,72.45,DEBIT_CARD,DRIVE_THRU,3,6
TXN106338,S003,2024-10-05,23:16,Saturday,3,81.0,0.0,12.15,93.15,DEBIT_CARD,DRIVE_THRU,3,6
TXN106339,S003,2024-10-05,11:01,Saturday,2,38.0,0.0,5.7,43.7,MADA,DINE_IN,5,10
TXN106340,S003,2024-10-05,19:06,Saturday,4,63.0,6.3,8.51,65.21,DEBIT_CARD,TAKEAWAY,4,10
TXN106341,S003,2024-10-05,18:05,Saturday,3,57.0,0.0,8.55,65.55,MADA,TAKEAWAY,4,5
TXN106342,S003,2024-10-05,10:29,Saturday,5,123.0,0.0,18.45,141.45,CASH,DELIVERY,2,26
TXN106343,S003,2024-10-05,23:17,Saturday,4,87.0,0.0,13.05,100.05,CASH,DRIVE_THRU,5,7
TXN106344,S003,2024-10-05,20:11,Saturday,5,90.0,9.0,12.15,93.15,CREDIT_CARD,DINE_IN,3,6
TXN106345,S003,2024-10-05,13:58,Saturday,3,38.0,0.0,5.7,43.7,CREDIT_CARD,DELIVERY,3,34
TXN106346,S003,2024-10-05,11:25,Saturday,2,45.0,0.0,6.75,51.75,CASH,DINE_IN,3,12
TXN106347,S003,2024-10-05,19:13,Saturday,2,40.0,0.0,6.0,46.0,DEBIT_CARD,DRIVE_THRU,4,6
TXN106348,S003,2024-10-05,11:18,Saturday,2,28.0,0.0,4.2,32.2,MADA,DRIVE_THRU,5,8
TXN106349,S003,2024-10-05,14:04,Saturday,2,40.0,0.0,6.0,46.0,CASH,DELIVERY,5,33
TXN106350,S003,2024-10-05,17:11,Saturday,2,44.0,0.0,6.6,50.6,CASH,DRIVE_THRU,3,4
TXN106351,S003,2024-10-05,17:48,Saturday,4,78.0,0.0,11.7,89.7,MADA,TAKEAWAY,5,8
TXN106352,S003,2024-10-05,11:42,Saturday,2,62.0,0.0,9.3,71.3,CASH,DRIVE_THRU,4,5
TXN106353,S003,2024-10-05,19:24,Saturday,2,41.0,0.0,6.15,47.15,CASH,DRIVE_THRU,5,6
TXN106354,S003,2024-10-05,22:05,Saturday,2,43.0,0.0,6.45,49.45,DEBIT_CARD,DINE_IN,5,5
TXN106355,S003,2024-10-05,11:18,Saturday,3,86.0,0.0,12.9,98.9,MADA,DELIVERY,4,29
TXN106356,S003,2024-10-05,12:28,Saturday,2,48.0,0.0,7.2,55.2,CASH,DINE_IN,4,13
TXN106357,S003,2024-10-05,11:12,Saturday,4,68.0,0.0,10.2,78.2,CREDIT_CARD,TAKEAWAY,5,9
TXN106358,S003,2024-10-05,10:28,Saturday,2,36.0,0.0,5.4,41.4,DIGITAL_WALLET,DELIVERY,4,37
TXN106359,S003,2024-10-05,12:20,Saturday,2,40.0,0.0,6.0,46.0,MADA,TAKEAWAY,3,8
TXN106360,S003,2024-10-05,20:43,Saturday,2,20.0,0.0,3.0,23.0,DEBIT_CARD,DINE_IN,4,8
TXN106361,S003,2024-10-05,10:47,Saturday,3,56.0,0.0,8.4,64.4,MADA,DELIVERY,4,27
TXN106362,S003,2024-10-05,13:25,Saturday,3,80.0,0.0,12.0,92.0,CREDIT_CARD,TAKEAWAY,4,13
TXN106363,S003,2024-10-05,18:21,Saturday,2,60.0,0.0,9.0,69.0,CREDIT_CARD,DINE_IN,4,10
TXN106364,S003,2024-10-05,18:51,Saturday,3,58.0,0.0,8.7,66.7,DIGITAL_WALLET,DRIVE_THRU,4,8
TXN106365,S003,2024-10-05,19:58,Saturday,4,65.0,0.0,9.75,74.75,MADA,TAKEAWAY,1,5
TXN106366,S003,2024-10-05,12:42,Saturday,3,49.0,0.0,7.35,56.35,DIGITAL_WALLET,DELIVERY,4,26
TXN106367,S003,2024-10-05,12:31,Saturday,3,56.0,0.0,8.4,64.4,DEBIT_CARD,DELIVERY,5,27
TXN106368,S003,2024-10-05,20:49,Saturday,1,8.0,0.0,1.2,9.2,CREDIT_CARD,DRIVE_THRU,4,4
TXN106369,S003,2024-10-05,18:52,Saturday,4,73.0,0.0,10.95,83.95,DIGITAL_WALLET,DRIVE_THRU,4,4
TXN106370,S003,2024-10-05,12:07,Saturday,3,55.0,0.0,8.25,63.25,MADA,TAKEAWAY,4,9
TXN106371,S003,2024-10-05,19:26,Saturday,3,68.0,0.0,10.2,78.2,MADA,TAKEAWAY,4,11
TXN106372,S003,2024-10-05,13:11,Saturday,3,51.0,0.0,7.65,58.65,CREDIT_CARD,TAKEAWAY,4,9
TXN106373,S003,2024-10-05,17:57,Saturday,2,44.0,0.0,6.6,50.6,DEBIT_CARD,DINE_IN,5,6
TXN106374,S003,2024-10-05,18:37,Saturday,2,40.0,0.0,6.0,46.0,DEBIT_CARD,TAKEAWAY,4,14
TXN106375,S003,2024-10-05,11:34,Saturday,3,63.0,0.0,9.45,72.45,CASH,DELIVERY,4,20
TXN106376,S003,2024-10-05,17:12,Saturday,1,18.0,0.0,2.7,20.7,CASH,TAKEAWAY,5,10
TXN106377,S003,2024-10-05,16:34,Saturday,2,20.0,0.0,3.0,23.0,DEBIT_CARD,DRIVE_THRU,5,3
TXN106378,S003,2024-10-05,18:32,Saturday,4,79.0,0.0,11.85,90.85,MADA,DELIVERY,3,23
TXN106379,S003,2024-10-05,18:43,Saturday,5,69.0,0.0,10.35,79.35,CREDIT_CARD,TAKEAWAY,4,13
TXN106380,S003,2024-10-05,12:49,Saturday,3,65.0,0.0,9.75,74.75,CREDIT_CARD,TAKEAWAY,5,15
TXN106381,S003,2024-10-05,18:23,Saturday,1,8.0,0.0,1.2,9.2,CREDIT_CARD,DINE_IN,5,8
TXN106382,S003,2024-10-05,22:23,Saturday,3,60.0,0.0,9.0,69.0,MADA,DELIVERY,3,33
TXN106383,S003,2024-10-05,18:44,Saturday,2,51.0,5.1,6.88,52.78,DEBIT_CARD,TAKEAWAY,3,10
TXN106384,S003,2024-10-05,18:50,Saturday,4,48.0,0.0,7.2,55.2,DEBIT_CARD,DRIVE_THRU,5,7
TXN106385,S003,2024-10-05,12:28,Saturday,3,64.0,0.0,9.6,73.6,MADA,DELIVERY,4,30
TXN106386,S003,2024-10-05,20:53,Saturday,2,54.0,0.0,8.1,62.1,MADA,TAKEAWAY,5,14
TXN106387,S003,2024-10-05,11:38,Saturday,3,40.0,0.0,6.0,46.0,CREDIT_CARD,DRIVE_THRU,5,8
TXN106388,S003,2024-10-05,19:15,Saturday,3,57.0,0.0,8.55,65.55,CASH,DINE_IN,5,12
TXN106389,S003,2024-10-05,11:55,Saturday,3,37.0,0.0,5.55,42.55,MADA,DELIVERY,5,23
TXN106390,S003,2024-10-05,13:26,Saturday,2,25.0,0.0,3.75,28.75,DIGITAL_WALLET,DELIVERY,5,32
TXN106391,S003,2024-10-05,12:18,Saturday,4,80.0,0.0,12.0,92.0,CREDIT_CARD,TAKEAWAY,5,5
TXN106392,S003,2024-10-05,12:40,Saturday,3,56.0,0.0,8.4,64.4,MADA,DELIVERY,5,20
TXN106393,S003,2024-10-05,13:48,Saturday,1,12.0,0.0,1.8,13.8,DEBIT_CARD,DELIVERY,3,36
TXN106394,S003,2024-10-05,16:30,Saturday,2,44.0,0.0,6.6,50.6,DEBIT_CARD,TAKEAWAY,2,8
TXN106395,S003,2024-10-05,19:05,Saturday,1,10.0,0.0,1.5,11.5,MADA,DRIVE_THRU,5,6
TXN106396,S003,2024-10-05,09:15,Saturday,2,44.0,0.0,6.6,50.6,DEBIT_CARD,TAKEAWAY,4,5
TXN106397,S003,2024-10-05,19:01,Saturday,3,68.0,0.0,10.2,78.2,DEBIT_CARD,DINE_IN,5,12
TXN106398,S003,2024-10-05,18:04,Saturday,3,52.0,0.0,7.8,59.8,DIGITAL_WALLET,DINE_IN,3,10
TXN106399,S003,2024-10-05,18:11,Saturday,4,91.0,0.0,13.65,104.65,MADA,DRIVE_THRU,2,5
TXN106400,S003,2024-10-05,17:07,Saturday,2,36.0,0.0,5.4,41.4,CREDIT_CARD,DELIVERY,3,22
TXN106401,S003,2024-10-05,19:40,Saturday,3,54.0,0.0,8.1,62.1,CREDIT_CARD,DRIVE_THRU,5,4
TXN106402,S003,2024-10-05,13:50,Saturday,4,69.0,0.0,10.35,79.35,DIGITAL_WALLET,DINE_IN,5,8
TXN106403,S003,2024-10-05,16:49,Saturday,2,40.0,0.0,6.0,46.0,MADA,DINE_IN,4,5
TXN106404,S004,2024-10-05,10:21,Saturday,3,68.0,6.8,9.18,70.38,CASH,DINE_IN,4,7
TXN106405,S004,2024-10-05,17:17,Saturday,1,10.0,0.0,1.5,11.5,DEBIT_CARD,DELIVERY,2,39
TXN106406,S004,2024-10-05,09:12,Saturday,4,70.0,0.0,10.5,80.5,CREDIT_CARD,DRIVE_THRU,5,6
TXN106407,S004,2024-10-05,11:57,Saturday,3,61.0,0.0,9.15,70.15,CASH,DINE_IN,4,9
TXN106408,S004,2024-10-05,11:56,Saturday,3,73.0,0.0,10.95,83.95,MADA,DRIVE_THRU,5,6
TXN106409,S004,2024-10-05,13:44,Saturday,2,38.0,0.0,5.7,43.7,MADA,DRIVE_THRU,5,8
TXN106410,S004,2024-10-05,18:39,Saturday,3,28.0,0.0,4.2,32.2,DIGITAL_WALLET,DELIVERY,4,32
TXN106411,S004,2024-10-05,16:54,Saturday,2,46.0,0.0,6.9,52.9,CASH,DELIVERY,4,38
TXN106412,S004,2024-10-05,14:36,Saturday,2,42.0,0.0,6.3,48.3,DEBIT_CARD,DELIVERY,5,40
TXN106413,S004,2024-10-05,19:38,Saturday,2,58.0,0.0,8.7,66.7,MADA,DELIVERY,4,36
TXN106414,S004,2024-10-05,13:38,Saturday,3,84.0,8.4,11.34,86.94,DIGITAL_WALLET,DINE_IN,5,9
TXN106415,S004,2024-10-05,18:52,Saturday,2,40.0,0.0,6.0,46.0,CREDIT_CARD,TAKEAWAY,1,6
TXN106416,S004,2024-10-05,23:32,Saturday,2,33.0,0.0,4.95,37.95,CASH,DINE_IN,5,13
TXN106417,S004,2024-10-05,19:34,Saturday,1,12.0,0.0,1.8,13.8,DIGITAL_WALLET,DINE_IN,3,5
TXN106418,S004,2024-10-05,13:00,Saturday,3,47.0,0.0,7.05,54.05,DEBIT_CARD,DELIVERY,4,27
TXN106419,S004,2024-10-05,19:53,Saturday,3,37.0,0.0,5.55,42.55,CASH,DELIVERY,3,22
TXN106420,S004,2024-10-05,08:17,Saturday,2,22.0,0.0,3.3,25.3,DIGITAL_WALLET,DELIVERY,5,36
TXN106421,S004,2024-10-05,18:08,Saturday,1,10.0,0.0,1.5,11.5,DEBIT_CARD,TAKEAWAY,3,5
TXN106422,S004,2024-10-05,19:00,Saturday,3,30.0,0.0,4.5,34.5,DIGITAL_WALLET,TAKEAWAY,4,6
TXN106423,S004,2024-10-05,13:29,Saturday,4,56.0,0.0,8.4,64.4,DIGITAL_WALLET,DRIVE_THRU,3,5
TXN106424,S004,2024-10-05,17:22,Saturday,2,40.0,0.0,6.0,46.0,DIGITAL_WALLET,DRIVE_THRU,3,6
TXN106425,S004,2024-10-05,19:45,Saturday,4,68.0,0.0,10.2,78.2,DIGITAL_WALLET,TAKEAWAY,4,6
TXN106426,S004,2024-10-05,08:10,Saturday,4,62.0,0.0,9.3,71.3,MADA,DRIVE_THRU,3,7
TXN106427,S004,2024-10-05,13:44,Saturday,5,115.0,0.0,17.25,132.25,DIGITAL_WALLET,DELIVERY,5,33
TXN106428,S004,2024-10-05,19:30,Saturday,2,30.0,0.0,4.5,34.5,MADA,DINE_IN,3,13
TXN106429,S004,2024-10-05,12:48,Saturday,4,65.0,0.0,9.75,74.75,MADA,DELIVERY,5,37
TXN106430,S004,2024-10-05,18:43,Saturday,3,79.0,0.0,11.85,90.85,DIGITAL_WALLET,TAKEAWAY,4,11
TXN106431,S004,2024-10-05,15:15,Saturday,2,35.0,0.0,5.25,40.25,DIGITAL_WALLET,DINE_IN,5,12
TXN106432,S004,2024-10-05,19:11,Saturday,3,52.0,0.0,7.8,59.8,CREDIT_CARD,DINE_IN,4,6
TXN106433,S004,2024-10-05,22:07,Saturday,3,51.0,0.0,7.65,58.65,DIGITAL_WALLET,DRIVE_THRU,4,5
TXN106434,S004,2024-10-05,12:36,Saturday,4,78.0,0.0,11.7,89.7,DEBIT_CARD,DELIVERY,4,20
TXN106435,S004,2024-10-05,18:40,Saturday,3,35.0,0.0,5.25,40.25,DEBIT_CARD,DRIVE_THRU,5,3
TXN106436,S004,2024-10-05,18:42,Saturday,4,80.0,0.0,12.0,92.0,DEBIT_CARD,DRIVE_THRU,3,7
TXN106437,S004,2024-10-05,13:13,Saturday,2,18.0,0.0,2.7,20.7,DIGITAL_WALLET,DELIVERY,5,20
TXN106438,S004,2024-10-05,13:26,Saturday,2,53.0,0.0,7.95,60.95,DEBIT_CARD,DINE_IN,4,8
TXN106439,S004,2024-10-05,11:46,Saturday,3,50.0,0.0,7.5,57.5,DIGITAL_WALLET,DINE_IN,2,8
TXN106440,S004,2024-10-05,12:37,Saturday,1,12.0,0.0,1.8,13.8,CREDIT_CARD,DINE_IN,3,5
TXN106441,S004,2024-10-05,14:55,Saturday,3,46.0,4.6,6.21,47.61,MADA,DELIVERY,4,20
TXN106442,S004,2024-10-05,19:46,Saturday,3,62.0,6.2,8.37,64.17,MADA,DINE_IN,4,7
TXN106443,S004,2024-10-05,13:03,Saturday,3,66.0,0.0,9.9,75.9,DIGITAL_WALLET,TAKEAWAY,3,11
TXN106444,S004,2024-10-05,19:27,Saturday,4,82.0,0.0,12.3,94.3,MADA,TAKEAWAY,5,6
TXN106445,S004,2024-10-05,19:45,Saturday,1,8.0,0.0,1.2,9.2,MADA,DELIVERY,5,38
TXN106446,S004,2024-10-05,10:18,Saturday,3,57.0,0.0,8.55,65.55,MADA,DRIVE_THRU,5,4
TXN106447,S004,2024-10-05,14:46,Saturday,3,51.0,5.1,6.88,52.78,CASH,TAKEAWAY,4,15
TXN106448,S004,2024-10-05,18:32,Saturday,2,22.0,0.0,3.3,25.3,CASH,DINE_IN,5,9
TXN106449,S004,2024-10-05,17:56,Saturday,2,37.0,3.7,4.99,38.29,CREDIT_CARD,DRIVE_THRU,5,7
TXN106450,S004,2024-10-05,11:37,Saturday,3,63.0,0.0,9.45,72.45,CREDIT_CARD,DINE_IN,5,9
TXN106451,S004,2024-10-05,18:15,Saturday,4,83.0,0.0,12.45,95.45,CREDIT_CARD,DRIVE_THRU,1,7
TXN106452,S004,2024-10-05,19:05,Saturday,4,78.0,7.8,10.53,80.73,DIGITAL_WALLET,TAKEAWAY,3,6
TXN106453,S004,2024-10-05,10:43,Saturday,4,70.0,0.0,10.5,80.5,CASH,TAKEAWAY,3,14
TXN106454,S004,2024-10-05,12:09,Saturday,3,33.0,0.0,4.95,37.95,DIGITAL_WALLET,TAKEAWAY,5,9
TXN106455,S004,2024-10-05,13:42,Saturday,1,32.0,0.0,4.8,36.8,MADA,DELIVERY,5,27
TXN106456,S004,2024-10-05,19:19,Saturday,4,103.0,0.0,15.45,118.45,DEBIT_CARD,DRIVE_THRU,5,8
TXN106457,S004,2024-10-05,19:24,Saturday,4,84.0,0.0,12.6,96.6,DEBIT_CARD,DRIVE_THRU,2,3
TXN106458,S004,2024-10-05,19:50,Saturday,3,48.0,0.0,7.2,55.2,CASH,DINE_IN,5,5
TXN106459,S004,2024-10-05,19:41,Saturday,2,26.0,0.0,3.9,29.9,DEBIT_CARD,TAKEAWAY,4,12
TXN106460,S004,2024-10-05,13:47,Saturday,3,69.0,6.9,9.31,71.41,MADA,DELIVERY,4,21
TXN106461,S004,2024-10-05,15:49,Saturday,2,53.0,0.0,7.95,60.95,DIGITAL_WALLET,DELIVERY,4,22
TXN106462,S004,2024-10-05,12:15,Saturday,4,61.0,0.0,9.15,70.15,CREDIT_CARD,DELIVERY,4,39
TXN106463,S004,2024-10-05,18:51,Saturday,2,18.0,0.0,2.7,20.7,CASH,DELIVERY,3,27
TXN106464,S004,2024-10-05,19:47,Saturday,2,20.0,0.0,3.0,23.0,DIGITAL_WALLET,DINE_IN,4,8
TXN106465,S004,2024-10-05,20:13,Saturday,1,15.0,1.5,2.02,15.52,CREDIT_CARD,DINE_IN,3,15
TXN106466,S004,2024-10-05,18:15,Saturday,3,57.0,0.0,8.55,65.55,MADA,DINE_IN,4,6
TXN106467,S004,2024-10-05,21:47,Saturday,4,66.0,6.6,8.91,68.31,CASH,DINE_IN,3,14
TXN106468,S004,2024-10-05,09:36,Saturday,3,48.0,0.0,7.2,55.2,MADA,DRIVE_THRU,5,4
TXN106469,S004,2024-10-05,10:41,Saturday,4,88.0,0.0,13.2,101.2,MADA,TAKEAWAY,5,5
TXN106470,S004,2024-10-05,12:54,Saturday,4,59.0,0.0,8.85,67.85,MADA,DINE_IN,4,9
TXN106471,S004,2024-10-05,12:48,Saturday,2,20.0,0.0,3.0,23.0,MADA,DRIVE_THRU,5,5
TXN106472,S004,2024-10-05,16:35,Saturday,1,8.0,0.0,1.2,9.2,DIGITAL_WALLET,TAKEAWAY,5,14
TXN106473,S004,2024-10-05,14:02,Saturday,3,38.0,3.8,5.13,39.33,DEBIT_CARD,DELIVERY,4,28
TXN106474,S004,2024-10-05,12:12,Saturday,3,41.0,0.0,6.15,47.15,DEBIT_CARD,DINE_IN,5,14
TXN106475,S004,2024-10-05,12:49,Saturday,3,72.0,0.0,10.8,82.8,DEBIT_CARD,DELIVERY,5,24
TXN106476,S004,2024-10-05,20:40,Saturday,2,26.0,2.6,3.51,26.91,DEBIT_CARD,TAKEAWAY,4,14
TXN106477,S004,2024-10-05,17:54,Saturday,4,95.0,0.0,14.25,109.25,MADA,TAKEAWAY,4,13
TXN106478,S004,2024-10-05,13:43,Saturday,3,85.0,0.0,12.75,97.75,DEBIT_CARD,DELIVERY,5,28
TXN106479,S004,2024-10-05,13:26,Saturday,3,68.0,0.0,10.2,78.2,CREDIT_CARD,DRIVE_THRU,4,8
TXN106480,S004,2024-10-05,14:32,Saturday,3,54.0,0.0,8.1,62.1,MADA,TAKEAWAY,4,6
TXN106481,S004,2024-10-05,21:18,Saturday,2,25.0,0.0,3.75,28.75,DEBIT_CARD,DINE_IN,4,14
TXN106482,S004,2024-10-05,19:45,Saturday,2,60.0,0.0,9.0,69.0,DIGITAL_WALLET,DINE_IN,3,5
TXN106483,S004,2024-10-05,21:10,Saturday,3,40.0,0.0,6.0,46.0,DIGITAL_WALLET,DELIVERY,4,31
TXN106484,S004,2024-10-05,12:56,Saturday,4,81.0,0.0,12.15,93.15,DIGITAL_WALLET,DINE_IN,5,9
TXN106485,S004,2024-10-05,17:51,Saturday,5,77.0,0.0,11.55,88.55,DEBIT_CARD,TAKEAWAY,5,12
TXN106486,S004,2024-10-05,14:08,Saturday,3,63.0,0.0,9.45,72.45,CASH,DINE_IN,5,14
TXN106487,S004,2024-10-05,18:14,Saturday,3,73.0,0.0,10.95,83.95,MADA,DINE_IN,4,9
TXN106488,S004,2024-10-05,14:51,Saturday,5,105.0,10.5,14.17,108.67,DEBIT_CARD,DELIVERY,5,23
TXN106489,S004,2024-10-05,18:43,Saturday,4,77.0,0.0,11.55,88.55,DIGITAL_WALLET,DRIVE_THRU,5,6
TXN106490,S004,2024-10-05,18:39,Saturday,4,80.0,0.0,12.0,92.0,DEBIT_CARD,DRIVE_THRU,5,3
TXN106491,S004,2024-10-05,19:25,Saturday,4,82.0,0.0,12.3,94.3,DEBIT_CARD,DRIVE_THRU,4,4
TXN106492,S004,2024-10-05,12:05,Saturday,1,10.0,0.0,1.5,11.5,MADA,DELIVERY,4,36
TXN106493,S004,2024-10-05,18:18,Saturday,3,63.0,0.0,9.45,72.45,CASH,DINE_IN,4,11
TXN106494,S004,2024-10-05,19:11,Saturday,3,70.0,7.0,9.45,72.45,MADA,DINE_IN,4,12
TXN106495,S004,2024-10-05,19:28,Saturday,3,50.0,0.0,7.5,57.5,CREDIT_CARD,TAKEAWAY,3,10
TXN106496,S004,2024-10-05,21:50,Saturday,3,72.0,0.0,10.8,82.8,MADA,DRIVE_THRU,5,7
TXN106497,S004,2024-10-05,19:29,Saturday,3,65.0,0.0,9.75,74.75,DEBIT_CARD,TAKEAWAY,4,12
TXN106498,S004,2024-10-05,19:34,Saturday,4,63.0,0.0,9.45,72.45,DEBIT_CARD,TAKEAWAY,5,12
TXN106499,S004,2024-10-05,13:29,Saturday,2,22.0,0.0,3.3,25.3,DEBIT_CARD,TAKEAWAY,4,8
TXN106500,S004,2024-10-05,12:44,Saturday,3,54.0,0.0,8.1,62.1,CREDIT_CARD,DRIVE_THRU,3,6
TXN106501,S004,2024-10-05,16:43,Saturday,2,42.0,0.0,6.3,48.3,CREDIT_CARD,DRIVE_THRU,4,7
TXN106502,S004,2024-10-05,18:28,Saturday,3,63.0,0.0,9.45,72.45,DEBIT_CARD,DELIVERY,5,37
TXN106503,S004,2024-10-05,17:26,Saturday,1,15.0,0.0,2.25,17.25,CREDIT_CARD,DRIVE_THRU,4,3
TXN106504,S004,2024-10-05,14:08,Saturday,4,50.0,0.0,7.5,57.5,MADA,DELIVERY,2,20
TXN106505,S004,2024-10-05,13:04,Saturday,4,52.0,0.0,7.8,59.8,MADA,DELIVERY,4,20
TXN106506,S004,2024-10-05,11:36,Saturday,3,37.0,0.0,5.55,42.55,MADA,DRIVE_THRU,5,7
TXN106507,S004,2024-10-05,19:31,Saturday,4,85.0,0.0,12.75,97.75,DIGITAL_WALLET,DINE_IN,5,14
TXN106508,S004,2024-10-05,16:43,Saturday,4,84.0,0.0,12.6,96.6,MADA,DRIVE_THRU,5,8
TXN106509,S004,2024-10-05,12:04,Saturday,4,103.0,0.0,15.45,118.45,MADA,DRIVE_THRU,3,5
TXN106510,S004,2024-10-05,19:09,Saturday,3,50.0,0.0,7.5,57.5,DIGITAL_WALLET,DELIVERY,5,30
TXN106511,S004,2024-10-05,14:56,Saturday,2,36.0,0.0,5.4,41.4,DEBIT_CARD,DINE_IN,4,15
TXN106512,S004,2024-10-05,13:47,Saturday,3,45.0,0.0,6.75,51.75,MADA,DINE_IN,5,10
TXN106513,S004,2024-10-05,18:16,Saturday,3,66.0,0.0,9.9,75.9,MADA,DRIVE_THRU,4,4
TXN106514,S004,2024-10-05,18:55,Saturday,5,119.0,0.0,17.85,136.85,CREDIT_CARD,TAKEAWAY,5,7
TXN106515,S004,2024-10-05,18:38,Saturday,2,33.0,0.0,4.95,37.95,MADA,TAKEAWAY,4,11
TXN106516,S004,2024-10-05,13:14,Saturday,3,52.0,0.0,7.8,59.8,CASH,DRIVE_THRU,5,3
TXN106517,S004,2024-10-05,16:05,Saturday,4,64.0,0.0,9.6,73.6,CASH,DRIVE_THRU,5,4
TXN106518,S004,2024-10-05,13:41,Saturday,1,26.0,0.0,3.9,29.9,CASH,DRIVE_THRU,5,8
TXN106519,S004,2024-10-05,19:29,Saturday,3,53.0,0.0,7.95,60.95,CASH,TAKEAWAY,4,7
TXN106520,S004,2024-10-05,18:14,Saturday,3,32.0,3.2,4.32,33.12,MADA,DRIVE_THRU,3,3
TXN106521,S004,2024-10-05,10:45,Saturday,3,48.0,0.0,7.2,55.2,DEBIT_CARD,DELIVERY,5,38
TXN106522,S004,2024-10-05,12:02,Saturday,3,68.0,0.0,10.2,78.2,DIGITAL_WALLET,DINE_IN,4,14
TXN106523,S004,2024-10-05,12:16,Saturday,1,15.0,0.0,2.25,17.25,CASH,DELIVERY,5,23
TXN106524,S004,2024-10-05,16:11,Saturday,2,62.0,0.0,9.3,71.3,CREDIT_CARD,DELIVERY,2,20
TXN106525,S004,2024-10-05,12:11,Saturday,2,36.0,0.0,5.4,41.4,CASH,DRIVE_THRU,4,8
TXN106526,S004,2024-10-05,18:59,Saturday,3,50.0,0.0,7.5,57.5,CREDIT_CARD,TAKEAWAY,4,5
TXN106527,S004,2024-10-05,12:06,Saturday,3,65.0,0.0,9.75,74.75,CASH,DINE_IN,4,14
TXN106528,S004,2024-10-05,13:43,Saturday,2,60.0,0.0,9.0,69.0,DIGITAL_WALLET,DELIVERY,5,25
TXN106529,S004,2024-10-05,19:54,Saturday,4,95.0,0.0,14.25,109.25,CASH,DELIVERY,5,23
TXN106530,S004,2024-10-05,18:36,Saturday,3,58.0,0.0,8.7,66.7,CREDIT_CARD,DINE_IN,5,14
TXN106531,S004,2024-10-05,19:47,Saturday,4,77.0,0.0,11.55,88.55,CREDIT_CARD,DINE_IN,5,12
TXN106532,S004,2024-10-05,23:05,Saturday,3,85.0,0.0,12.75,97.75,MADA,DRIVE_THRU,5,6
TXN106533,S004,2024-10-05,13:22,Saturday,2,38.0,0.0,5.7,43.7,CASH,DRIVE_THRU,5,8
TXN106534,S004,2024-10-05,16:27,Saturday,4,86.0,0.0,12.9,98.9,CREDIT_CARD,DELIVERY,5,24
TXN106535,S004,2024-10-05,10:40,Saturday,2,25.0,0.0,3.75,28.75,DIGITAL_WALLET,DINE_IN,5,11
TXN106536,S004,2024-10-05,14:53,Saturday,1,26.0,0.0,3.9,29.9,MADA,DELIVERY,5,20
TXN106537,S004,2024-10-05,11:01,Saturday,2,30.0,0.0,4.5,34.5,CREDIT_CARD,DRIVE_THRU,5,4
TXN106538,S004,2024-10-05,13:40,Saturday,3,70.0,7.0,9.45,72.45,MADA,TAKEAWAY,5,13
TXN106539,S004,2024-10-05,15:35,Saturday,4,104.0,0.0,15.6,119.6,CREDIT_CARD,DRIVE_THRU,4,5
TXN106540,S004,2024-10-05,13:17,Saturday,1,15.0,0.0,2.25,17.25,DIGITAL_WALLET,TAKEAWAY,5,13
TXN106541,S004,2024-10-05,18:20,Saturday,3,57.0,0.0,8.55,65.55,CREDIT_CARD,DRIVE_THRU,4,7
TXN106542,S004,2024-10-05,13:07,Saturday,3,53.0,0.0,7.95,60.95,MADA,DRIVE_THRU,5,7
TXN106543,S004,2024-10-05,10:57,Saturday,3,53.0,0.0,7.95,60.95,DIGITAL_WALLET,DINE_IN,5,7
TXN106544,S004,2024-10-05,18:10,Saturday,3,50.0,0.0,7.5,57.5,CREDIT_CARD,DELIVERY,5,31
TXN106545,S004,2024-10-05,12:34,Saturday,2,58.0,0.0,8.7,66.7,CREDIT_CARD,TAKEAWAY,4,13
TXN106546,S004,2024-10-05,16:12,Saturday,2,54.0,0.0,8.1,62.1,CASH,DELIVERY,5,21
TXN106547,S004,2024-10-05,18:25,Saturday,2,26.0,2.6,3.51,26.91,CREDIT_CARD,DELIVERY,4,30
TXN106548,S004,2024-10-05,17:22,Saturday,3,38.0,3.8,5.13,39.33,DIGITAL_WALLET,DELIVERY,5,39
TXN106549,S004,2024-10-05,19:02,Saturday,2,37.0,0.0,5.55,42.55,DEBIT_CARD,DRIVE_THRU,5,3
TXN106550,S004,2024-10-05,18:17,Saturday,2,43.0,4.3,5.81,44.51,MADA,DRIVE_THRU,3,3
TXN106551,S004,2024-10-05,19:56,Saturday,3,53.0,0.0,7.95,60.95,CREDIT_CARD,DRIVE_THRU,5,4
TXN106552,S004,2024-10-05,12:40,Saturday,3,32.0,0.0,4.8,36.8,DEBIT_CARD,DRIVE_THRU,4,7
TXN106553,S004,2024-10-05,19:26,Saturday,3,71.0,0.0,10.65,81.65,DEBIT_CARD,DINE_IN,4,9
TXN106554,S004,2024-10-05,22:34,Saturday,3,72.0,0.0,10.8,82.8,CREDIT_CARD,DRIVE_THRU,4,3
TXN106555,S004,2024-10-05,08:46,Saturday,5,96.0,0.0,14.4,110.4,CASH,DELIVERY,4,27
TXN106556,S004,2024-10-05,23:05,Saturday,3,37.0,0.0,5.55,42.55,DIGITAL_WALLET,DRIVE_THRU,1,8
TXN106557,S004,2024-10-05,13:43,Saturday,4,86.0,8.6,11.61,89.01,DIGITAL_WALLET,DELIVERY,1,40
TXN106558,S004,2024-10-05,13:48,Saturday,2,33.0,0.0,4.95,37.95,CASH,DELIVERY,5,34
TXN106559,S004,2024-10-05,23:21,Saturday,3,64.0,0.0,9.6,73.6,MADA,TAKEAWAY,5,10
TXN106560,S004,2024-10-05,19:55,Saturday,3,57.0,0.0,8.55,65.55,DIGITAL_WALLET,DELIVERY,4,32
TXN106561,S004,2024-10-05,19:57,Saturday,3,68.0,0.0,10.2,78.2,DIGITAL_WALLET,DELIVERY,4,32
TXN106562,S004,2024-10-05,11:07,Saturday,1,15.0,0.0,2.25,17.25,DIGITAL_WALLET,TAKEAWAY,4,14
TXN106563,S004,2024-10-05,12:56,Saturday,5,114.0,0.0,17.1,131.1,CREDIT_CARD,TAKEAWAY,4,7
TXN106564,S004,2024-10-05,16:20,Saturday,1,15.0,0.0,2.25,17.25,MADA,DRIVE_THRU,5,7
TXN106565,S004,2024-10-05,19:28,Saturday,3,69.0,0.0,10.35,79.35,CREDIT_CARD,DRIVE_THRU,4,3
TXN106566,S004,2024-10-05,11:30,Saturday,4,65.0,0.0,9.75,74.75,DEBIT_CARD,DELIVERY,2,30
TXN106567,S004,2024-10-05,20:53,Saturday,3,57.0,0.0,8.55,65.55,MADA,DINE_IN,5,11
TXN106568,S004,2024-10-05,11:54,Saturday,2,33.0,0.0,4.95,37.95,DIGITAL_WALLET,TAKEAWAY,1,13
TXN106569,S004,2024-10-05,18:23,Saturday,4,78.0,0.0,11.7,89.7,DIGITAL_WALLET,DRIVE_THRU,5,5
TXN106570,S004,2024-10-05,12:49,Saturday,3,48.0,4.8,6.48,49.68,MADA,DRIVE_THRU,3,4
TXN106571,S004,2024-10-05,14:47,Saturday,4,67.0,0.0,10.05,77.05,CASH,TAKEAWAY,5,5
TXN106572,S004,2024-10-05,21:57,Saturday,2,24.0,0.0,3.6,27.6,CREDIT_CARD,TAKEAWAY,4,12
TXN106573,S004,2024-10-05,14:16,Saturday,3,35.0,0.0,5.25,40.25,DIGITAL_WALLET,DINE_IN,4,5
TXN106574,S004,2024-10-05,20:10,Saturday,2,22.0,0.0,3.3,25.3,CREDIT_CARD,DRIVE_THRU,4,7
TXN106575,S004,2024-10-05,18:52,Saturday,4,73.0,0.0,10.95,83.95,MADA,DINE_IN,4,9
TXN106576,S004,2024-10-05,17:58,Saturday,2,57.0,0.0,8.55,65.55,CASH,DINE_IN,4,10
TXN106577,S004,2024-10-05,20:30,Saturday,3,70.0,0.0,10.5,80.5,CASH,TAKEAWAY,5,8
TXN106578,S004,2024-10-05,18:47,Saturday,2,25.0,0.0,3.75,28.75,CASH,DELIVERY,3,27
TXN106579,S004,2024-10-05,18:53,Saturday,3,50.0,0.0,7.5,57.5,CREDIT_CARD,TAKEAWAY,2,14
TXN106580,S004,2024-10-05,14:11,Saturday,2,26.0,0.0,3.9,29.9,DEBIT_CARD,TAKEAWAY,5,6
TXN106581,S004,2024-10-05,10:53,Saturday,2,26.0,0.0,3.9,29.9,DEBIT_CARD,TAKEAWAY,3,15
TXN106582,S004,2024-10-05,19:59,Saturday,2,35.0,3.5,4.72,36.22,DIGITAL_WALLET,DINE_IN,4,15
TXN106583,S004,2024-10-05,18:43,Saturday,1,28.0,0.0,4.2,32.2,DEBIT_CARD,DELIVERY,4,26
TXN106584,S004,2024-10-05,18:26,Saturday,1,28.0,0.0,4.2,32.2,MADA,DINE_IN,4,5
TXN106585,S004,2024-10-05,13:41,Saturday,3,55.0,0.0,8.25,63.25,DIGITAL_WALLET,DELIVERY,4,28
TXN106586,S004,2024-10-05,19:54,Saturday,1,25.0,0.0,3.75,28.75,CREDIT_CARD,TAKEAWAY,2,8
TXN106587,S004,2024-10-05,17:38,Saturday,4,70.0,0.0,10.5,80.5,DEBIT_CARD,DELIVERY,4,37
TXN106588,S004,2024-10-05,20:56,Saturday,4,80.0,0.0,12.0,92.0,CASH,DELIVERY,3,22
TXN106589,S004,2024-10-05,19:44,Saturday,2,24.0,0.0,3.6,27.6,CREDIT_CARD,DELIVERY,4,40
TXN106590,S004,2024-10-05,14:14,Saturday,3,70.0,0.0,10.5,80.5,CASH,TAKEAWAY,3,12
TXN106591,S004,2024-10-05,18:27,Saturday,2,44.0,0.0,6.6,50.6,CREDIT_CARD,DELIVERY,4,40
TXN106592,S004,2024-10-05,12:36,Saturday,4,68.0,0.0,10.2,78.2,DEBIT_CARD,DINE_IN,5,8
TXN106593,S004,2024-10-05,13:07,Saturday,5,101.0,0.0,15.15,116.15,DIGITAL_WALLET,DRIVE_THRU,3,4
TXN106594,S004,2024-10-05,13:12,Saturday,2,44.0,0.0,6.6,50.6,CREDIT_CARD,DINE_IN,5,10
TXN106595,S004,2024-10-05,16:39,Saturday,2,62.0,0.0,9.3,71.3,DIGITAL_WALLET,DINE_IN,4,7
TXN106596,S004,2024-10-05,17:28,Saturday,4,42.0,4.2,5.67,43.47,DEBIT_CARD,DELIVERY,4,30
TXN106597,S004,2024-10-05,20:14,Saturday,4,67.0,0.0,10.05,77.05,CASH,TAKEAWAY,2,15
TXN106598,S004,2024-10-05,18:02,Saturday,3,52.0,0.0,7.8,59.8,DEBIT_CARD,DRIVE_THRU,4,8
TXN106599,S004,2024-10-05,21:58,Saturday,1,10.0,0.0,1.5,11.5,DEBIT_CARD,TAKEAWAY,3,11
TXN106600,S004,2024-10-05,09:43,Saturday,5,128.0,0.0,19.2,147.2,CREDIT_CARD,DRIVE_THRU,2,6
TXN106601,S004,2024-10-05,16:27,Saturday,3,70.0,0.0,10.5,80.5,DIGITAL_WALLET,DINE_IN,3,5
TXN106602,S004,2024-10-05,12:47,Saturday,2,54.0,0.0,8.1,62.1,MADA,DELIVERY,5,20
TXN106603,S004,2024-10-05,13:18,Saturday,4,68.0,0.0,10.2,78.2,MADA,DRIVE_THRU,4,3
TXN106604,S004,2024-10-05,19:56,Saturday,2,42.0,0.0,6.3,48.3,MADA,DELIVERY,4,27
TXN106605,S004,2024-10-05,12:51,Saturday,3,52.0,0.0,7.8,59.8,DIGITAL_WALLET,TAKEAWAY,5,11
TXN106606,S004,2024-10-05,17:39,Saturday,2,40.0,0.0,6.0,46.0,CASH,DRIVE_THRU,5,6
TXN106607,S004,2024-10-05,19:18,Saturday,4,73.0,7.3,9.86,75.56,MADA,DRIVE_THRU,4,6
TXN106608,S004,2024-10-05,09:17,Saturday,4,71.0,0.0,10.65,81.65,DEBIT_CARD,TAKEAWAY,5,7
TXN106609,S004,2024-10-05,11:37,Saturday,2,36.0,0.0,5.4,41.4,DEBIT_CARD,TAKEAWAY,5,14
TXN106610,S004,2024-10-05,18:16,Saturday,3,56.0,5.6,7.56,57.96,CASH,TAKEAWAY,5,13
TXN106611,S004,2024-10-05,09:45,Saturday,3,58.0,0.0,8.7,66.7,MADA,DELIVERY,5,34
TXN106612,S004,2024-10-05,19:27,Saturday,4,91.0,9.1,12.29,94.19,MADA,DRIVE_THRU,4,6
TXN106613,S004,2024-10-05,19:21,Saturday,2,20.0,0.0,3.0,23.0,DEBIT_CARD,DRIVE_THRU,5,4
TXN106614,S004,2024-10-05,19:32,Saturday,3,68.0,0.0,10.2,78.2,DIGITAL_WALLET,DRIVE_THRU,4,8
TXN106615,S004,2024-10-05,11:44,Saturday,2,36.0,0.0,5.4,41.4,DIGITAL_WALLET,DINE_IN,4,15
TXN106616,S004,2024-10-05,19:19,Saturday,2,44.0,0.0,6.6,50.6,MADA,DRIVE_THRU,5,7
TXN106617,S004,2024-10-05,11:34,Saturday,1,12.0,0.0,1.8,13.8,MADA,DRIVE_THRU,3,7
TXN106618,S004,2024-10-05,18:06,Saturday,4,58.0,0.0,8.7,66.7,MADA,TAKEAWAY,5,9
TXN106619,S004,2024-10-05,19:04,Saturday,3,72.0,0.0,10.8,82.8,DIGITAL_WALLET,DINE_IN,4,15
TXN106620,S004,2024-10-05,16:35,Saturday,3,69.0,6.9,9.31,71.41,DIGITAL_WALLET,TAKEAWAY,3,7
TXN106621,S004,2024-10-05,14:11,Saturday,4,99.0,0.0,14.85,113.85,DEBIT_CARD,TAKEAWAY,4,11
TXN106622,S004,2024-10-05,13:14,Saturday,2,23.0,0.0,3.45,26.45,DIGITAL_WALLET,DRIVE_THRU,4,3
TXN106623,S004,2024-10-05,12:09,Saturday,4,95.0,0.0,14.25,109.25,DIGITAL_WALLET,DINE_IN,4,9
TXN106624,S004,2024-10-05,15:36,Saturday,5,85.0,8.5,11.47,87.97,MADA,TAKEAWAY,4,7
TXN106625,S004,2024-10-05,15:26,Saturday,4,64.0,0.0,9.6,73.6,CREDIT_CARD,TAKEAWAY,3,10
TXN106626,S004,2024-10-05,18:00,Saturday,5,94.0,0.0,14.1,108.1,CREDIT_CARD,DRIVE_THRU,5,4
TXN106627,S004,2024-10-05,12:12,Saturday,3,30.0,0.0,4.5,34.5,CASH,DINE_IN,4,10
TXN106628,S004,2024-10-05,18:58,Saturday,3,54.0,0.0,8.1,62.1,CASH,DINE_IN,4,12
TXN106629,S004,2024-10-05,14:53,Saturday,2,62.0,0.0,9.3,71.3,MADA,DRIVE_THRU,4,7
TXN106630,S004,2024-10-05,19:09,Saturday,3,35.0,0.0,5.25,40.25,CASH,DINE_IN,4,14
TXN106631,S004,2024-10-05,10:10,Saturday,3,47.0,4.7,6.34,48.64,CREDIT_CARD,TAKEAWAY,5,5
TXN106632,S004,2024-10-05,18:56,Saturday,4,48.0,0.0,7.2,55.2,DIGITAL_WALLET,DELIVERY,5,26
TXN106633,S004,2024-10-05,13:19,Saturday,1,8.0,0.0,1.2,9.2,MADA,DELIVERY,3,20
TXN106634,S004,2024-10-05,13:48,Saturday,2,43.0,0.0,6.45,49.45,DIGITAL_WALLET,TAKEAWAY,5,15
TXN106635,S004,2024-10-05,13:28,Saturday,2,23.0,0.0,3.45,26.45,MADA,DINE_IN,4,10
TXN106636,S004,2024-10-05,23:13,Saturday,4,95.0,0.0,14.25,109.25,CREDIT_CARD,DRIVE_THRU,4,4
TXN106637,S004,2024-10-05,19:25,Saturday,3,68.0,0.0,10.2,78.2,DEBIT_CARD,DELIVERY,4,38
TXN106638,S004,2024-10-05,21:49,Saturday,5,99.0,0.0,14.85,113.85,MADA,DINE_IN,4,7
TXN106639,S004,2024-10-05,11:30,Saturday,5,92.0,0.0,13.8,105.8,DIGITAL_WALLET,DINE_IN,5,5
TXN106640,S004,2024-10-05,19:20,Saturday,2,20.0,2.0,2.7,20.7,CASH,DINE_IN,4,9
TXN106641,S004,2024-10-05,14:48,Saturday,2,44.0,0.0,6.6,50.6,CREDIT_CARD,DRIVE_THRU,4,4
TXN106642,S004,2024-10-05,12:14,Saturday,3,54.0,0.0,8.1,62.1,CASH,TAKEAWAY,4,10
TXN106643,S004,2024-10-05,13:58,Saturday,3,37.0,0.0,5.55,42.55,CASH,DRIVE_THRU,4,3
TXN106644,S004,2024-10-05,14:04,Saturday,4,52.0,0.0,7.8,59.8,DEBIT_CARD,DRIVE_THRU,5,7
TXN106645,S004,2024-10-05,21:08,Saturday,5,85.0,0.0,12.75,97.75,CASH,TAKEAWAY,5,6
TXN106646,S004,2024-10-05,19:44,Saturday,4,65.0,0.0,9.75,74.75,DIGITAL_WALLET,DINE_IN,4,12
TXN106647,S004,2024-10-05,19:58,Saturday,4,60.0,0.0,9.0,69.0,DIGITAL_WALLET,DRIVE_THRU,4,4
TXN106648,S004,2024-10-05,15:17,Saturday,1,12.0,0.0,1.8,13.8,MADA,DELIVERY,4,31
TXN106649,S004,2024-10-05,19:53,Saturday,4,90.0,0.0,13.5,103.5,DIGITAL_WALLET,DINE_IN,5,9
TXN106650,S004,2024-10-05,10:41,Saturday,2,23.0,0.0,3.45,26.45,MADA,DINE_IN,5,8
TXN106651,S004,2024-10-05,20:58,Saturday,1,8.0,0.0,1.2,9.2,CASH,DELIVERY,4,26
TXN106652,S004,2024-10-05,18:03,Saturday,2,24.0,0.0,3.6,27.6,CREDIT_CARD,TAKEAWAY,5,13
TXN106653,S004,2024-10-05,12:41,Saturday,3,87.0,0.0,13.05,100.05,CASH,DRIVE_THRU,4,3
TXN106654,S004,2024-10-05,19:56,Saturday,3,54.0,0.0,8.1,62.1,DIGITAL_WALLET,DRIVE_THRU,5,6
TXN106655,S004,2024-10-05,12:06,Saturday,5,125.0,0.0,18.75,143.75,DIGITAL_WALLET,TAKEAWAY,4,7
TXN106656,S004,2024-10-05,18:32,Saturday,2,34.0,0.0,5.1,39.1,MADA,DINE_IN,3,14
TXN106657,S004,2024-10-05,13:33,Saturday,3,58.0,5.8,7.83,60.03,DEBIT_CARD,DRIVE_THRU,5,4
TXN106658,S004,2024-10-05,16:56,Saturday,3,32.0,0.0,4.8,36.8,MADA,DRIVE_THRU,4,8
TXN106659,S004,2024-10-05,18:07,Saturday,3,52.0,0.0,7.8,59.8,CREDIT_CARD,DINE_IN,5,7
TXN106660,S004,2024-10-05,12:08,Saturday,3,68.0,0.0,10.2,78.2,DIGITAL_WALLET,DELIVERY,4,26
TXN106661,S004,2024-10-05,20:30,Saturday,1,10.0,0.0,1.5,11.5,DEBIT_CARD,DINE_IN,5,10
TXN106662,S004,2024-10-05,18:31,Saturday,2,56.0,0.0,8.4,64.4,CASH,DRIVE_THRU,4,7
TXN106663,S004,2024-10-05,10:30,Saturday,1,26.0,0.0,3.9,29.9,DEBIT_CARD,DINE_IN,4,6
TXN106664,S004,2024-10-05,08:30,Saturday,4,42.0,0.0,6.3,48.3,DIGITAL_WALLET,DELIVERY,5,32
TXN106665,S004,2024-10-05,20:00,Saturday,2,35.0,0.0,5.25,40.25,MADA,DELIVERY,3,31
TXN106666,S004,2024-10-05,12:13,Saturday,3,59.0,0.0,8.85,67.85,CREDIT_CARD,TAKEAWAY,3,9
TXN106667,S004,2024-10-05,13:30,Saturday,3,70.0,0.0,10.5,80.5,MADA,DELIVERY,5,29
TXN106668,S004,2024-10-05,18:40,Saturday,4,87.0,8.7,11.74,90.04,CASH,DRIVE_THRU,5,8
TXN106669,S004,2024-10-05,19:23,Saturday,2,53.0,0.0,7.95,60.95,DIGITAL_WALLET,DINE_IN,4,14
TXN106670,S004,2024-10-05,13:32,Saturday,5,83.0,0.0,12.45,95.45,CASH,DINE_IN,3,12
TXN106671,S004,2024-10-05,13:36,Saturday,2,20.0,0.0,3.0,23.0,DIGITAL_WALLET,DRIVE_THRU,5,6
TXN106672,S004,2024-10-05,18:16,Saturday,2,38.0,0.0,5.7,43.7,MADA,DRIVE_THRU,3,3
TXN106673,S004,2024-10-05,13:19,Saturday,4,81.0,8.1,10.94,83.84,DEBIT_CARD,DINE_IN,4,9
TXN106674,S004,2024-10-05,18:26,Saturday,4,81.0,0.0,12.15,93.15,CASH,TAKEAWAY,3,15
TXN106675,S004,2024-10-05,13:03,Saturday,5,84.0,0.0,12.6,96.6,CREDIT_CARD,DINE_IN,4,9
TXN106676,S004,2024-10-05,08:39,Saturday,3,55.0,0.0,8.25,63.25,CREDIT_CARD,DINE_IN,5,6
TXN106677,S004,2024-10-05,13:54,Saturday,2,42.0,0.0,6.3,48.3,CREDIT_CARD,DRIVE_THRU,5,7
TXN106678,S004,2024-10-05,17:33,Saturday,3,55.0,5.5,7.42,56.92,DIGITAL_WALLET,DELIVERY,5,37
TXN106679,S004,2024-10-05,17:35,Saturday,4,42.0,0.0,6.3,48.3,CASH,TAKEAWAY,5,15
TXN106680,S004,2024-10-05,19:12,Saturday,1,12.0,0.0,1.8,13.8,DEBIT_CARD,TAKEAWAY,5,11
TXN106681,S004,2024-10-05,19:06,Saturday,2,33.0,0.0,4.95,37.95,CREDIT_CARD,DINE_IN,2,14
TXN106682,S004,2024-10-05,12:10,Saturday,2,40.0,0.0,6.0,46.0,CASH,TAKEAWAY,5,12
TXN106683,S004,2024-10-05,12:32,Saturday,2,50.0,0.0,7.5,57.5,CASH,DINE_IN,3,13
TXN106684,S004,2024-10-05,18:44,Saturday,4,71.0,0.0,10.65,81.65,CREDIT_CARD,TAKEAWAY,4,14
TXN106685,S004,2024-10-05,19:47,Saturday,2,36.0,0.0,5.4,41.4,DEBIT_CARD,DINE_IN,5,7
TXN106686,S004,2024-10-05,12:27,Saturday,2,40.0,0.0,6.0,46.0,DIGITAL_WALLET,TAKEAWAY,3,15
TXN106687,S004,2024-10-05,18:22,Saturday,3,55.0,0.0,8.25,63.25,MADA,DINE_IN,3,5
TXN106688,S004,2024-10-05,13:14,Saturday,2,36.0,0.0,5.4,41.4,CASH,DINE_IN,5,13
TXN106689,S004,2024-10-05,18:56,Saturday,2,58.0,0.0,8.7,66.7,MADA,DINE_IN,5,6
TXN106690,S004,2024-10-05,18:10,Saturday,1,25.0,0.0,3.75,28.75,DIGITAL_WALLET,DELIVERY,5,23
TXN106691,S004,2024-10-05,10:02,Saturday,3,47.0,0.0,7.05,54.05,CASH,DELIVERY,5,21
TXN106692,S004,2024-10-05,18:36,Saturday,1,18.0,0.0,2.7,20.7,DIGITAL_WALLET,DINE_IN,4,5
TXN106693,S004,2024-10-05,16:23,Saturday,3,52.0,5.2,7.02,53.82,DEBIT_CARD,DINE_IN,3,7
TXN106694,S004,2024-10-05,19:21,Saturday,1,32.0,0.0,4.8,36.8,CREDIT_CARD,TAKEAWAY,5,10
TXN106695,S004,2024-10-05,10:33,Saturday,2,40.0,0.0,6.0,46.0,CASH,TAKEAWAY,4,5
TXN106696,S004,2024-10-05,14:37,Saturday,1,18.0,0.0,2.7,20.7,DIGITAL_WALLET,DINE_IN,4,5
TXN106697,S004,2024-10-05,13:07,Saturday,2,40.0,0.0,6.0,46.0,MADA,DINE_IN,5,10
TXN106698,S004,2024-10-05,19:04,Saturday,1,10.0,0.0,1.5,11.5,DEBIT_CARD,DRIVE_THRU,4,7
TXN106699,S004,2024-10-05,10:10,Saturday,3,71.0,0.0,10.65,81.65,DIGITAL_WALLET,DINE_IN,4,8
TXN106700,S004,2024-10-05,18:46,Saturday,3,47.0,4.7,6.34,48.64,MADA,DINE_IN,5,13
TXN106701,S004,2024-10-05,12:46,Saturday,3,52.0,0.0,7.8,59.8,DEBIT_CARD,DELIVERY,4,22
TXN106702,S004,2024-10-05,11:23,Saturday,2,44.0,0.0,6.6,50.6,CASH,TAKEAWAY,5,10
TXN106703,S004,2024-10-05,15:57,Saturday,3,70.0,7.0,9.45,72.45,DIGITAL_WALLET,DINE_IN,5,9
TXN106704,S004,2024-10-05,12:48,Saturday,1,28.0,0.0,4.2,32.2,DEBIT_CARD,DRIVE_THRU,4,7
TXN106705,S004,2024-10-05,12:32,Saturday,1,18.0,0.0,2.7,20.7,DIGITAL_WALLET,DINE_IN,1,12
TXN106706,S004,2024-10-05,21:41,Saturday,4,85.0,8.5,11.47,87.97,MADA,DELIVERY,4,34
TXN106707,S004,2024-10-05,13:03,Saturday,3,65.0,0.0,9.75,74.75,DEBIT_CARD,DRIVE_THRU,5,5
TXN106708,S004,2024-10-05,13:47,Saturday,3,51.0,0.0,7.65,58.65,CREDIT_CARD,DELIVERY,3,36
TXN106709,S004,2024-10-05,11:52,Saturday,2,40.0,0.0,6.0,46.0,MADA,DELIVERY,5,30
TXN106710,S004,2024-10-05,20:57,Saturday,2,28.0,0.0,4.2,32.2,DIGITAL_WALLET,TAKEAWAY,5,12
TXN106711,S004,2024-10-05,11:23,Saturday,3,45.0,0.0,6.75,51.75,DIGITAL_WALLET,DINE_IN,2,8
TXN106712,S004,2024-10-05,11:15,Saturday,4,42.0,0.0,6.3,48.3,MADA,TAKEAWAY,5,12
TXN106713,S004,2024-10-05,18:33,Saturday,3,54.0,0.0,8.1,62.1,CASH,DINE_IN,5,12
TXN106714,S004,2024-10-05,21:09,Saturday,4,79.0,0.0,11.85,90.85,CASH,TAKEAWAY,5,15
TXN106715,S004,2024-10-05,13:37,Saturday,5,98.0,0.0,14.7,112.7,CASH,TAKEAWAY,4,5
TXN106716,S004,2024-10-05,21:57,Saturday,2,20.0,0.0,3.0,23.0,MADA,TAKEAWAY,3,15
TXN106717,S004,2024-10-05,17:01,Saturday,3,85.0,0.0,12.75,97.75,CREDIT_CARD,DELIVERY,5,33
TXN106718,S004,2024-10-05,22:49,Saturday,4,78.0,0.0,11.7,89.7,MADA,TAKEAWAY,5,5
TXN106719,S004,2024-10-05,17:00,Saturday,2,40.0,0.0,6.0,46.0,CASH,DRIVE_THRU,4,7
TXN106720,S004,2024-10-05,22:18,Saturday,3,43.0,0.0,6.45,49.45,DEBIT_CARD,DINE_IN,3,6
TXN106721,S004,2024-10-05,12:28,Saturday,5,91.0,0.0,13.65,104.65,DIGITAL_WALLET,DELIVERY,2,35
TXN106722,S004,2024-10-05,11:47,Saturday,3,50.0,0.0,7.5,57.5,MADA,DRIVE_THRU,5,4
TXN106723,S004,2024-10-05,14:09,Saturday,4,98.0,0.0,14.7,112.7,CASH,DELIVERY,5,32
TXN106724,S004,2024-10-05,21:11,Saturday,1,12.0,0.0,1.8,13.8,DIGITAL_WALLET,TAKEAWAY,4,12
TXN106725,S004,2024-10-05,13:29,Saturday,2,23.0,0.0,3.45,26.45,DIGITAL_WALLET,DRIVE_THRU,4,3
TXN106726,S004,2024-10-05,14:38,Saturday,3,33.0,0.0,4.95,37.95,MADA,DELIVERY,4,24
TXN106727,S004,2024-10-05,19:42,Saturday,2,22.0,0.0,3.3,25.3,CASH,DINE_IN,5,13
TXN106728,S004,2024-10-05,12:14,Saturday,2,44.0,0.0,6.6,50.6,CASH,DRIVE_THRU,5,6
TXN106729,S004,2024-10-05,14:07,Saturday,3,33.0,0.0,4.95,37.95,CASH,DRIVE_THRU,5,6
TXN106730,S004,2024-10-05,22:26,Saturday,1,10.0,0.0,1.5,11.5,CREDIT_CARD,DELIVERY,4,21
TXN106731,S004,2024-10-05,20:22,Saturday,3,58.0,0.0,8.7,66.7,DIGITAL_WALLET,DRIVE_THRU,5,6
TXN106732,S004,2024-10-05,13:03,Saturday,4,85.0,0.0,12.75,97.75,CASH,DRIVE_THRU,5,7
TXN106733,S004,2024-10-05,13:54,Saturday,2,50.0,5.0,6.75,51.75,DIGITAL_WALLET,TAKEAWAY,3,10
TXN106734,S004,2024-10-05,19:24,Saturday,3,52.0,0.0,7.8,59.8,CREDIT_CARD,DINE_IN,4,13
TXN106735,S004,2024-10-05,12:03,Saturday,1,10.0,0.0,1.5,11.5,DIGITAL_WALLET,DELIVERY,5,27
TXN106736,S004,2024-10-05,14:06,Saturday,2,33.0,0.0,4.95,37.95,MADA,TAKEAWAY,5,7
TXN106737,S004,2024-10-05,13:58,Saturday,3,80.0,0.0,12.0,92.0,MADA,TAKEAWAY,4,15
TXN106738,S004,2024-10-05,13:06,Saturday,2,46.0,0.0,6.9,52.9,DIGITAL_WALLET,DRIVE_THRU,4,4
TXN106739,S004,2024-10-05,11:07,Saturday,4,78.0,0.0,11.7,89.7,DEBIT_CARD,DRIVE_THRU,3,6
TXN106740,S004,2024-10-05,11:00,Saturday,3,52.0,0.0,7.8,59.8,DIGITAL_WALLET,DELIVERY,5,31
TXN106741,S004,2024-10-05,17:02,Saturday,2,30.0,3.0,4.05,31.05,CASH,DRIVE_THRU,5,5
TXN106742,S004,2024-10-05,18:28,Saturday,2,35.0,0.0,5.25,40.25,CASH,DRIVE_THRU,5,8
TXN106743,S004,2024-10-05,12:38,Saturday,3,52.0,5.2,7.02,53.82,DEBIT_CARD,TAKEAWAY,5,15
TXN106744,S004,2024-10-05,12:43,Saturday,2,50.0,5.0,6.75,51.75,MADA,TAKEAWAY,4,8
TXN106745,S004,2024-10-05,19:55,Saturday,3,62.0,0.0,9.3,71.3,DIGITAL_WALLET,TAKEAWAY,4,7
TXN106746,S004,2024-10-05,12:01,Saturday,3,54.0,0.0,8.1,62.1,DEBIT_CARD,DINE_IN,5,8
TXN106747,S004,2024-10-05,12:26,Saturday,3,53.0,0.0,7.95,60.95,CREDIT_CARD,TAKEAWAY,4,11
TXN106748,S004,2024-10-05,15:17,Saturday,2,56.0,0.0,8.4,64.4,DEBIT_CARD,TAKEAWAY,3,14
TXN106749,S004,2024-10-05,20:54,Saturday,2,33.0,0.0,4.95,37.95,DIGITAL_WALLET,DRIVE_THRU,5,8
TXN106750,S004,2024-10-05,14:16,Saturday,1,10.0,0.0,1.5,11.5,MADA,DINE_IN,4,6
TXN106751,S004,2024-10-05,16:24,Saturday,5,91.0,0.0,13.65,104.65,MADA,DRIVE_THRU,4,4
TXN106752,S004,2024-10-05,21:11,Saturday,2,38.0,0.0,5.7,43.7,MADA,DELIVERY,5,28
TXN106753,S004,2024-10-05,23:30,Saturday,4,78.0,0.0,11.7,89.7,CASH,TAKEAWAY,4,13
TXN106754,S004,2024-10-05,10:50,Saturday,3,81.0,0.0,12.15,93.15,MADA,TAKEAWAY,5,11
TXN106755,S004,2024-10-05,18:20,Saturday,2,28.0,0.0,4.2,32.2,CREDIT_CARD,DINE_IN,4,10
TXN106756,S004,2024-10-05,18:03,Saturday,2,33.0,0.0,4.95,37.95,MADA,DELIVERY,4,28
TXN106757,S004,2024-10-05,14:18,Saturday,3,50.0,0.0,7.5,57.5,CREDIT_CARD,DELIVERY,4,21
TXN106758,S005,2024-10-05,09:06,Saturday,4,81.0,0.0,12.15,93.15,MADA,DINE_IN,2,11
TXN106759,S005,2024-10-05,12:54,Saturday,1,12.0,0.0,1.8,13.8,CASH,DELIVERY,2,24
TXN106760,S005,2024-10-05,12:04,Saturday,2,53.0,0.0,7.95,60.95,DIGITAL_WALLET,DELIVERY,4,30
TXN106761,S005,2024-10-05,23:39,Saturday,1,32.0,0.0,4.8,36.8,CREDIT_CARD,DELIVERY,2,20
TXN106762,S005,2024-10-05,11:23,Saturday,2,43.0,0.0,6.45,49.45,DEBIT_CARD,TAKEAWAY,4,9
TXN106763,S005,2024-10-05,11:30,Saturday,4,100.0,0.0,15.0,115.0,MADA,TAKEAWAY,4,7
TXN106764,S005,2024-10-05,18:15,Saturday,4,86.0,0.0,12.9,98.9,MADA,DINE_IN,5,6
TXN106765,S005,2024-10-05,18:31,Saturday,2,40.0,4.0,5.4,41.4,DIGITAL_WALLET,DELIVERY,4,24
TXN106766,S005,2024-10-05,13:34,Saturday,4,93.0,0.0,13.95,106.95,DIGITAL_WALLET,TAKEAWAY,2,15
TXN106767,S005,2024-10-05,19:20,Saturday,2,44.0,0.0,6.6,50.6,CREDIT_CARD,DELIVERY,5,25
TXN106768,S005,2024-10-05,19:10,Saturday,4,71.0,0.0,10.65,81.65,CREDIT_CARD,DRIVE_THRU,4,4
TXN106769,S005,2024-10-05,12:24,Saturday,1,12.0,0.0,1.8,13.8,CREDIT_CARD,DRIVE_THRU,3,6
TXN106770,S005,2024-10-05,13:06,Saturday,3,48.0,0.0,7.2,55.2,DEBIT_CARD,DINE_IN,5,8
TXN106771,S005,2024-10-05,09:52,Saturday,4,62.0,0.0,9.3,71.3,MADA,DRIVE_THRU,4,8
TXN106772,S005,2024-10-05,12:07,Saturday,4,89.0,0.0,13.35,102.35,MADA,TAKEAWAY,4,7
TXN106773,S005,2024-10-05,16:32,Saturday,2,46.0,0.0,6.9,52.9,DIGITAL_WALLET,DELIVERY,4,21
TXN106774,S005,2024-10-05,19:52,Saturday,4,89.0,0.0,13.35,102.35,MADA,DELIVERY,5,28
TXN106775,S005,2024-10-05,21:21,Saturday,2,28.0,0.0,4.2,32.2,DEBIT_CARD,DELIVERY,3,39
TXN106776,S005,2024-10-05,20:29,Saturday,4,61.0,0.0,9.15,70.15,CREDIT_CARD,DRIVE_THRU,5,5
TXN106777,S005,2024-10-05,17:12,Saturday,3,32.0,0.0,4.8,36.8,CREDIT_CARD,TAKEAWAY,4,6
TXN106778,S005,2024-10-05,12:38,Saturday,2,42.0,0.0,6.3,48.3,DIGITAL_WALLET,DELIVERY,3,24
TXN106779,S005,2024-10-05,19:26,Saturday,2,33.0,0.0,4.95,37.95,DEBIT_CARD,TAKEAWAY,2,12
TXN106780,S005,2024-10-05,11:55,Saturday,3,60.0,0.0,9.0,69.0,CREDIT_CARD,DRIVE_THRU,5,4
TXN106781,S005,2024-10-05,12:25,Saturday,2,22.0,0.0,3.3,25.3,DEBIT_CARD,DINE_IN,3,10
TXN106782,S005,2024-10-05,19:19,Saturday,2,58.0,0.0,8.7,66.7,CASH,DINE_IN,5,12
TXN106783,S005,2024-10-05,12:42,Saturday,2,22.0,0.0,3.3,25.3,CREDIT_CARD,DINE_IN,3,12
TXN106784,S005,2024-10-05,12:52,Saturday,3,51.0,0.0,7.65,58.65,CASH,TAKEAWAY,4,15
TXN106785,S005,2024-10-05,22:35,Saturday,3,37.0,0.0,5.55,42.55,DIGITAL_WALLET,DINE_IN,5,11
TXN106786,S005,2024-10-05,19:34,Saturday,5,83.0,0.0,12.45,95.45,DIGITAL_WALLET,DINE_IN,4,14
TXN106787,S005,2024-10-05,18:21,Saturday,3,70.0,0.0,10.5,80.5,MADA,DELIVERY,4,26
TXN106788,S005,2024-10-05,17:12,Saturday,2,48.0,0.0,7.2,55.2,DIGITAL_WALLET,DELIVERY,3,39
TXN106789,S005,2024-10-05,19:38,Saturday,2,23.0,0.0,3.45,26.45,CREDIT_CARD,DINE_IN,5,6
TXN106790,S005,2024-10-05,19:46,Saturday,4,83.0,0.0,12.45,95.45,CREDIT_CARD,TAKEAWAY,5,14
TXN106791,S005,2024-10-05,11:06,Saturday,3,50.0,0.0,7.5,57.5,CASH,DINE_IN,4,11
TXN106792,S005,2024-10-05,13:44,Saturday,4,76.0,0.0,11.4,87.4,DIGITAL_WALLET,DELIVERY,5,39
TXN106793,S005,2024-10-05,15:09,Saturday,3,46.0,4.6,6.21,47.61,DEBIT_CARD,TAKEAWAY,1,7
TXN106794,S005,2024-10-05,12:02,Saturday,3,30.0,0.0,4.5,34.5,CREDIT_CARD,DINE_IN,3,9
TXN106795,S005,2024-10-05,18:15,Saturday,2,38.0,0.0,5.7,43.7,MADA,DRIVE_THRU,3,4
TXN106796,S005,2024-10-05,18:00,Saturday,2,35.0,0.0,5.25,40.25,CREDIT_CARD,DRIVE_THRU,5,3
TXN106797,S005,2024-10-05,14:48,Saturday,1,12.0,0.0,1.8,13.8,DIGITAL_WALLET,DRIVE_THRU,5,7
TXN106798,S005,2024-10-05,18:13,Saturday,3,68.0,0.0,10.2,78.2,CASH,DINE_IN,3,10
TXN106799,S005,2024-10-05,19:00,Saturday,4,66.0,0.0,9.9,75.9,DIGITAL_WALLET,DINE_IN,4,15
TXN106800,S005,2024-10-05,18:44,Saturday,1,12.0,0.0,1.8,13.8,DIGITAL_WALLET,TAKEAWAY,5,11
TXN106801,S005,2024-10-05,18:15,Saturday,2,38.0,0.0,5.7,43.7,DEBIT_CARD,DELIVERY,3,39
TXN106802,S005,2024-10-05,19:50,Saturday,4,81.0,0.0,12.15,93.15,DIGITAL_WALLET,DELIVERY,5,27
TXN106803,S005,2024-10-05,12:05,Saturday,2,38.0,0.0,5.7,43.7,DEBIT_CARD,DINE_IN,4,11
TXN106804,S005,2024-10-05,19:12,Saturday,2,38.0,0.0,5.7,43.7,DEBIT_CARD,DINE_IN,4,9
TXN106805,S005,2024-10-05,20:52,Saturday,4,95.0,0.0,14.25,109.25,DEBIT_CARD,DRIVE_THRU,5,3
TXN106806,S005,2024-10-05,19:04,Saturday,2,23.0,0.0,3.45,26.45,DIGITAL_WALLET,DRIVE_THRU,5,6
TXN106807,S005,2024-10-05,12:10,Saturday,2,22.0,0.0,3.3,25.3,MADA,DELIVERY,4,32
TXN106808,S005,2024-10-05,12:07,Saturday,3,90.0,0.0,13.5,103.5,MADA,DINE_IN,1,14
TXN106809,S005,2024-10-05,13:28,Saturday,3,66.0,0.0,9.9,75.9,CREDIT_CARD,DELIVERY,4,24
TXN106810,S005,2024-10-05,12:55,Saturday,2,56.0,0.0,8.4,64.4,CREDIT_CARD,DRIVE_THRU,4,3
TXN106811,S005,2024-10-05,08:16,Saturday,3,84.0,0.0,12.6,96.6,DIGITAL_WALLET,DELIVERY,5,34
TXN106812,S005,2024-10-05,14:46,Saturday,4,80.0,0.0,12.0,92.0,DIGITAL_WALLET,DELIVERY,4,25
TXN106813,S005,2024-10-05,12:34,Saturday,2,26.0,0.0,3.9,29.9,MADA,DRIVE_THRU,5,7
TXN106814,S005,2024-10-05,09:45,Saturday,2,33.0,0.0,4.95,37.95,DIGITAL_WALLET,DINE_IN,5,7
TXN106815,S005,2024-10-05,19:25,Saturday,3,30.0,0.0,4.5,34.5,MADA,DELIVERY,3,40
TXN106816,S005,2024-10-05,11:52,Saturday,4,85.0,0.0,12.75,97.75,DIGITAL_WALLET,DELIVERY,5,38
TXN106817,S005,2024-10-05,15:27,Saturday,2,33.0,0.0,4.95,37.95,DIGITAL_WALLET,DELIVERY,4,40
TXN106818,S005,2024-10-05,22:11,Saturday,3,50.0,0.0,7.5,57.5,DIGITAL_WALLET,DELIVERY,5,37
TXN106819,S005,2024-10-05,12:45,Saturday,2,22.0,0.0,3.3,25.3,DEBIT_CARD,DELIVERY,5,37
TXN106820,S005,2024-10-05,23:02,Saturday,1,30.0,0.0,4.5,34.5,DIGITAL_WALLET,DRIVE_THRU,4,4
TXN106821,S005,2024-10-05,22:47,Saturday,3,74.0,0.0,11.1,85.1,DEBIT_CARD,DRIVE_THRU,5,3
TXN106822,S005,2024-10-05,21:26,Saturday,3,66.0,6.6,8.91,68.31,DIGITAL_WALLET,DINE_IN,5,12
TXN106823,S005,2024-10-05,12:50,Saturday,3,56.0,0.0,8.4,64.4,CASH,DRIVE_THRU,5,3
TXN106824,S005,2024-10-05,12:17,Saturday,2,40.0,0.0,6.0,46.0,CASH,DINE_IN,5,7
TXN106825,S005,2024-10-05,20:53,Saturday,2,56.0,0.0,8.4,64.4,MADA,DELIVERY,2,38
TXN106826,S005,2024-10-05,18:23,Saturday,2,41.0,0.0,6.15,47.15,MADA,DINE_IN,2,8
TXN106827,S005,2024-10-05,11:34,Saturday,2,33.0,3.3,4.46,34.16,DIGITAL_WALLET,TAKEAWAY,5,11
TXN106828,S005,2024-10-05,13:27,Saturday,2,30.0,0.0,4.5,34.5,DIGITAL_WALLET,DELIVERY,2,31
TXN106829,S005,2024-10-05,11:25,Saturday,2,37.0,0.0,5.55,42.55,DIGITAL_WALLET,DINE_IN,4,15
TXN106830,S005,2024-10-05,10:19,Saturday,2,56.0,0.0,8.4,64.4,DIGITAL_WALLET,TAKEAWAY,5,5
TXN106831,S005,2024-10-05,08:33,Saturday,2,38.0,0.0,5.7,43.7,MADA,DRIVE_THRU,5,8
TXN106832,S005,2024-10-05,15:15,Saturday,3,52.0,0.0,7.8,59.8,DEBIT_CARD,DELIVERY,5,26
TXN106833,S005,2024-10-05,22:41,Saturday,2,43.0,0.0,6.45,49.45,CREDIT_CARD,TAKEAWAY,5,5
TXN106834,S005,2024-10-05,12:51,Saturday,1,12.0,1.2,1.62,12.42,CREDIT_CARD,TAKEAWAY,4,11
TXN106835,S005,2024-10-05,14:34,Saturday,1,32.0,0.0,4.8,36.8,MADA,TAKEAWAY,4,12
TXN106836,S005,2024-10-05,19:00,Saturday,2,27.0,0.0,4.05,31.05,CASH,DELIVERY,4,27
TXN106837,S005,2024-10-05,19:37,Saturday,3,73.0,0.0,10.95,83.95,MADA,DINE_IN,5,11
TXN106838,S005,2024-10-05,11:39,Saturday,1,8.0,0.0,1.2,9.2,MADA,DRIVE_THRU,4,4
TXN106839,S005,2024-10-05,12:20,Saturday,2,22.0,0.0,3.3,25.3,CASH,DELIVERY,5,40
TXN106840,S005,2024-10-05,21:02,Saturday,3,61.0,0.0,9.15,70.15,CREDIT_CARD,TAKEAWAY,4,5
TXN106841,S005,2024-10-05,18:05,Saturday,3,57.0,0.0,8.55,65.55,CASH,DRIVE_THRU,5,4
TXN106842,S005,2024-10-05,12:12,Saturday,2,34.0,3.4,4.59,35.19,CREDIT_CARD,DRIVE_THRU,3,6
TXN106843,S005,2024-10-05,12:17,Saturday,4,80.0,0.0,12.0,92.0,DEBIT_CARD,TAKEAWAY,5,10
TXN106844,S005,2024-10-05,19:40,Saturday,3,50.0,0.0,7.5,57.5,MADA,DINE_IN,4,12
TXN106845,S005,2024-10-05,13:48,Saturday,1,12.0,0.0,1.8,13.8,MADA,DELIVERY,4,34
TXN106846,S005,2024-10-05,18:56,Saturday,3,53.0,5.3,7.16,54.86,MADA,DINE_IN,3,12
TXN106847,S005,2024-10-05,19:25,Saturday,1,10.0,0.0,1.5,11.5,CREDIT_CARD,DRIVE_THRU,4,7
TXN106848,S005,2024-10-05,18:44,Saturday,3,65.0,0.0,9.75,74.75,DIGITAL_WALLET,DELIVERY,4,30
TXN106849,S005,2024-10-05,09:50,Saturday,4,76.0,0.0,11.4,87.4,MADA,TAKEAWAY,5,11
TXN106850,S005,2024-10-05,13:41,Saturday,3,45.0,0.0,6.75,51.75,CASH,DINE_IN,4,11
TXN106851,S005,2024-10-05,11:19,Saturday,3,51.0,0.0,7.65,58.65,DEBIT_CARD,DINE_IN,3,10
TXN106852,S005,2024-10-05,10:50,Saturday,4,72.0,0.0,10.8,82.8,CASH,DELIVERY,3,24
TXN106853,S005,2024-10-05,19:58,Saturday,5,74.0,0.0,11.1,85.1,CASH,DRIVE_THRU,4,7
TXN106854,S005,2024-10-05,11:17,Saturday,4,79.0,0.0,11.85,90.85,CREDIT_CARD,DELIVERY,5,21
TXN106855,S005,2024-10-05,19:47,Saturday,3,48.0,0.0,7.2,55.2,DIGITAL_WALLET,DINE_IN,4,6
TXN106856,S005,2024-10-05,12:11,Saturday,3,30.0,0.0,4.5,34.5,MADA,DELIVERY,2,26
TXN106857,S005,2024-10-05,21:40,Saturday,3,71.0,7.1,9.58,73.48,CREDIT_CARD,DELIVERY,4,33
TXN106858,S005,2024-10-05,09:32,Saturday,1,8.0,0.0,1.2,9.2,DEBIT_CARD,DRIVE_THRU,3,7
TXN106859,S005,2024-10-05,18:34,Saturday,5,110.0,0.0,16.5,126.5,DEBIT_CARD,DRIVE_THRU,5,3
TXN106860,S005,2024-10-05,11:55,Saturday,5,93.0,0.0,13.95,106.95,MADA,DRIVE_THRU,3,8
TXN106861,S005,2024-10-05,21:01,Saturday,2,38.0,0.0,5.7,43.7,MADA,DELIVERY,5,29
TXN106862,S005,2024-10-05,12:45,Saturday,2,33.0,0.0,4.95,37.95,CASH,DRIVE_THRU,5,8
TXN106863,S005,2024-10-05,19:13,Saturday,3,30.0,0.0,4.5,34.5,CASH,DINE_IN,4,14
TXN106864,S005,2024-10-05,20:16,Saturday,5,86.0,0.0,12.9,98.9,CASH,DINE_IN,4,5
TXN106865,S005,2024-10-05,19:06,Saturday,3,55.0,0.0,8.25,63.25,MADA,DRIVE_THRU,3,7
TXN106866,S005,2024-10-05,12:17,Saturday,1,32.0,0.0,4.8,36.8,MADA,DINE_IN,3,11
TXN106867,S005,2024-10-05,17:02,Saturday,4,76.0,0.0,11.4,87.4,MADA,TAKEAWAY,5,15
TXN106868,S005,2024-10-05,18:46,Saturday,1,12.0,0.0,1.8,13.8,MADA,DINE_IN,4,10
TXN106869,S005,2024-10-05,18:42,Saturday,2,20.0,0.0,3.0,23.0,CASH,DINE_IN,5,11
TXN106870,S005,2024-10-05,18:31,Saturday,1,32.0,0.0,4.8,36.8,DIGITAL_WALLET,TAKEAWAY,4,15
TXN106871,S005,2024-10-05,18:36,Saturday,4,102.0,10.2,13.77,105.57,CASH,TAKEAWAY,4,6
TXN106872,S005,2024-10-05,20:49,Saturday,3,70.0,0.0,10.5,80.5,MADA,DRIVE_THRU,4,4
TXN106873,S005,2024-10-05,10:01,Saturday,4,81.0,0.0,12.15,93.15,MADA,DELIVERY,4,37
TXN106874,S005,2024-10-05,18:25,Saturday,3,57.0,0.0,8.55,65.55,DEBIT_CARD,TAKEAWAY,2,5
TXN106875,S005,2024-10-05,11:01,Saturday,4,96.0,0.0,14.4,110.4,DIGITAL_WALLET,TAKEAWAY,4,15
TXN106876,S005,2024-10-05,20:30,Saturday,4,52.0,0.0,7.8,59.8,CASH,DRIVE_THRU,4,8
TXN106877,S005,2024-10-05,12:26,Saturday,4,71.0,0.0,10.65,81.65,CREDIT_CARD,TAKEAWAY,3,12
TXN106878,S005,2024-10-05,12:53,Saturday,3,53.0,0.0,7.95,60.95,DEBIT_CARD,DRIVE_THRU,3,3
TXN106879,S005,2024-10-05,18:04,Saturday,3,56.0,0.0,8.4,64.4,MADA,DINE_IN,3,14
TXN106880,S005,2024-10-05,17:46,Saturday,4,85.0,0.0,12.75,97.75,CASH,DINE_IN,3,10
TXN106881,S005,2024-10-05,20:01,Saturday,3,70.0,0.0,10.5,80.5,CASH,DRIVE_THRU,2,8
TXN106882,S005,2024-10-05,12:21,Saturday,4,68.0,0.0,10.2,78.2,MADA,TAKEAWAY,4,15
TXN106883,S005,2024-10-05,13:15,Saturday,2,40.0,0.0,6.0,46.0,CASH,TAKEAWAY,4,8
TXN106884,S005,2024-10-05,20:46,Saturday,3,70.0,0.0,10.5,80.5,CREDIT_CARD,TAKEAWAY,5,15
TXN106885,S005,2024-10-05,22:22,Saturday,3,68.0,0.0,10.2,78.2,MADA,DINE_IN,5,12
TXN106886,S005,2024-10-05,16:56,Saturday,3,53.0,0.0,7.95,60.95,CASH,DELIVERY,5,29
TXN106887,S005,2024-10-05,13:57,Saturday,4,44.0,0.0,6.6,50.6,CASH,DINE_IN,5,7
TXN106888,S005,2024-10-05,23:55,Saturday,3,38.0,0.0,5.7,43.7,CREDIT_CARD,TAKEAWAY,4,6
TXN106889,S005,2024-10-05,13:38,Saturday,5,90.0,0.0,13.5,103.5,DEBIT_CARD,DRIVE_THRU,5,6
TXN106890,S005,2024-10-05,17:17,Saturday,3,70.0,0.0,10.5,80.5,DIGITAL_WALLET,TAKEAWAY,4,9
TXN106891,S005,2024-10-05,20:52,Saturday,2,36.0,0.0,5.4,41.4,CREDIT_CARD,DRIVE_THRU,5,8
TXN106892,S005,2024-10-05,19:09,Saturday,2,56.0,5.6,7.56,57.96,MADA,DINE_IN,3,14
TXN106893,S005,2024-10-05,13:39,Saturday,3,48.0,0.0,7.2,55.2,CREDIT_CARD,DRIVE_THRU,4,3
TXN106894,S005,2024-10-05,13:08,Saturday,3,58.0,0.0,8.7,66.7,DEBIT_CARD,DINE_IN,3,12
TXN106895,S005,2024-10-05,19:16,Saturday,3,76.0,0.0,11.4,87.4,CREDIT_CARD,DRIVE_THRU,4,5
TXN106896,S005,2024-10-05,19:07,Saturday,1,10.0,0.0,1.5,11.5,DIGITAL_WALLET,DINE_IN,5,7
TXN106897,S005,2024-10-05,20:39,Saturday,1,15.0,0.0,2.25,17.25,MADA,DRIVE_THRU,5,8
TXN106898,S005,2024-10-05,15:35,Saturday,4,63.0,0.0,9.45,72.45,DIGITAL_WALLET,TAKEAWAY,4,5
TXN106899,S005,2024-10-05,18:29,Saturday,2,22.0,0.0,3.3,25.3,CREDIT_CARD,DINE_IN,5,15
TXN106900,S005,2024-10-05,21:30,Saturday,3,53.0,0.0,7.95,60.95,DEBIT_CARD,TAKEAWAY,4,13
TXN106901,S005,2024-10-05,16:15,Saturday,2,24.0,0.0,3.6,27.6,CREDIT_CARD,DELIVERY,4,34
TXN106902,S005,2024-10-05,12:05,Saturday,1,30.0,0.0,4.5,34.5,MADA,DRIVE_THRU,4,6
TXN106903,S005,2024-10-05,15:20,Saturday,3,65.0,0.0,9.75,74.75,CREDIT_CARD,DINE_IN,5,10
TXN106904,S005,2024-10-05,21:04,Saturday,2,34.0,0.0,5.1,39.1,CREDIT_CARD,DRIVE_THRU,5,3
TXN106905,S005,2024-10-05,19:27,Saturday,1,8.0,0.0,1.2,9.2,DIGITAL_WALLET,TAKEAWAY,5,5
TXN106906,S005,2024-10-05,15:18,Saturday,4,78.0,0.0,11.7,89.7,MADA,TAKEAWAY,3,12
TXN106907,S005,2024-10-05,20:58,Saturday,1,25.0,0.0,3.75,28.75,DEBIT_CARD,DRIVE_THRU,4,8
TXN106908,S005,2024-10-05,11:22,Saturday,3,48.0,0.0,7.2,55.2,DIGITAL_WALLET,DRIVE_THRU,5,6
TXN106909,S005,2024-10-05,11:52,Saturday,2,53.0,5.3,7.16,54.86,DIGITAL_WALLET,DRIVE_THRU,5,4
TXN106910,S005,2024-10-05,12:11,Saturday,3,62.0,0.0,9.3,71.3,DIGITAL_WALLET,DINE_IN,5,6
TXN106911,S005,2024-10-05,12:30,Saturday,2,25.0,2.5,3.38,25.88,MADA,TAKEAWAY,4,6
TXN106912,S005,2024-10-05,18:37,Saturday,5,85.0,0.0,12.75,97.75,DIGITAL_WALLET,TAKEAWAY,4,9
TXN106913,S005,2024-10-05,10:50,Saturday,3,37.0,0.0,5.55,42.55,CASH,DINE_IN,4,7
TXN106914,S005,2024-10-05,23:58,Saturday,2,38.0,3.8,5.13,39.33,CREDIT_CARD,DINE_IN,5,6
TXN106915,S005,2024-10-05,19:51,Saturday,3,58.0,0.0,8.7,66.7,CREDIT_CARD,TAKEAWAY,3,11
TXN106916,S005,2024-10-05,15:53,Saturday,2,28.0,0.0,4.2,32.2,DEBIT_CARD,DRIVE_THRU,4,7
TXN106917,S005,2024-10-05,14:05,Saturday,4,71.0,0.0,10.65,81.65,DEBIT_CARD,DINE_IN,3,11
TXN106918,S005,2024-10-05,11:47,Saturday,2,42.0,0.0,6.3,48.3,CASH,DELIVERY,4,36
TXN106919,S005,2024-10-05,15:06,Saturday,4,54.0,0.0,8.1,62.1,DIGITAL_WALLET,DINE_IN,5,7
TXN106920,S005,2024-10-05,18:38,Saturday,3,60.0,6.0,8.1,62.1,DIGITAL_WALLET,DRIVE_THRU,4,6
TXN106921,S005,2024-10-05,20:17,Saturday,2,42.0,4.2,5.67,43.47,CREDIT_CARD,TAKEAWAY,2,5
TXN106922,S005,2024-10-05,18:04,Saturday,3,46.0,0.0,6.9,52.9,DIGITAL_WALLET,DELIVERY,3,38
TXN106923,S005,2024-10-05,19:44,Saturday,2,27.0,0.0,4.05,31.05,DIGITAL_WALLET,DRIVE_THRU,5,4
TXN106924,S005,2024-10-05,14:54,Saturday,4,65.0,0.0,9.75,74.75,CASH,DINE_IN,4,7
TXN106925,S005,2024-10-05,19:21,Saturday,3,42.0,0.0,6.3,48.3,CREDIT_CARD,DELIVERY,2,34
TXN106926,S005,2024-10-05,11:47,Saturday,4,63.0,0.0,9.45,72.45,DIGITAL_WALLET,DELIVERY,4,20
TXN106927,S005,2024-10-05,18:24,Saturday,2,62.0,6.2,8.37,64.17,CASH,TAKEAWAY,4,5
TXN106928,S005,2024-10-05,19:39,Saturday,3,56.0,0.0,8.4,64.4,CASH,DRIVE_THRU,5,5
TXN106929,S005,2024-10-05,19:00,Saturday,3,85.0,0.0,12.75,97.75,CASH,TAKEAWAY,4,5
TXN106930,S005,2024-10-05,20:40,Saturday,2,28.0,0.0,4.2,32.2,CREDIT_CARD,TAKEAWAY,5,15
TXN106931,S005,2024-10-05,19:27,Saturday,2,42.0,0.0,6.3,48.3,DEBIT_CARD,DELIVERY,3,25
TXN106932,S005,2024-10-05,19:00,Saturday,5,86.0,0.0,12.9,98.9,CASH,TAKEAWAY,5,13
TXN106933,S005,2024-10-05,12:28,Saturday,4,61.0,0.0,9.15,70.15,CASH,DRIVE_THRU,3,3
TXN106934,S005,2024-10-05,15:50,Saturday,1,10.0,0.0,1.5,11.5,DEBIT_CARD,DINE_IN,5,11
TXN106935,S005,2024-10-05,15:19,Saturday,2,23.0,0.0,3.45,26.45,DEBIT_CARD,DRIVE_THRU,4,3
TXN106936,S005,2024-10-05,18:31,Saturday,3,54.0,0.0,8.1,62.1,CASH,TAKEAWAY,4,11
TXN106937,S005,2024-10-05,13:36,Saturday,2,48.0,0.0,7.2,55.2,DEBIT_CARD,DINE_IN,4,9
TXN106938,S005,2024-10-05,12:17,Saturday,3,83.0,0.0,12.45,95.45,DEBIT_CARD,DELIVERY,3,22
TXN106939,S005,2024-10-05,19:54,Saturday,3,66.0,0.0,9.9,75.9,CREDIT_CARD,TAKEAWAY,5,10
TXN106940,S005,2024-10-05,20:27,Saturday,3,54.0,0.0,8.1,62.1,CREDIT_CARD,DELIVERY,4,28
TXN106941,S005,2024-10-05,20:46,Saturday,3,52.0,0.0,7.8,59.8,MADA,DINE_IN,4,11
TXN106942,S005,2024-10-05,13:46,Saturday,3,55.0,0.0,8.25,63.25,MADA,DRIVE_THRU,5,3
TXN106943,S005,2024-10-05,18:54,Saturday,3,35.0,0.0,5.25,40.25,DEBIT_CARD,TAKEAWAY,4,6
TXN106944,S005,2024-10-05,12:11,Saturday,3,37.0,3.7,4.99,38.29,DEBIT_CARD,DELIVERY,4,35
TXN106945,S005,2024-10-05,19:34,Saturday,2,37.0,3.7,4.99,38.29,MADA,DINE_IN,4,13
TXN106946,S005,2024-10-05,10:58,Saturday,3,48.0,0.0,7.2,55.2,DEBIT_CARD,TAKEAWAY,3,7
TXN106947,S005,2024-10-05,15:37,Saturday,2,50.0,5.0,6.75,51.75,CREDIT_CARD,DINE_IN,3,15
TXN106948,S005,2024-10-05,18:21,Saturday,2,40.0,0.0,6.0,46.0,DEBIT_CARD,DINE_IN,3,11
TXN106949,S005,2024-10-05,14:44,Saturday,2,40.0,0.0,6.0,46.0,DEBIT_CARD,TAKEAWAY,4,5
TXN106950,S005,2024-10-05,19:48,Saturday,3,44.0,0.0,6.6,50.6,DEBIT_CARD,DINE_IN,2,6
TXN106951,S005,2024-10-05,19:40,Saturday,2,42.0,4.2,5.67,43.47,DIGITAL_WALLET,DINE_IN,5,10
TXN106952,S005,2024-10-05,13:50,Saturday,2,38.0,0.0,5.7,43.7,DIGITAL_WALLET,DINE_IN,5,6
TXN106953,S005,2024-10-05,20:19,Saturday,4,58.0,0.0,8.7,66.7,DIGITAL_WALLET,DINE_IN,5,14
TXN106954,S005,2024-10-05,09:43,Saturday,2,28.0,0.0,4.2,32.2,CASH,DELIVERY,5,23
TXN106955,S005,2024-10-05,22:47,Saturday,3,50.0,0.0,7.5,57.5,CASH,DRIVE_THRU,4,7
TXN106956,S005,2024-10-05,11:08,Saturday,2,57.0,0.0,8.55,65.55,MADA,TAKEAWAY,5,11
TXN106957,S005,2024-10-05,14:02,Saturday,2,20.0,0.0,3.0,23.0,MADA,DELIVERY,5,38
TXN106958,S005,2024-10-05,18:47,Saturday,5,78.0,0.0,11.7,89.7,DEBIT_CARD,TAKEAWAY,2,5
TXN106959,S005,2024-10-05,13:08,Saturday,3,65.0,0.0,9.75,74.75,CREDIT_CARD,DINE_IN,5,13
TXN106960,S005,2024-10-05,11:05,Saturday,3,43.0,0.0,6.45,49.45,CREDIT_CARD,DELIVERY,5,40
TXN106961,S005,2024-10-05,14:12,Saturday,2,42.0,4.2,5.67,43.47,CASH,DRIVE_THRU,4,8
TXN106962,S005,2024-10-05,18:36,Saturday,3,86.0,0.0,12.9,98.9,MADA,TAKEAWAY,2,12
TXN106963,S005,2024-10-05,15:43,Saturday,2,42.0,0.0,6.3,48.3,DEBIT_CARD,TAKEAWAY,3,8
TXN106964,S005,2024-10-05,18:18,Saturday,3,58.0,5.8,7.83,60.03,DEBIT_CARD,DELIVERY,4,31
TXN106965,S005,2024-10-05,18:44,Saturday,4,68.0,0.0,10.2,78.2,MADA,DINE_IN,4,14
TXN106966,S005,2024-10-05,18:03,Saturday,2,58.0,0.0,8.7,66.7,DIGITAL_WALLET,TAKEAWAY,5,7
TXN106967,S005,2024-10-05,19:21,Saturday,3,90.0,0.0,13.5,103.5,CREDIT_CARD,DINE_IN,4,5
TXN106968,S005,2024-10-05,12:00,Saturday,4,78.0,0.0,11.7,89.7,DIGITAL_WALLET,TAKEAWAY,4,13
TXN106969,S005,2024-10-05,20:28,Saturday,3,72.0,7.2,9.72,74.52,CASH,DINE_IN,1,15
TXN106970,S005,2024-10-05,12:36,Saturday,3,53.0,0.0,7.95,60.95,MADA,DELIVERY,4,30
TXN106971,S005,2024-10-05,19:28,Saturday,1,30.0,0.0,4.5,34.5,DEBIT_CARD,DINE_IN,4,6
TXN106972,S005,2024-10-05,18:03,Saturday,2,22.0,0.0,3.3,25.3,CASH,DELIVERY,5,27
TXN106973,S005,2024-10-05,18:59,Saturday,3,53.0,0.0,7.95,60.95,DIGITAL_WALLET,DELIVERY,4,21
TXN106974,S005,2024-10-05,14:25,Saturday,4,84.0,0.0,12.6,96.6,CREDIT_CARD,TAKEAWAY,5,15
TXN106975,S005,2024-10-05,18:59,Saturday,2,44.0,0.0,6.6,50.6,DEBIT_CARD,DRIVE_THRU,4,5
TXN106976,S005,2024-10-05,19:41,Saturday,2,43.0,0.0,6.45,49.45,DEBIT_CARD,DRIVE_THRU,5,3
TXN106977,S005,2024-10-05,13:03,Saturday,4,53.0,5.3,7.16,54.86,MADA,DRIVE_THRU,4,7
TXN106978,S005,2024-10-05,12:09,Saturday,2,48.0,0.0,7.2,55.2,CASH,DRIVE_THRU,5,4
TXN106979,S005,2024-10-05,13:49,Saturday,1,12.0,0.0,1.8,13.8,DEBIT_CARD,DELIVERY,5,33
TXN106980,S005,2024-10-05,21:15,Saturday,2,37.0,0.0,5.55,42.55,CASH,DINE_IN,4,6
TXN106981,S005,2024-10-05,19:50,Saturday,4,83.0,0.0,12.45,95.45,MADA,TAKEAWAY,2,8
TXN106982,S005,2024-10-05,19:39,Saturday,2,62.0,6.2,8.37,64.17,CREDIT_CARD,TAKEAWAY,5,13
TXN106983,S005,2024-10-05,21:27,Saturday,2,43.0,0.0,6.45,49.45,CREDIT_CARD,DINE_IN,5,12
TXN106984,S005,2024-10-05,19:24,Saturday,4,77.0,0.0,11.55,88.55,DIGITAL_WALLET,DINE_IN,4,9
TXN106985,S005,2024-10-05,23:08,Saturday,2,38.0,0.0,5.7,43.7,CASH,TAKEAWAY,2,8
TXN106986,S005,2024-10-05,11:04,Saturday,4,95.0,0.0,14.25,109.25,MADA,DINE_IN,4,9
TXN106987,S005,2024-10-05,10:08,Saturday,3,67.0,0.0,10.05,77.05,DEBIT_CARD,DRIVE_THRU,3,5
TXN106988,S005,2024-10-05,17:55,Saturday,2,50.0,0.0,7.5,57.5,CASH,TAKEAWAY,4,6
TXN106989,S005,2024-10-05,18:18,Saturday,3,59.0,0.0,8.85,67.85,DIGITAL_WALLET,DRIVE_THRU,5,8
TXN106990,S005,2024-10-05,16:18,Saturday,2,40.0,0.0,6.0,46.0,MADA,DINE_IN,5,11
TXN106991,S005,2024-10-05,14:03,Saturday,4,58.0,0.0,8.7,66.7,CREDIT_CARD,TAKEAWAY,4,12
TXN106992,S005,2024-10-05,10:30,Saturday,2,42.0,0.0,6.3,48.3,DEBIT_CARD,TAKEAWAY,5,9
TXN106993,S005,2024-10-05,13:02,Saturday,1,10.0,0.0,1.5,11.5,CREDIT_CARD,DINE_IN,5,15
TXN106994,S005,2024-10-05,12:10,Saturday,3,58.0,0.0,8.7,66.7,CREDIT_CARD,DRIVE_THRU,4,5
TXN106995,S005,2024-10-05,18:49,Saturday,3,50.0,0.0,7.5,57.5,CREDIT_CARD,DRIVE_THRU,4,6
TXN106996,S005,2024-10-05,18:39,Saturday,3,66.0,0.0,9.9,75.9,CREDIT_CARD,TAKEAWAY,4,9
TXN106997,S005,2024-10-05,19:10,Saturday,3,59.0,0.0,8.85,67.85,DEBIT_CARD,DRIVE_THRU,5,3
TXN106998,S005,2024-10-05,13:58,Saturday,2,27.0,0.0,4.05,31.05,CASH,DELIVERY,4,36
TXN106999,S005,2024-10-05,21:57,Saturday,2,18.0,0.0,2.7,20.7,MADA,DINE_IN,5,15
TXN107000,S005,2024-10-05,17:48,Saturday,4,85.0,0.0,12.75,97.75,DEBIT_CARD,DELIVERY,5,38
TXN107001,S005,2024-10-05,13:55,Saturday,5,98.0,0.0,14.7,112.7,CASH,DRIVE_THRU,5,7
TXN107002,S005,2024-10-05,19:09,Saturday,3,68.0,0.0,10.2,78.2,DIGITAL_WALLET,DINE_IN,5,15
TXN107003,S005,2024-10-05,20:26,Saturday,2,50.0,0.0,7.5,57.5,CASH,DINE_IN,3,15
TXN107004,S005,2024-10-05,18:33,Saturday,3,72.0,0.0,10.8,82.8,DEBIT_CARD,DRIVE_THRU,5,3
TXN107005,S005,2024-10-05,08:03,Saturday,4,63.0,0.0,9.45,72.45,MADA,TAKEAWAY,3,5
TXN107006,S005,2024-10-05,13:33,Saturday,2,55.0,0.0,8.25,63.25,MADA,DINE_IN,2,11
TXN107007,S005,2024-10-05,14:21,Saturday,3,54.0,0.0,8.1,62.1,MADA,DRIVE_THRU,5,6
TXN107008,S005,2024-10-05,12:56,Saturday,4,73.0,0.0,10.95,83.95,DIGITAL_WALLET,DELIVERY,4,29
TXN107009,S005,2024-10-05,14:23,Saturday,3,72.0,0.0,10.8,82.8,MADA,DELIVERY,2,26
TXN107010,S005,2024-10-05,12:29,Saturday,3,59.0,0.0,8.85,67.85,DIGITAL_WALLET,TAKEAWAY,3,14
TXN107011,S005,2024-10-05,12:11,Saturday,2,54.0,0.0,8.1,62.1,DIGITAL_WALLET,TAKEAWAY,3,7
TXN107012,S005,2024-10-05,13:02,Saturday,3,86.0,8.6,11.61,89.01,MADA,DELIVERY,2,31
TXN107013,S005,2024-10-05,21:33,Saturday,3,48.0,0.0,7.2,55.2,DEBIT_CARD,DELIVERY,4,27
TXN107014,S005,2024-10-05,20:31,Saturday,3,30.0,0.0,4.5,34.5,DIGITAL_WALLET,DRIVE_THRU,4,5
TXN107015,S005,2024-10-05,12:25,Saturday,4,55.0,0.0,8.25,63.25,CREDIT_CARD,TAKEAWAY,5,8
TXN107016,S005,2024-10-05,14:52,Saturday,3,46.0,0.0,6.9,52.9,CREDIT_CARD,TAKEAWAY,4,6
TXN107017,S005,2024-10-05,19:36,Saturday,4,68.0,0.0,10.2,78.2,CASH,DRIVE_THRU,3,5
TXN107018,S005,2024-10-05,16:09,Saturday,5,97.0,0.0,14.55,111.55,MADA,DRIVE_THRU,4,6
TXN107019,S005,2024-10-05,12:09,Saturday,3,57.0,0.0,8.55,65.55,CASH,DELIVERY,4,35
TXN107020,S005,2024-10-05,19:28,Saturday,4,63.0,0.0,9.45,72.45,MADA,DRIVE_THRU,4,8
TXN107021,S005,2024-10-05,08:37,Saturday,4,84.0,0.0,12.6,96.6,DIGITAL_WALLET,TAKEAWAY,4,13
TXN107022,S005,2024-10-05,19:04,Saturday,3,46.0,0.0,6.9,52.9,CREDIT_CARD,DINE_IN,5,10
TXN107023,S005,2024-10-05,13:58,Saturday,2,58.0,5.8,7.83,60.03,MADA,TAKEAWAY,5,12
TXN107024,S005,2024-10-05,19:03,Saturday,3,30.0,3.0,4.05,31.05,CREDIT_CARD,DRIVE_THRU,3,3
TXN107025,S005,2024-10-05,19:21,Saturday,4,65.0,6.5,8.78,67.28,MADA,DRIVE_THRU,4,5
TXN107026,S005,2024-10-05,17:55,Saturday,3,70.0,7.0,9.45,72.45,MADA,DRIVE_THRU,4,4
TXN107027,S005,2024-10-05,19:43,Saturday,3,50.0,0.0,7.5,57.5,CASH,DELIVERY,5,34
TXN107028,S005,2024-10-05,22:04,Saturday,3,46.0,0.0,6.9,52.9,DIGITAL_WALLET,DELIVERY,3,27
TXN107029,S005,2024-10-05,11:07,Saturday,4,84.0,0.0,12.6,96.6,CREDIT_CARD,DINE_IN,4,11
TXN107030,S005,2024-10-05,19:35,Saturday,3,48.0,0.0,7.2,55.2,DEBIT_CARD,TAKEAWAY,5,5
TXN107031,S005,2024-10-05,20:47,Saturday,3,68.0,0.0,10.2,78.2,MADA,DELIVERY,4,35
TXN107032,S005,2024-10-05,14:54,Saturday,4,48.0,0.0,7.2,55.2,MADA,DINE_IN,4,7
TXN107033,S005,2024-10-05,15:18,Saturday,3,69.0,0.0,10.35,79.35,DEBIT_CARD,TAKEAWAY,5,8
TXN107034,S005,2024-10-05,12:13,Saturday,3,74.0,0.0,11.1,85.1,CREDIT_CARD,DINE_IN,2,12
TXN107035,S005,2024-10-05,12:52,Saturday,3,52.0,0.0,7.8,59.8,MADA,DELIVERY,3,39
TXN107036,S005,2024-10-05,23:05,Saturday,2,37.0,0.0,5.55,42.55,CREDIT_CARD,DINE_IN,5,8
TXN107037,S005,2024-10-05,13:55,Saturday,2,38.0,0.0,5.7,43.7,CASH,DRIVE_THRU,4,4
TXN107038,S005,2024-10-05,19:09,Saturday,3,68.0,6.8,9.18,70.38,MADA,DRIVE_THRU,5,3
TXN107039,S005,2024-10-05,19:26,Saturday,4,84.0,0.0,12.6,96.6,DEBIT_CARD,TAKEAWAY,4,13
TXN107040,S005,2024-10-05,18:07,Saturday,4,100.0,0.0,15.0,115.0,CASH,DRIVE_THRU,2,8
TXN107041,S005,2024-10-05,18:11,Saturday,3,37.0,0.0,5.55,42.55,CASH,DINE_IN,4,5
TXN107042,S005,2024-10-05,19:46,Saturday,1,30.0,0.0,4.5,34.5,MADA,DINE_IN,5,5
TXN107043,S005,2024-10-05,12:53,Saturday,3,30.0,0.0,4.5,34.5,CREDIT_CARD,DRIVE_THRU,4,4
TXN107044,S005,2024-10-05,13:23,Saturday,2,38.0,0.0,5.7,43.7,CREDIT_CARD,DINE_IN,5,15
TXN107045,S005,2024-10-05,16:07,Saturday,4,93.0,0.0,13.95,106.95,DEBIT_CARD,TAKEAWAY,4,5
TXN107046,S005,2024-10-05,15:09,Saturday,1,25.0,0.0,3.75,28.75,DIGITAL_WALLET,DRIVE_THRU,5,3
TXN107047,S005,2024-10-05,18:04,Saturday,2,60.0,0.0,9.0,69.0,CASH,DINE_IN,5,6
TXN107048,S005,2024-10-05,22:47,Saturday,5,81.0,8.1,10.94,83.84,MADA,DELIVERY,5,24
TXN107049,S005,2024-10-05,19:16,Saturday,2,47.0,0.0,7.05,54.05,DEBIT_CARD,TAKEAWAY,4,12
TXN107050,S005,2024-10-05,08:09,Saturday,2,20.0,0.0,3.0,23.0,MADA,DRIVE_THRU,5,4
TXN107051,S005,2024-10-05,18:10,Saturday,4,75.0,0.0,11.25,86.25,MADA,DELIVERY,3,29
TXN107052,S005,2024-10-05,23:22,Saturday,3,72.0,0.0,10.8,82.8,DEBIT_CARD,DINE_IN,5,6
TXN107053,S005,2024-10-05,13:58,Saturday,4,69.0,0.0,10.35,79.35,CREDIT_CARD,DINE_IN,5,13
TXN107054,S005,2024-10-05,15:13,Saturday,1,32.0,0.0,4.8,36.8,MADA,DINE_IN,4,6
TXN107055,S005,2024-10-05,11:11,Saturday,4,85.0,0.0,12.75,97.75,MADA,DINE_IN,4,6
TXN107056,S005,2024-10-05,10:50,Saturday,2,33.0,0.0,4.95,37.95,DIGITAL_WALLET,TAKEAWAY,4,5
TXN107057,S005,2024-10-05,12:36,Saturday,4,95.0,0.0,14.25,109.25,DEBIT_CARD,DRIVE_THRU,4,6
TXN107058,S005,2024-10-05,13:01,Saturday,3,47.0,4.7,6.34,48.64,DIGITAL_WALLET,DINE_IN,4,11
TXN107059,S005,2024-10-05,13:36,Saturday,3,81.0,0.0,12.15,93.15,DEBIT_CARD,TAKEAWAY,4,8
TXN107060,S005,2024-10-05,11:34,Saturday,4,65.0,6.5,8.78,67.28,MADA,DRIVE_THRU,5,8
TXN107061,S005,2024-10-05,18:24,Saturday,2,58.0,0.0,8.7,66.7,DIGITAL_WALLET,DRIVE_THRU,1,5
TXN107062,S005,2024-10-05,16:16,Saturday,1,10.0,0.0,1.5,11.5,DIGITAL_WALLET,DRIVE_THRU,4,3
TXN107063,S005,2024-10-05,10:33,Saturday,4,80.0,0.0,12.0,92.0,DIGITAL_WALLET,DINE_IN,4,7
TXN107064,S005,2024-10-05,13:55,Saturday,3,45.0,0.0,6.75,51.75,CREDIT_CARD,DINE_IN,3,11
TXN107065,S005,2024-10-05,17:49,Saturday,2,40.0,0.0,6.0,46.0,MADA,DELIVERY,5,37
TXN107066,S005,2024-10-05,12:29,Saturday,2,55.0,5.5,7.42,56.92,CASH,DELIVERY,5,26
TXN107067,S005,2024-10-05,13:39,Saturday,5,63.0,6.3,8.51,65.21,DEBIT_CARD,DELIVERY,5,24
TXN107068,S005,2024-10-05,21:40,Saturday,3,40.0,0.0,6.0,46.0,CREDIT_CARD,DINE_IN,5,5
TXN107069,S005,2024-10-05,19:44,Saturday,2,18.0,0.0,2.7,20.7,MADA,DINE_IN,4,11
TXN107070,S005,2024-10-05,13:20,Saturday,4,92.0,0.0,13.8,105.8,DIGITAL_WALLET,TAKEAWAY,4,6
TXN107071,S005,2024-10-05,12:50,Saturday,3,69.0,0.0,10.35,79.35,DEBIT_CARD,DRIVE_THRU,5,7
TXN107072,S005,2024-10-05,11:44,Saturday,3,70.0,0.0,10.5,80.5,DIGITAL_WALLET,DRIVE_THRU,2,6
TXN107073,S005,2024-10-05,18:49,Saturday,4,81.0,0.0,12.15,93.15,CASH,TAKEAWAY,4,10
TXN107074,S005,2024-10-05,08:04,Saturday,3,74.0,0.0,11.1,85.1,DEBIT_CARD,DRIVE_THRU,4,5
TXN107075,S005,2024-10-05,18:23,Saturday,2,24.0,0.0,3.6,27.6,DIGITAL_WALLET,TAKEAWAY,5,13
TXN107076,S005,2024-10-05,12:10,Saturday,4,63.0,0.0,9.45,72.45,DEBIT_CARD,DELIVERY,5,21
TXN107077,S005,2024-10-05,19:16,Saturday,1,10.0,0.0,1.5,11.5,MADA,DRIVE_THRU,4,4
TXN107078,S005,2024-10-05,20:28,Saturday,4,64.0,0.0,9.6,73.6,MADA,DRIVE_THRU,4,4
TXN107079,S005,2024-10-05,17:16,Saturday,3,66.0,0.0,9.9,75.9,CASH,DINE_IN,5,6
TXN107080,S005,2024-10-05,10:12,Saturday,3,50.0,0.0,7.5,57.5,MADA,DRIVE_THRU,4,7
TXN107081,S005,2024-10-05,18:53,Saturday,4,77.0,0.0,11.55,88.55,DIGITAL_WALLET,DINE_IN,3,13
TXN107082,S005,2024-10-05,13:51,Saturday,2,33.0,0.0,4.95,37.95,DEBIT_CARD,TAKEAWAY,5,9
TXN107083,S005,2024-10-05,19:47,Saturday,5,102.0,0.0,15.3,117.3,CREDIT_CARD,DRIVE_THRU,4,7
TXN107084,S005,2024-10-05,20:03,Saturday,3,68.0,0.0,10.2,78.2,CASH,DELIVERY,5,38
TXN107085,S005,2024-10-05,19:47,Saturday,3,56.0,0.0,8.4,64.4,CREDIT_CARD,DRIVE_THRU,3,8
TXN107086,S005,2024-10-05,17:13,Saturday,3,48.0,4.8,6.48,49.68,MADA,DRIVE_THRU,4,7
TXN107087,S005,2024-10-05,21:38,Saturday,3,58.0,0.0,8.7,66.7,MADA,DINE_IN,4,14
TXN107088,S005,2024-10-05,13:22,Saturday,2,37.0,0.0,5.55,42.55,CREDIT_CARD,DRIVE_THRU,4,3
TXN107089,S005,2024-10-05,10:15,Saturday,2,40.0,0.0,6.0,46.0,MADA,TAKEAWAY,2,7
TXN107090,S005,2024-10-05,17:40,Saturday,1,25.0,0.0,3.75,28.75,MADA,DINE_IN,4,14
TXN107091,S005,2024-10-05,13:40,Saturday,2,45.0,0.0,6.75,51.75,DIGITAL_WALLET,TAKEAWAY,5,14
TXN107092,S005,2024-10-05,20:32,Saturday,1,25.0,0.0,3.75,28.75,CASH,DINE_IN,4,5
TXN107093,S005,2024-10-05,12:29,Saturday,3,71.0,0.0,10.65,81.65,CASH,TAKEAWAY,4,12
TXN107094,S005,2024-10-05,09:21,Saturday,3,54.0,5.4,7.29,55.89,MADA,DINE_IN,5,12
TXN107095,S005,2024-10-05,19:14,Saturday,5,76.0,0.0,11.4,87.4,CASH,DINE_IN,4,7
TXN107096,S005,2024-10-05,12:07,Saturday,2,18.0,0.0,2.7,20.7,MADA,DINE_IN,4,11
TXN107097,S005,2024-10-05,19:56,Saturday,3,75.0,0.0,11.25,86.25,MADA,DELIVERY,5,35
TXN107098,S005,2024-10-05,12:16,Saturday,1,15.0,0.0,2.25,17.25,MADA,DELIVERY,4,26
TXN107099,S005,2024-10-05,19:36,Saturday,5,112.0,0.0,16.8,128.8,DEBIT_CARD,DINE_IN,4,9
TXN107100,S005,2024-10-05,16:18,Saturday,3,70.0,0.0,10.5,80.5,CASH,DINE_IN,4,14
TXN107101,S005,2024-10-05,18:50,Saturday,4,62.0,6.2,8.37,64.17,CREDIT_CARD,DINE_IN,5,15
TXN107102,S005,2024-10-05,12:29,Saturday,4,70.0,0.0,10.5,80.5,CREDIT_CARD,DELIVERY,5,38
TXN107103,S005,2024-10-05,17:28,Saturday,4,78.0,7.8,10.53,80.73,CREDIT_CARD,DRIVE_THRU,4,6
TXN107104,S005,2024-10-05,19:44,Saturday,2,41.0,0.0,6.15,47.15,MADA,TAKEAWAY,3,12
TXN107105,S005,2024-10-05,11:35,Saturday,1,8.0,0.0,1.2,9.2,DEBIT_CARD,DINE_IN,5,13
TXN107106,S005,2024-10-05,11:49,Saturday,2,37.0,0.0,5.55,42.55,CASH,DRIVE_THRU,4,8
TXN107107,S005,2024-10-05,17:23,Saturday,2,42.0,0.0,6.3,48.3,CREDIT_CARD,DELIVERY,4,32
TXN107108,S005,2024-10-05,11:16,Saturday,2,38.0,0.0,5.7,43.7,MADA,TAKEAWAY,4,9
TXN107109,S005,2024-10-05,12:56,Saturday,2,38.0,0.0,5.7,43.7,MADA,DINE_IN,3,15
TXN107110,S005,2024-10-05,15:27,Saturday,2,43.0,0.0,6.45,49.45,CREDIT_CARD,DINE_IN,3,5
TXN107111,S005,2024-10-05,09:34,Saturday,3,48.0,0.0,7.2,55.2,CASH,DELIVERY,3,20
TXN107112,S005,2024-10-05,18:10,Saturday,2,37.0,0.0,5.55,42.55,CASH,DELIVERY,3,29
TXN107113,S005,2024-10-05,16:20,Saturday,1,32.0,0.0,4.8,36.8,DIGITAL_WALLET,DRIVE_THRU,4,3
TXN107114,S005,2024-10-05,17:15,Saturday,2,38.0,0.0,5.7,43.7,MADA,TAKEAWAY,4,6
TXN107115,S005,2024-10-05,20:14,Saturday,2,43.0,0.0,6.45,49.45,DIGITAL_WALLET,DELIVERY,3,20
TXN107116,S005,2024-10-05,12:07,Saturday,3,72.0,0.0,10.8,82.8,DEBIT_CARD,DRIVE_THRU,5,6
TXN107117,S005,2024-10-05,11:44,Saturday,4,61.0,6.1,8.23,63.13,MADA,DRIVE_THRU,4,7
TXN107118,S005,2024-10-05,16:12,Saturday,2,56.0,0.0,8.4,64.4,MADA,DINE_IN,4,7
TXN107119,S005,2024-10-05,14:39,Saturday,1,12.0,0.0,1.8,13.8,CASH,TAKEAWAY,4,9
TXN107120,S005,2024-10-05,15:22,Saturday,1,12.0,1.2,1.62,12.42,DIGITAL_WALLET,DINE_IN,4,8
TXN107121,S005,2024-10-05,14:19,Saturday,3,45.0,0.0,6.75,51.75,CASH,DRIVE_THRU,2,4
TXN107122,S005,2024-10-05,17:55,Saturday,3,62.0,0.0,9.3,71.3,DEBIT_CARD,TAKEAWAY,4,14
TXN107123,S005,2024-10-05,13:55,Saturday,5,76.0,0.0,11.4,87.4,CREDIT_CARD,TAKEAWAY,3,14
TXN107124,S005,2024-10-05,12:19,Saturday,4,71.0,0.0,10.65,81.65,MADA,TAKEAWAY,1,9
TXN107125,S005,2024-10-05,14:03,Saturday,4,60.0,0.0,9.0,69.0,CREDIT_CARD,DRIVE_THRU,3,6
TXN107126,S005,2024-10-05,12:18,Saturday,4,53.0,0.0,7.95,60.95,DEBIT_CARD,DRIVE_THRU,5,7
TXN107127,S005,2024-10-05,11:49,Saturday,2,55.0,0.0,8.25,63.25,MADA,DELIVERY,5,34
TXN107128,S005,2024-10-05,13:15,Saturday,4,76.0,0.0,11.4,87.4,DEBIT_CARD,DELIVERY,3,38
TXN107129,S005,2024-10-05,19:57,Saturday,3,65.0,0.0,9.75,74.75,DIGITAL_WALLET,DRIVE_THRU,5,3
TXN107130,S005,2024-10-05,12:48,Saturday,5,110.0,0.0,16.5,126.5,CASH,DRIVE_THRU,3,8
TXN107131,S005,2024-10-05,18:33,Saturday,3,38.0,0.0,5.7,43.7,CREDIT_CARD,TAKEAWAY,2,15
TXN107132,S005,2024-10-05,13:03,Saturday,3,68.0,0.0,10.2,78.2,CASH,TAKEAWAY,5,15
TXN107133,S005,2024-10-05,18:30,Saturday,3,52.0,0.0,7.8,59.8,CREDIT_CARD,TAKEAWAY,3,15
TXN107134,S005,2024-10-05,16:13,Saturday,4,93.0,0.0,13.95,106.95,DEBIT_CARD,TAKEAWAY,3,7
TXN107135,S005,2024-10-05,16:42,Saturday,4,80.0,0.0,12.0,92.0,DIGITAL_WALLET,DELIVERY,5,25
TXN107136,S005,2024-10-05,19:35,Saturday,4,67.0,0.0,10.05,77.05,CASH,DINE_IN,4,13
TXN107137,S005,2024-10-05,11:30,Saturday,2,36.0,0.0,5.4,41.4,DEBIT_CARD,DRIVE_THRU,4,3
TXN107138,S005,2024-10-05,20:16,Saturday,4,102.0,0.0,15.3,117.3,CREDIT_CARD,TAKEAWAY,4,6
TXN107139,S005,2024-10-05,10:56,Saturday,3,50.0,0.0,7.5,57.5,MADA,DRIVE_THRU,5,3
TXN107140,S005,2024-10-05,18:44,Saturday,3,52.0,0.0,7.8,59.8,CREDIT_CARD,TAKEAWAY,5,12
TXN107141,S005,2024-10-05,11:33,Saturday,3,56.0,0.0,8.4,64.4,CASH,DINE_IN,3,6
TXN107142,S005,2024-10-05,17:22,Saturday,2,22.0,0.0,3.3,25.3,DEBIT_CARD,TAKEAWAY,5,8
TXN107143,S005,2024-10-05,20:05,Saturday,3,54.0,0.0,8.1,62.1,DIGITAL_WALLET,DELIVERY,4,20
TXN107144,S005,2024-10-05,19:49,Saturday,3,66.0,0.0,9.9,75.9,CREDIT_CARD,DRIVE_THRU,5,4
TXN107145,S005,2024-10-05,14:12,Saturday,1,10.0,0.0,1.5,11.5,DIGITAL_WALLET,DRIVE_THRU,5,8
TXN107146,S005,2024-10-05,10:54,Saturday,3,43.0,0.0,6.45,49.45,MADA,DELIVERY,5,30
TXN107147,S001,2024-10-06,21:41,Sunday,2,23.0,0.0,3.45,26.45,CREDIT_CARD,DELIVERY,5,26
TXN107148,S001,2024-10-06,18:43,Sunday,3,63.0,0.0,9.45,72.45,DEBIT_CARD,DINE_IN,4,8
TXN107149,S001,2024-10-06,19:09,Sunday,2,44.0,0.0,6.6,50.6,DEBIT_CARD,DELIVERY,4,26
TXN107150,S001,2024-10-06,08:07,Sunday,4,53.0,0.0,7.95,60.95,CASH,DINE_IN,4,15
TXN107151,S001,2024-10-06,15:50,Sunday,4,45.0,0.0,6.75,51.75,DIGITAL_WALLET,TAKEAWAY,5,5
TXN107152,S001,2024-10-06,19:12,Sunday,2,22.0,0.0,3.3,25.3,CASH,TAKEAWAY,3,13
TXN107153,S001,2024-10-06,09:22,Sunday,2,54.0,0.0,8.1,62.1,DIGITAL_WALLET,DRIVE_THRU,3,3
TXN107154,S001,2024-10-06,13:26,Sunday,3,64.0,6.4,8.64,66.24,DIGITAL_WALLET,TAKEAWAY,4,12
TXN107155,S001,2024-10-06,18:25,Sunday,4,80.0,0.0,12.0,92.0,DEBIT_CARD,DELIVERY,4,34
TXN107156,S001,2024-10-06,19:24,Sunday,3,63.0,0.0,9.45,72.45,CREDIT_CARD,TAKEAWAY,4,11
TXN107157,S001,2024-10-06,11:00,Sunday,4,52.0,0.0,7.8,59.8,DIGITAL_WALLET,DELIVERY,2,39
TXN107158,S001,2024-10-06,13:51,Sunday,1,12.0,0.0,1.8,13.8,DEBIT_CARD,DINE_IN,5,14
TXN107159,S001,2024-10-06,21:59,Sunday,2,22.0,0.0,3.3,25.3,DEBIT_CARD,DRIVE_THRU,4,4
TXN107160,S001,2024-10-06,15:35,Sunday,2,45.0,0.0,6.75,51.75,MADA,DINE_IN,5,9
TXN107161,S001,2024-10-06,14:30,Sunday,4,60.0,0.0,9.0,69.0,CASH,DRIVE_THRU,5,6
TXN107162,S001,2024-10-06,17:42,Sunday,5,114.0,0.0,17.1,131.1,CREDIT_CARD,DELIVERY,5,21
TXN107163,S001,2024-10-06,12:53,Sunday,3,50.0,0.0,7.5,57.5,CASH,DRIVE_THRU,1,3
TXN107164,S001,2024-10-06,11:37,Sunday,1,12.0,0.0,1.8,13.8,CREDIT_CARD,TAKEAWAY,4,7
TXN107165,S001,2024-10-06,18:29,Sunday,4,64.0,0.0,9.6,73.6,DEBIT_CARD,DELIVERY,4,29
TXN107166,S001,2024-10-06,18:42,Sunday,4,91.0,9.1,12.29,94.19,CASH,DINE_IN,5,10
TXN107167,S001,2024-10-06,19:05,Sunday,2,40.0,0.0,6.0,46.0,DIGITAL_WALLET,TAKEAWAY,4,11
TXN107168,S001,2024-10-06,18:06,Sunday,3,50.0,0.0,7.5,57.5,CREDIT_CARD,DRIVE_THRU,4,4
TXN107169,S001,2024-10-06,12:51,Sunday,3,49.0,0.0,7.35,56.35,CREDIT_CARD,DINE_IN,2,12
TXN107170,S001,2024-10-06,15:41,Sunday,2,48.0,0.0,7.2,55.2,CASH,DELIVERY,5,22
TXN107171,S001,2024-10-06,12:50,Sunday,4,50.0,5.0,6.75,51.75,DIGITAL_WALLET,DRIVE_THRU,2,7
TXN107172,S001,2024-10-06,19:12,Sunday,2,42.0,0.0,6.3,48.3,MADA,TAKEAWAY,5,10
TXN107173,S001,2024-10-06,13:59,Sunday,3,52.0,0.0,7.8,59.8,DEBIT_CARD,TAKEAWAY,2,6
TXN107174,S001,2024-10-06,23:50,Sunday,3,48.0,4.8,6.48,49.68,DEBIT_CARD,DINE_IN,5,6
TXN107175,S001,2024-10-06,13:34,Sunday,3,70.0,0.0,10.5,80.5,CASH,DINE_IN,4,10
TXN107176,S001,2024-10-06,19:43,Sunday,3,48.0,4.8,6.48,49.68,DEBIT_CARD,TAKEAWAY,5,13
TXN107177,S001,2024-10-06,17:12,Sunday,4,84.0,0.0,12.6,96.6,MADA,DELIVERY,5,39
TXN107178,S001,2024-10-06,13:28,Sunday,2,46.0,0.0,6.9,52.9,DIGITAL_WALLET,DRIVE_THRU,4,8
TXN107179,S001,2024-10-06,19:49,Sunday,3,40.0,0.0,6.0,46.0,MADA,DELIVERY,3,39
TXN107180,S001,2024-10-06,12:20,Sunday,2,35.0,0.0,5.25,40.25,DEBIT_CARD,DINE_IN,4,13
TXN107181,S001,2024-10-06,14:06,Sunday,3,56.0,0.0,8.4,64.4,MADA,DELIVERY,4,35
TXN107182,S001,2024-10-06,19:36,Sunday,2,22.0,0.0,3.3,25.3,DIGITAL_WALLET,DELIVERY,4,36
TXN107183,S001,2024-10-06,19:46,Sunday,4,55.0,0.0,8.25,63.25,CASH,TAKEAWAY,5,8
TXN107184,S001,2024-10-06,23:40,Sunday,3,30.0,0.0,4.5,34.5,DIGITAL_WALLET,DELIVERY,5,36
TXN107185,S001,2024-10-06,09:03,Sunday,2,44.0,4.4,5.94,45.54,DEBIT_CARD,DRIVE_THRU,5,6
TXN107186,S001,2024-10-06,20:07,Sunday,3,64.0,0.0,9.6,73.6,CREDIT_CARD,DELIVERY,4,30
TXN107187,S001,2024-10-06,18:49,Sunday,3,66.0,0.0,9.9,75.9,DIGITAL_WALLET,DRIVE_THRU,5,6
TXN107188,S001,2024-10-06,12:58,Sunday,3,46.0,0.0,6.9,52.9,CASH,TAKEAWAY,5,12
TXN107189,S001,2024-10-06,10:09,Sunday,2,46.0,4.6,6.21,47.61,DIGITAL_WALLET,DRIVE_THRU,5,3
TXN107190,S001,2024-10-06,11:45,Sunday,3,56.0,0.0,8.4,64.4,CASH,TAKEAWAY,5,14
TXN107191,S001,2024-10-06,12:11,Sunday,2,40.0,0.0,6.0,46.0,CREDIT_CARD,TAKEAWAY,5,15
TXN107192,S001,2024-10-06,12:03,Sunday,1,18.0,0.0,2.7,20.7,DIGITAL_WALLET,DRIVE_THRU,3,3
TXN107193,S001,2024-10-06,19:01,Sunday,4,66.0,0.0,9.9,75.9,CREDIT_CARD,DINE_IN,4,15
TXN107194,S001,2024-10-06,18:06,Sunday,3,56.0,0.0,8.4,64.4,DIGITAL_WALLET,DRIVE_THRU,4,5
TXN107195,S001,2024-10-06,20:01,Sunday,3,33.0,0.0,4.95,37.95,DEBIT_CARD,TAKEAWAY,4,8
TXN107196,S001,2024-10-06,19:24,Sunday,4,78.0,0.0,11.7,89.7,MADA,TAKEAWAY,5,11
TXN107197,S001,2024-10-06,19:37,Sunday,1,12.0,0.0,1.8,13.8,DIGITAL_WALLET,TAKEAWAY,3,13
TXN107198,S001,2024-10-06,20:39,Sunday,1,26.0,0.0,3.9,29.9,CASH,DINE_IN,3,8
TXN107199,S001,2024-10-06,18:03,Sunday,3,55.0,0.0,8.25,63.25,CREDIT_CARD,DINE_IN,4,12
TXN107200,S001,2024-10-06,18:44,Sunday,4,103.0,0.0,15.45,118.45,CREDIT_CARD,DINE_IN,4,9
TXN107201,S001,2024-10-06,13:40,Sunday,2,30.0,0.0,4.5,34.5,DEBIT_CARD,DINE_IN,5,15
TXN107202,S001,2024-10-06,19:10,Sunday,2,20.0,0.0,3.0,23.0,MADA,TAKEAWAY,3,5
TXN107203,S001,2024-10-06,21:49,Sunday,4,100.0,0.0,15.0,115.0,CREDIT_CARD,TAKEAWAY,5,5
TXN107204,S001,2024-10-06,18:56,Sunday,2,55.0,0.0,8.25,63.25,DEBIT_CARD,DELIVERY,5,39
TXN107205,S001,2024-10-06,08:05,Sunday,2,40.0,0.0,6.0,46.0,DEBIT_CARD,DRIVE_THRU,5,4
TXN107206,S001,2024-10-06,18:52,Sunday,3,56.0,5.6,7.56,57.96,CREDIT_CARD,DINE_IN,4,15
TXN107207,S001,2024-10-06,19:39,Sunday,2,40.0,0.0,6.0,46.0,CASH,DRIVE_THRU,5,8
TXN107208,S001,2024-10-06,10:03,Sunday,2,28.0,2.8,3.78,28.98,CREDIT_CARD,DELIVERY,4,21
TXN107209,S001,2024-10-06,13:51,Sunday,1,10.0,0.0,1.5,11.5,CREDIT_CARD,DINE_IN,5,12
TXN107210,S001,2024-10-06,19:30,Sunday,2,27.0,0.0,4.05,31.05,DEBIT_CARD,DINE_IN,5,13
TXN107211,S001,2024-10-06,17:45,Sunday,3,48.0,0.0,7.2,55.2,CREDIT_CARD,TAKEAWAY,4,14
TXN107212,S001,2024-10-06,18:45,Sunday,1,12.0,0.0,1.8,13.8,DEBIT_CARD,DRIVE_THRU,3,3
TXN107213,S001,2024-10-06,19:32,Sunday,3,77.0,0.0,11.55,88.55,MADA,DRIVE_THRU,5,4
TXN107214,S001,2024-10-06,19:36,Sunday,4,83.0,0.0,12.45,95.45,CASH,DELIVERY,4,36
TXN107215,S001,2024-10-06,09:29,Sunday,2,36.0,0.0,5.4,41.4,DEBIT_CARD,TAKEAWAY,4,7
TXN107216,S001,2024-10-06,18:54,Sunday,4,56.0,0.0,8.4,64.4,CASH,DRIVE_THRU,4,3
TXN107217,S001,2024-10-06,19:57,Sunday,2,27.0,0.0,4.05,31.05,DEBIT_CARD,DINE_IN,1,5
TXN107218,S001,2024-10-06,11:36,Sunday,3,50.0,0.0,7.5,57.5,MADA,TAKEAWAY,3,9
TXN107219,S001,2024-10-06,19:09,Sunday,3,37.0,0.0,5.55,42.55,CASH,DELIVERY,4,30
TXN107220,S001,2024-10-06,19:05,Sunday,2,38.0,0.0,5.7,43.7,DIGITAL_WALLET,DELIVERY,3,34
TXN107221,S001,2024-10-06,23:09,Sunday,3,58.0,0.0,8.7,66.7,MADA,DELIVERY,4,35
TXN107222,S001,2024-10-06,19:27,Sunday,5,98.0,0.0,14.7,112.7,DEBIT_CARD,TAKEAWAY,3,6
TXN107223,S001,2024-10-06,19:01,Sunday,4,64.0,0.0,9.6,73.6,DEBIT_CARD,TAKEAWAY,4,14
TXN107224,S001,2024-10-06,13:44,Sunday,4,83.0,0.0,12.45,95.45,DEBIT_CARD,DRIVE_THRU,4,4
TXN107225,S001,2024-10-06,19:32,Sunday,1,12.0,0.0,1.8,13.8,CREDIT_CARD,DINE_IN,4,15
TXN107226,S001,2024-10-06,19:02,Sunday,3,46.0,4.6,6.21,47.61,CREDIT_CARD,DINE_IN,4,15
TXN107227,S001,2024-10-06,14:44,Sunday,3,30.0,0.0,4.5,34.5,DEBIT_CARD,DRIVE_THRU,4,6
TXN107228,S001,2024-10-06,18:37,Sunday,3,32.0,0.0,4.8,36.8,CASH,TAKEAWAY,3,6
TXN107229,S001,2024-10-06,12:41,Sunday,2,44.0,0.0,6.6,50.6,MADA,DINE_IN,4,7
TXN107230,S001,2024-10-06,13:59,Sunday,3,45.0,0.0,6.75,51.75,CREDIT_CARD,DRIVE_THRU,5,4
TXN107231,S001,2024-10-06,20:33,Sunday,4,62.0,6.2,8.37,64.17,DIGITAL_WALLET,DELIVERY,4,31
TXN107232,S001,2024-10-06,20:29,Sunday,4,84.0,0.0,12.6,96.6,DEBIT_CARD,DELIVERY,5,22
TXN107233,S001,2024-10-06,13:12,Sunday,2,57.0,0.0,8.55,65.55,CASH,DRIVE_THRU,3,4
TXN107234,S001,2024-10-06,12:53,Sunday,3,59.0,0.0,8.85,67.85,DEBIT_CARD,DINE_IN,5,11
TXN107235,S001,2024-10-06,19:00,Sunday,5,91.0,0.0,13.65,104.65,MADA,DELIVERY,3,29
TXN107236,S001,2024-10-06,23:56,Sunday,4,80.0,0.0,12.0,92.0,CASH,DELIVERY,4,29
TXN107237,S001,2024-10-06,21:22,Sunday,2,34.0,0.0,5.1,39.1,DIGITAL_WALLET,DRIVE_THRU,5,4
TXN107238,S001,2024-10-06,20:39,Sunday,3,59.0,0.0,8.85,67.85,DEBIT_CARD,TAKEAWAY,3,9
TXN107239,S001,2024-10-06,17:15,Sunday,4,50.0,0.0,7.5,57.5,MADA,DELIVERY,5,27
TXN107240,S001,2024-10-06,12:31,Sunday,2,48.0,0.0,7.2,55.2,DEBIT_CARD,DRIVE_THRU,5,4
TXN107241,S001,2024-10-06,17:05,Sunday,3,65.0,0.0,9.75,74.75,DIGITAL_WALLET,DELIVERY,4,39
TXN107242,S001,2024-10-06,18:08,Sunday,4,75.0,0.0,11.25,86.25,CASH,TAKEAWAY,3,12
TXN107243,S001,2024-10-06,18:28,Sunday,2,44.0,0.0,6.6,50.6,DEBIT_CARD,DELIVERY,4,33
TXN107244,S001,2024-10-06,16:27,Sunday,5,123.0,0.0,18.45,141.45,DEBIT_CARD,DELIVERY,5,34
TXN107245,S001,2024-10-06,18:11,Sunday,4,79.0,0.0,11.85,90.85,DIGITAL_WALLET,TAKEAWAY,4,6
TXN107246,S001,2024-10-06,18:33,Sunday,3,52.0,0.0,7.8,59.8,DIGITAL_WALLET,DRIVE_THRU,4,6
TXN107247,S001,2024-10-06,23:04,Sunday,2,37.0,0.0,5.55,42.55,MADA,TAKEAWAY,4,6
TXN107248,S001,2024-10-06,18:59,Sunday,3,38.0,0.0,5.7,43.7,MADA,TAKEAWAY,3,5
TXN107249,S001,2024-10-06,19:57,Sunday,4,77.0,0.0,11.55,88.55,CREDIT_CARD,TAKEAWAY,4,5
TXN107250,S001,2024-10-06,13:57,Sunday,2,36.0,0.0,5.4,41.4,CREDIT_CARD,DRIVE_THRU,3,6
TXN107251,S001,2024-10-06,14:44,Sunday,3,50.0,0.0,7.5,57.5,DIGITAL_WALLET,DRIVE_THRU,3,6
TXN107252,S001,2024-10-06,13:52,Sunday,5,115.0,0.0,17.25,132.25,MADA,DINE_IN,4,9
TXN107253,S001,2024-10-06,18:14,Sunday,3,53.0,0.0,7.95,60.95,CREDIT_CARD,TAKEAWAY,5,14
TXN107254,S001,2024-10-06,19:33,Sunday,4,57.0,5.7,7.69,58.99,DIGITAL_WALLET,TAKEAWAY,5,5
TXN107255,S001,2024-10-06,18:51,Sunday,3,66.0,0.0,9.9,75.9,DIGITAL_WALLET,DRIVE_THRU,4,6
TXN107256,S001,2024-10-06,19:03,Sunday,4,61.0,0.0,9.15,70.15,DIGITAL_WALLET,DINE_IN,5,7
TXN107257,S001,2024-10-06,19:35,Sunday,3,77.0,7.7,10.39,79.69,MADA,TAKEAWAY,5,12
TXN107258,S001,2024-10-06,20:23,Sunday,5,93.0,0.0,13.95,106.95,MADA,DINE_IN,5,11
TXN107259,S001,2024-10-06,19:09,Sunday,4,89.0,8.9,12.01,92.11,DIGITAL_WALLET,TAKEAWAY,3,12
TXN107260,S001,2024-10-06,19:18,Sunday,3,50.0,0.0,7.5,57.5,DEBIT_CARD,DRIVE_THRU,4,8
TXN107261,S001,2024-10-06,17:10,Sunday,2,22.0,0.0,3.3,25.3,CASH,DELIVERY,2,32
TXN107262,S001,2024-10-06,13:03,Sunday,3,54.0,0.0,8.1,62.1,CREDIT_CARD,DINE_IN,4,9
TXN107263,S001,2024-10-06,14:23,Sunday,3,45.0,0.0,6.75,51.75,DIGITAL_WALLET,DELIVERY,3,28
TXN107264,S001,2024-10-06,10:41,Sunday,3,64.0,0.0,9.6,73.6,DEBIT_CARD,TAKEAWAY,5,13
TXN107265,S001,2024-10-06,18:15,Sunday,2,40.0,0.0,6.0,46.0,DIGITAL_WALLET,DINE_IN,5,5
TXN107266,S001,2024-10-06,17:09,Sunday,4,83.0,8.3,11.21,85.91,CREDIT_CARD,DELIVERY,4,35
TXN107267,S001,2024-10-06,15:40,Sunday,3,55.0,0.0,8.25,63.25,MADA,DRIVE_THRU,4,7
TXN107268,S001,2024-10-06,19:21,Sunday,2,40.0,0.0,6.0,46.0,DIGITAL_WALLET,DINE_IN,3,15
TXN107269,S001,2024-10-06,19:09,Sunday,4,69.0,0.0,10.35,79.35,DIGITAL_WALLET,TAKEAWAY,5,12
TXN107270,S001,2024-10-06,13:33,Sunday,3,50.0,0.0,7.5,57.5,CREDIT_CARD,DRIVE_THRU,5,4
TXN107271,S001,2024-10-06,12:00,Sunday,5,60.0,0.0,9.0,69.0,CREDIT_CARD,DINE_IN,4,9
TXN107272,S001,2024-10-06,22:37,Sunday,4,68.0,6.8,9.18,70.38,CREDIT_CARD,DRIVE_THRU,4,3
TXN107273,S001,2024-10-06,18:46,Sunday,3,55.0,0.0,8.25,63.25,CREDIT_CARD,DINE_IN,3,10
TXN107274,S001,2024-10-06,19:24,Sunday,1,32.0,0.0,4.8,36.8,MADA,DINE_IN,5,15
TXN107275,S001,2024-10-06,12:41,Sunday,3,54.0,0.0,8.1,62.1,MADA,DELIVERY,5,40
TXN107276,S001,2024-10-06,18:55,Sunday,2,44.0,0.0,6.6,50.6,DEBIT_CARD,DINE_IN,3,10
TXN107277,S001,2024-10-06,18:32,Sunday,1,26.0,2.6,3.51,26.91,CREDIT_CARD,DINE_IN,4,15
TXN107278,S001,2024-10-06,12:42,Sunday,3,48.0,0.0,7.2,55.2,DIGITAL_WALLET,DINE_IN,3,14
TXN107279,S001,2024-10-06,12:07,Sunday,3,65.0,0.0,9.75,74.75,MADA,TAKEAWAY,5,5
TXN107280,S001,2024-10-06,19:33,Sunday,1,10.0,0.0,1.5,11.5,DIGITAL_WALLET,DRIVE_THRU,4,3
TXN107281,S001,2024-10-06,14:21,Sunday,3,55.0,0.0,8.25,63.25,DEBIT_CARD,DELIVERY,4,20
TXN107282,S001,2024-10-06,19:14,Sunday,3,35.0,0.0,5.25,40.25,DEBIT_CARD,DELIVERY,5,39
TXN107283,S001,2024-10-06,17:49,Sunday,2,58.0,0.0,8.7,66.7,DIGITAL_WALLET,DRIVE_THRU,5,7
TXN107284,S001,2024-10-06,14:59,Sunday,2,56.0,0.0,8.4,64.4,DEBIT_CARD,TAKEAWAY,4,13
TXN107285,S001,2024-10-06,13:26,Sunday,1,12.0,0.0,1.8,13.8,DIGITAL_WALLET,DELIVERY,4,34
TXN107286,S001,2024-10-06,13:42,Sunday,3,37.0,0.0,5.55,42.55,DEBIT_CARD,DINE_IN,5,6
TXN107287,S001,2024-10-06,18:46,Sunday,4,70.0,0.0,10.5,80.5,DEBIT_CARD,DRIVE_THRU,4,6
TXN107288,S001,2024-10-06,09:05,Sunday,2,36.0,0.0,5.4,41.4,DIGITAL_WALLET,TAKEAWAY,4,7
TXN107289,S001,2024-10-06,19:49,Sunday,3,53.0,0.0,7.95,60.95,DIGITAL_WALLET,DINE_IN,4,8
TXN107290,S001,2024-10-06,22:50,Sunday,3,69.0,0.0,10.35,79.35,CREDIT_CARD,TAKEAWAY,3,9
TXN107291,S001,2024-10-06,19:20,Sunday,3,69.0,0.0,10.35,79.35,CASH,DINE_IN,5,10
TXN107292,S001,2024-10-06,10:44,Sunday,4,66.0,0.0,9.9,75.9,DIGITAL_WALLET,DINE_IN,4,12
TXN107293,S001,2024-10-06,14:19,Sunday,4,88.0,8.8,11.88,91.08,CASH,TAKEAWAY,3,15
TXN107294,S001,2024-10-06,23:51,Sunday,4,74.0,0.0,11.1,85.1,CREDIT_CARD,DRIVE_THRU,4,7
TXN107295,S001,2024-10-06,19:06,Sunday,5,65.0,0.0,9.75,74.75,DIGITAL_WALLET,DRIVE_THRU,4,7
TXN107296,S001,2024-10-06,11:46,Sunday,3,69.0,0.0,10.35,79.35,DIGITAL_WALLET,TAKEAWAY,3,15
TXN107297,S001,2024-10-06,12:02,Sunday,2,40.0,0.0,6.0,46.0,MADA,DELIVERY,4,37
TXN107298,S001,2024-10-06,14:43,Sunday,3,50.0,5.0,6.75,51.75,CASH,DELIVERY,5,21
TXN107299,S001,2024-10-06,12:42,Sunday,3,76.0,0.0,11.4,87.4,CREDIT_CARD,TAKEAWAY,5,7
TXN107300,S001,2024-10-06,12:01,Sunday,4,68.0,0.0,10.2,78.2,MADA,DINE_IN,5,6
TXN107301,S001,2024-10-06,12:19,Sunday,3,56.0,0.0,8.4,64.4,CREDIT_CARD,TAKEAWAY,4,10
TXN107302,S001,2024-10-06,10:27,Sunday,2,27.0,0.0,4.05,31.05,CASH,DRIVE_THRU,5,8
TXN107303,S001,2024-10-06,20:30,Sunday,2,50.0,0.0,7.5,57.5,MADA,DRIVE_THRU,4,6
TXN107304,S001,2024-10-06,18:52,Sunday,1,30.0,3.0,4.05,31.05,CREDIT_CARD,DRIVE_THRU,5,3
TXN107305,S001,2024-10-06,20:18,Sunday,3,54.0,5.4,7.29,55.89,MADA,DRIVE_THRU,5,3
TXN107306,S001,2024-10-06,12:47,Sunday,4,83.0,0.0,12.45,95.45,CASH,DELIVERY,5,34
TXN107307,S001,2024-10-06,13:23,Sunday,3,55.0,0.0,8.25,63.25,DEBIT_CARD,DINE_IN,4,14
TXN107308,S001,2024-10-06,21:31,Sunday,2,33.0,0.0,4.95,37.95,CREDIT_CARD,TAKEAWAY,4,14
TXN107309,S001,2024-10-06,13:53,Sunday,3,48.0,0.0,7.2,55.2,CASH,DINE_IN,5,7
TXN107310,S001,2024-10-06,12:24,Sunday,3,40.0,0.0,6.0,46.0,DIGITAL_WALLET,DRIVE_THRU,4,3
TXN107311,S001,2024-10-06,22:44,Sunday,1,30.0,0.0,4.5,34.5,DIGITAL_WALLET,DINE_IN,5,12
TXN107312,S001,2024-10-06,20:26,Sunday,2,40.0,0.0,6.0,46.0,CREDIT_CARD,TAKEAWAY,4,8
TXN107313,S001,2024-10-06,13:18,Sunday,2,47.0,0.0,7.05,54.05,DEBIT_CARD,DELIVERY,4,37
TXN107314,S001,2024-10-06,13:21,Sunday,2,22.0,0.0,3.3,25.3,DIGITAL_WALLET,DRIVE_THRU,4,8
TXN107315,S001,2024-10-06,19:22,Sunday,4,50.0,0.0,7.5,57.5,MADA,DRIVE_THRU,5,3
TXN107316,S001,2024-10-06,13:33,Sunday,2,44.0,0.0,6.6,50.6,DIGITAL_WALLET,DRIVE_THRU,4,7
TXN107317,S001,2024-10-06,19:43,Sunday,3,33.0,3.3,4.46,34.16,DIGITAL_WALLET,DINE_IN,3,6
TXN107318,S001,2024-10-06,14:21,Sunday,3,57.0,5.7,7.69,58.99,CASH,DRIVE_THRU,4,5
TXN107319,S001,2024-10-06,17:51,Sunday,4,65.0,0.0,9.75,74.75,CASH,DELIVERY,4,35
TXN107320,S001,2024-10-06,15:51,Sunday,2,62.0,0.0,9.3,71.3,CASH,DINE_IN,4,9
TXN107321,S001,2024-10-06,19:54,Sunday,2,38.0,0.0,5.7,43.7,DIGITAL_WALLET,DRIVE_THRU,5,7
TXN107322,S001,2024-10-06,20:31,Sunday,3,63.0,0.0,9.45,72.45,CASH,DINE_IN,4,14
TXN107323,S001,2024-10-06,19:31,Sunday,3,70.0,0.0,10.5,80.5,DIGITAL_WALLET,DRIVE_THRU,5,8
TXN107324,S001,2024-10-06,18:39,Sunday,4,67.0,0.0,10.05,77.05,CASH,DELIVERY,5,25
TXN107325,S001,2024-10-06,11:12,Sunday,2,40.0,4.0,5.4,41.4,CREDIT_CARD,DELIVERY,4,22
TXN107326,S001,2024-10-06,16:03,Sunday,4,66.0,0.0,9.9,75.9,DEBIT_CARD,DINE_IN,5,6
TXN107327,S001,2024-10-06,19:28,Sunday,4,68.0,0.0,10.2,78.2,MADA,DELIVERY,3,24
TXN107328,S001,2024-10-06,13:42,Sunday,2,42.0,0.0,6.3,48.3,MADA,DRIVE_THRU,5,4
TXN107329,S001,2024-10-06,12:50,Sunday,1,26.0,0.0,3.9,29.9,CREDIT_CARD,DINE_IN,3,13
TXN107330,S001,2024-10-06,18:58,Sunday,2,38.0,0.0,5.7,43.7,CASH,DRIVE_THRU,3,6
TXN107331,S001,2024-10-06,20:46,Sunday,3,49.0,0.0,7.35,56.35,DEBIT_CARD,DELIVERY,4,40
TXN107332,S001,2024-10-06,19:00,Sunday,3,50.0,0.0,7.5,57.5,CASH,TAKEAWAY,5,13
TXN107333,S001,2024-10-06,08:46,Sunday,4,49.0,0.0,7.35,56.35,DEBIT_CARD,DRIVE_THRU,5,4
TXN107334,S001,2024-10-06,13:41,Sunday,2,40.0,0.0,6.0,46.0,DIGITAL_WALLET,DELIVERY,3,21
TXN107335,S001,2024-10-06,19:43,Sunday,1,12.0,1.2,1.62,12.42,CREDIT_CARD,TAKEAWAY,5,8
TXN107336,S001,2024-10-06,13:30,Sunday,3,53.0,5.3,7.16,54.86,CASH,DRIVE_THRU,4,8
TXN107337,S001,2024-10-06,20:06,Sunday,4,89.0,0.0,13.35,102.35,DEBIT_CARD,DELIVERY,5,34
TXN107338,S001,2024-10-06,18:15,Sunday,3,66.0,6.6,8.91,68.31,DEBIT_CARD,DRIVE_THRU,5,3
TXN107339,S001,2024-10-06,12:53,Sunday,2,41.0,0.0,6.15,47.15,MADA,DRIVE_THRU,5,6
TXN107340,S001,2024-10-06,12:33,Sunday,3,54.0,0.0,8.1,62.1,CASH,DINE_IN,4,12
TXN107341,S001,2024-10-06,13:54,Sunday,4,102.0,0.0,15.3,117.3,DEBIT_CARD,DINE_IN,4,14
TXN107342,S001,2024-10-06,14:26,Sunday,3,36.0,0.0,5.4,41.4,DEBIT_CARD,DELIVERY,4,36
TXN107343,S001,2024-10-06,18:48,Sunday,4,102.0,0.0,15.3,117.3,MADA,DRIVE_THRU,5,5
TXN107344,S001,2024-10-06,13:46,Sunday,2,38.0,0.0,5.7,43.7,CREDIT_CARD,DRIVE_THRU,3,4
TXN107345,S001,2024-10-06,19:14,Sunday,4,75.0,0.0,11.25,86.25,CREDIT_CARD,DELIVERY,4,26
TXN107346,S001,2024-10-06,09:08,Sunday,3,58.0,0.0,8.7,66.7,MADA,TAKEAWAY,5,5
TXN107347,S001,2024-10-06,12:49,Sunday,3,66.0,0.0,9.9,75.9,CREDIT_CARD,DELIVERY,4,39
TXN107348,S001,2024-10-06,12:32,Sunday,5,131.0,0.0,19.65,150.65,MADA,TAKEAWAY,4,8
TXN107349,S001,2024-10-06,16:15,Sunday,1,30.0,0.0,4.5,34.5,MADA,TAKEAWAY,3,12
TXN107350,S001,2024-10-06,14:00,Sunday,1,18.0,0.0,2.7,20.7,DIGITAL_WALLET,TAKEAWAY,5,15
TXN107351,S001,2024-10-06,12:08,Sunday,3,60.0,0.0,9.0,69.0,DIGITAL_WALLET,DELIVERY,4,22
TXN107352,S001,2024-10-06,12:37,Sunday,1,26.0,0.0,3.9,29.9,CREDIT_CARD,TAKEAWAY,4,11
TXN107353,S001,2024-10-06,18:19,Sunday,1,25.0,0.0,3.75,28.75,DEBIT_CARD,DINE_IN,3,14
TXN107354,S001,2024-10-06,17:30,Sunday,3,69.0,0.0,10.35,79.35,CREDIT_CARD,TAKEAWAY,3,14
TXN107355,S001,2024-10-06,12:48,Sunday,2,53.0,0.0,7.95,60.95,MADA,DELIVERY,4,27
TXN107356,S001,2024-10-06,16:11,Sunday,3,68.0,0.0,10.2,78.2,CASH,DINE_IN,5,15
TXN107357,S001,2024-10-06,11:17,Sunday,4,64.0,0.0,9.6,73.6,DIGITAL_WALLET,DELIVERY,4,35
TXN107358,S001,2024-10-06,19:12,Sunday,4,78.0,7.8,10.53,80.73,MADA,DELIVERY,5,37
TXN107359,S001,2024-10-06,19:35,Sunday,3,81.0,0.0,12.15,93.15,DEBIT_CARD,DELIVERY,1,22
TXN107360,S001,2024-10-06,14:34,Sunday,3,55.0,0.0,8.25,63.25,DIGITAL_WALLET,DRIVE_THRU,5,6
TXN107361,S001,2024-10-06,19:09,Sunday,2,40.0,0.0,6.0,46.0,DIGITAL_WALLET,DELIVERY,4,23
TXN107362,S001,2024-10-06,13:31,Sunday,3,66.0,0.0,9.9,75.9,CASH,TAKEAWAY,3,9
TXN107363,S001,2024-10-06,21:35,Sunday,2,30.0,0.0,4.5,34.5,CASH,DELIVERY,4,28
TXN107364,S001,2024-10-06,20:58,Sunday,2,44.0,0.0,6.6,50.6,CREDIT_CARD,TAKEAWAY,2,13
TXN107365,S001,2024-10-06,13:18,Sunday,3,55.0,0.0,8.25,63.25,DIGITAL_WALLET,DELIVERY,1,22
TXN107366,S001,2024-10-06,18:24,Sunday,1,12.0,0.0,1.8,13.8,CASH,DINE_IN,5,12
TXN107367,S001,2024-10-06,19:06,Sunday,1,25.0,0.0,3.75,28.75,CREDIT_CARD,DRIVE_THRU,3,5
TXN107368,S001,2024-10-06,18:32,Sunday,2,30.0,0.0,4.5,34.5,CASH,DINE_IN,5,13
TXN107369,S002,2024-10-06,13:19,Sunday,3,58.0,0.0,8.7,66.7,DEBIT_CARD,DELIVERY,3,22
TXN107370,S002,2024-10-06,12:45,Sunday,2,44.0,0.0,6.6,50.6,CASH,TAKEAWAY,5,6
TXN107371,S002,2024-10-06,12:35,Sunday,2,42.0,0.0,6.3,48.3,CREDIT_CARD,DELIVERY,5,22
TXN107372,S002,2024-10-06,17:27,Sunday,3,74.0,0.0,11.1,85.1,DEBIT_CARD,TAKEAWAY,5,11
TXN107373,S002,2024-10-06,19:37,Sunday,2,23.0,0.0,3.45,26.45,MADA,TAKEAWAY,5,15
TXN107374,S002,2024-10-06,17:21,Sunday,3,56.0,0.0,8.4,64.4,MADA,TAKEAWAY,5,9
TXN107375,S002,2024-10-06,19:57,Sunday,2,22.0,2.2,2.97,22.77,DIGITAL_WALLET,DRIVE_THRU,3,8
TXN107376,S002,2024-10-06,17:29,Sunday,2,38.0,0.0,5.7,43.7,DIGITAL_WALLET,DRIVE_THRU,3,6
TXN107377,S002,2024-10-06,19:07,Sunday,2,42.0,0.0,6.3,48.3,MADA,DRIVE_THRU,4,3
TXN107378,S002,2024-10-06,16:25,Sunday,2,22.0,0.0,3.3,25.3,MADA,DRIVE_THRU,5,8
TXN107379,S002,2024-10-06,09:19,Sunday,3,38.0,0.0,5.7,43.7,DEBIT_CARD,DINE_IN,5,7
TXN107380,S002,2024-10-06,13:38,Sunday,4,98.0,0.0,14.7,112.7,CASH,DELIVERY,3,31
TXN107381,S002,2024-10-06,17:21,Sunday,4,77.0,0.0,11.55,88.55,CREDIT_CARD,DRIVE_THRU,4,3
TXN107382,S002,2024-10-06,17:46,Sunday,2,30.0,0.0,4.5,34.5,MADA,DRIVE_THRU,5,5
TXN107383,S002,2024-10-06,11:12,Sunday,2,42.0,0.0,6.3,48.3,MADA,DRIVE_THRU,5,7
TXN107384,S002,2024-10-06,12:37,Sunday,2,38.0,0.0,5.7,43.7,CREDIT_CARD,TAKEAWAY,2,5
TXN107385,S002,2024-10-06,14:41,Sunday,3,75.0,0.0,11.25,86.25,DIGITAL_WALLET,DELIVERY,3,32
TXN107386,S002,2024-10-06,23:06,Sunday,3,70.0,0.0,10.5,80.5,CREDIT_CARD,DELIVERY,3,27
TXN107387,S002,2024-10-06,13:29,Sunday,5,96.0,0.0,14.4,110.4,CASH,DELIVERY,3,30
TXN107388,S002,2024-10-06,19:25,Sunday,1,28.0,2.8,3.78,28.98,DIGITAL_WALLET,DINE_IN,4,5
TXN107389,S002,2024-10-06,17:34,Sunday,2,54.0,0.0,8.1,62.1,CASH,DELIVERY,3,22
TXN107390,S002,2024-10-06,13:07,Sunday,1,18.0,0.0,2.7,20.7,MADA,TAKEAWAY,3,13
TXN107391,S002,2024-10-06,19:46,Sunday,2,27.0,0.0,4.05,31.05,CASH,DELIVERY,4,33
TXN107392,S002,2024-10-06,17:25,Sunday,2,27.0,0.0,4.05,31.05,DEBIT_CARD,DINE_IN,4,10
TXN107393,S002,2024-10-06,13:24,Sunday,1,10.0,0.0,1.5,11.5,CREDIT_CARD,DELIVERY,4,40
TXN107394,S002,2024-10-06,18:31,Sunday,4,84.0,0.0,12.6,96.6,DIGITAL_WALLET,DINE_IN,5,6
TXN107395,S002,2024-10-06,19:12,Sunday,4,80.0,0.0,12.0,92.0,CASH,DRIVE_THRU,4,3
TXN107396,S002,2024-10-06,11:09,Sunday,3,55.0,0.0,8.25,63.25,DEBIT_CARD,DELIVERY,4,36
TXN107397,S002,2024-10-06,19:13,Sunday,4,68.0,0.0,10.2,78.2,MADA,TAKEAWAY,4,6
TXN107398,S002,2024-10-06,09:02,Sunday,3,60.0,0.0,9.0,69.0,DIGITAL_WALLET,DINE_IN,5,10
TXN107399,S002,2024-10-06,19:10,Sunday,3,55.0,0.0,8.25,63.25,DEBIT_CARD,DELIVERY,5,39
TXN107400,S002,2024-10-06,12:01,Sunday,3,34.0,0.0,5.1,39.1,CASH,DELIVERY,5,32
TXN107401,S002,2024-10-06,18:09,Sunday,2,38.0,0.0,5.7,43.7,MADA,TAKEAWAY,3,12
TXN107402,S002,2024-10-06,13:52,Sunday,3,54.0,0.0,8.1,62.1,DEBIT_CARD,DELIVERY,4,22
TXN107403,S002,2024-10-06,12:48,Sunday,3,44.0,0.0,6.6,50.6,CREDIT_CARD,DRIVE_THRU,5,5
TXN107404,S002,2024-10-06,13:25,Sunday,2,40.0,0.0,6.0,46.0,CASH,TAKEAWAY,5,12
TXN107405,S002,2024-10-06,15:38,Sunday,3,83.0,0.0,12.45,95.45,CASH,DINE_IN,1,8
TXN107406,S002,2024-10-06,11:20,Sunday,4,62.0,0.0,9.3,71.3,CASH,DELIVERY,1,28
TXN107407,S002,2024-10-06,16:32,Sunday,3,45.0,4.5,6.08,46.58,CREDIT_CARD,DRIVE_THRU,4,3
TXN107408,S002,2024-10-06,10:11,Sunday,1,18.0,0.0,2.7,20.7,DEBIT_CARD,DRIVE_THRU,3,6
TXN107409,S002,2024-10-06,17:56,Sunday,1,8.0,0.0,1.2,9.2,DEBIT_CARD,TAKEAWAY,5,14
TXN107410,S002,2024-10-06,17:41,Sunday,2,40.0,0.0,6.0,46.0,MADA,DINE_IN,5,11
TXN107411,S002,2024-10-06,18:00,Sunday,3,70.0,0.0,10.5,80.5,CREDIT_CARD,DRIVE_THRU,5,4
TXN107412,S002,2024-10-06,17:45,Sunday,2,40.0,0.0,6.0,46.0,DEBIT_CARD,DELIVERY,5,24
TXN107413,S002,2024-10-06,15:02,Sunday,2,38.0,0.0,5.7,43.7,CASH,TAKEAWAY,3,11
TXN107414,S002,2024-10-06,18:23,Sunday,4,49.0,0.0,7.35,56.35,DIGITAL_WALLET,TAKEAWAY,3,5
TXN107415,S002,2024-10-06,16:16,Sunday,4,68.0,0.0,10.2,78.2,CASH,TAKEAWAY,5,8
TXN107416,S002,2024-10-06,12:21,Sunday,3,41.0,0.0,6.15,47.15,DEBIT_CARD,DRIVE_THRU,4,8
TXN107417,S002,2024-10-06,09:47,Sunday,1,10.0,0.0,1.5,11.5,DIGITAL_WALLET,DELIVERY,1,26
TXN107418,S002,2024-10-06,17:51,Sunday,3,65.0,0.0,9.75,74.75,MADA,DINE_IN,3,8
TXN107419,S002,2024-10-06,11:58,Sunday,1,10.0,0.0,1.5,11.5,CREDIT_CARD,DELIVERY,5,29
TXN107420,S002,2024-10-06,18:20,Sunday,3,59.0,0.0,8.85,67.85,DIGITAL_WALLET,DINE_IN,4,6
TXN107421,S002,2024-10-06,23:28,Sunday,4,82.0,8.2,11.07,84.87,MADA,DRIVE_THRU,3,5
TXN107422,S002,2024-10-06,15:36,Sunday,3,65.0,0.0,9.75,74.75,CREDIT_CARD,DELIVERY,3,33
TXN107423,S002,2024-10-06,19:37,Sunday,2,27.0,2.7,3.65,27.95,CREDIT_CARD,DELIVERY,4,38
TXN107424,S002,2024-10-06,09:47,Sunday,4,102.0,0.0,15.3,117.3,DEBIT_CARD,DINE_IN,5,13
TXN107425,S002,2024-10-06,19:15,Sunday,3,45.0,0.0,6.75,51.75,DEBIT_CARD,DRIVE_THRU,4,4
TXN107426,S002,2024-10-06,13:22,Sunday,3,44.0,0.0,6.6,50.6,MADA,DELIVERY,3,27
TXN107427,S002,2024-10-06,19:46,Sunday,4,78.0,0.0,11.7,89.7,DIGITAL_WALLET,DRIVE_THRU,4,7
TXN107428,S002,2024-10-06,19:08,Sunday,1,28.0,2.8,3.78,28.98,DIGITAL_WALLET,DRIVE_THRU,4,3
TXN107429,S002,2024-10-06,11:11,Sunday,3,34.0,3.4,4.59,35.19,DEBIT_CARD,DELIVERY,5,22
TXN107430,S002,2024-10-06,19:32,Sunday,2,55.0,0.0,8.25,63.25,CASH,DRIVE_THRU,5,7
TXN107431,S002,2024-10-06,13:33,Sunday,3,52.0,0.0,7.8,59.8,CREDIT_CARD,TAKEAWAY,4,15
TXN107432,S002,2024-10-06,23:00,Sunday,3,64.0,0.0,9.6,73.6,DIGITAL_WALLET,DRIVE_THRU,5,5
TXN107433,S002,2024-10-06,19:37,Sunday,3,67.0,0.0,10.05,77.05,DEBIT_CARD,DRIVE_THRU,5,5
TXN107434,S002,2024-10-06,21:51,Sunday,2,50.0,0.0,7.5,57.5,CREDIT_CARD,DINE_IN,4,8
TXN107435,S002,2024-10-06,14:31,Sunday,3,56.0,0.0,8.4,64.4,DIGITAL_WALLET,DRIVE_THRU,5,3
TXN107436,S002,2024-10-06,11:57,Sunday,3,52.0,0.0,7.8,59.8,MADA,DINE_IN,3,9
TXN107437,S002,2024-10-06,13:31,Sunday,3,64.0,0.0,9.6,73.6,MADA,DELIVERY,4,38
TXN107438,S002,2024-10-06,09:54,Sunday,5,66.0,0.0,9.9,75.9,DIGITAL_WALLET,DRIVE_THRU,5,4
TXN107439,S002,2024-10-06,09:10,Sunday,4,82.0,0.0,12.3,94.3,DEBIT_CARD,DELIVERY,2,31
TXN107440,S002,2024-10-06,18:12,Sunday,3,85.0,0.0,12.75,97.75,DIGITAL_WALLET,DELIVERY,5,33
TXN107441,S002,2024-10-06,21:39,Sunday,4,84.0,0.0,12.6,96.6,DIGITAL_WALLET,DELIVERY,4,30
TXN107442,S002,2024-10-06,11:08,Sunday,3,67.0,0.0,10.05,77.05,DEBIT_CARD,DINE_IN,4,15
TXN107443,S002,2024-10-06,12:51,Sunday,2,43.0,0.0,6.45,49.45,CASH,DELIVERY,3,30
TXN107444,S002,2024-10-06,19:05,Sunday,3,56.0,0.0,8.4,64.4,MADA,TAKEAWAY,4,5
TXN107445,S002,2024-10-06,19:19,Sunday,3,50.0,0.0,7.5,57.5,DIGITAL_WALLET,DRIVE_THRU,3,3
TXN107446,S002,2024-10-06,11:28,Sunday,4,72.0,0.0,10.8,82.8,MADA,DINE_IN,5,7
TXN107447,S002,2024-10-06,12:36,Sunday,4,98.0,0.0,14.7,112.7,DIGITAL_WALLET,DINE_IN,4,15
TXN107448,S002,2024-10-06,09:27,Sunday,1,10.0,0.0,1.5,11.5,DIGITAL_WALLET,DELIVERY,3,26
TXN107449,S002,2024-10-06,18:50,Sunday,4,88.0,0.0,13.2,101.2,DEBIT_CARD,DRIVE_THRU,3,3
TXN107450,S002,2024-10-06,16:38,Sunday,3,75.0,0.0,11.25,86.25,DEBIT_CARD,DELIVERY,4,22
TXN107451,S002,2024-10-06,13:26,Sunday,1,12.0,1.2,1.62,12.42,DEBIT_CARD,DINE_IN,5,15
TXN107452,S002,2024-10-06,13:30,Sunday,3,72.0,0.0,10.8,82.8,CREDIT_CARD,TAKEAWAY,5,8
TXN107453,S002,2024-10-06,17:38,Sunday,3,60.0,0.0,9.0,69.0,DIGITAL_WALLET,DELIVERY,4,38
TXN107454,S002,2024-10-06,13:34,Sunday,1,26.0,2.6,3.51,26.91,DEBIT_CARD,DRIVE_THRU,5,6
TXN107455,S002,2024-10-06,18:32,Sunday,4,81.0,0.0,12.15,93.15,MADA,DRIVE_THRU,3,8
TXN107456,S002,2024-10-06,19:50,Sunday,4,77.0,0.0,11.55,88.55,CREDIT_CARD,DINE_IN,4,13
TXN107457,S002,2024-10-06,13:50,Sunday,2,62.0,0.0,9.3,71.3,DIGITAL_WALLET,DELIVERY,5,34
TXN107458,S002,2024-10-06,20:55,Sunday,2,56.0,0.0,8.4,64.4,CASH,DINE_IN,3,7
TXN107459,S002,2024-10-06,11:33,Sunday,3,48.0,0.0,7.2,55.2,DEBIT_CARD,DELIVERY,2,21
TXN107460,S002,2024-10-06,20:48,Sunday,3,59.0,0.0,8.85,67.85,CREDIT_CARD,TAKEAWAY,4,14
TXN107461,S002,2024-10-06,16:31,Sunday,1,28.0,0.0,4.2,32.2,DEBIT_CARD,TAKEAWAY,3,10
TXN107462,S002,2024-10-06,13:08,Sunday,3,83.0,0.0,12.45,95.45,CASH,DELIVERY,5,31
TXN107463,S002,2024-10-06,19:50,Sunday,4,90.0,0.0,13.5,103.5,DEBIT_CARD,DINE_IN,4,9
TXN107464,S002,2024-10-06,19:31,Sunday,3,54.0,0.0,8.1,62.1,MADA,TAKEAWAY,5,11
TXN107465,S002,2024-10-06,11:55,Sunday,3,48.0,0.0,7.2,55.2,DIGITAL_WALLET,DELIVERY,4,37
TXN107466,S002,2024-10-06,18:00,Sunday,1,32.0,0.0,4.8,36.8,CREDIT_CARD,DINE_IN,5,6
TXN107467,S002,2024-10-06,13:27,Sunday,4,80.0,0.0,12.0,92.0,DIGITAL_WALLET,DRIVE_THRU,4,4
TXN107468,S002,2024-10-06,18:46,Sunday,2,38.0,0.0,5.7,43.7,DEBIT_CARD,DELIVERY,4,36
TXN107469,S002,2024-10-06,18:51,Sunday,2,28.0,0.0,4.2,32.2,MADA,TAKEAWAY,4,10
TXN107470,S002,2024-10-06,21:43,Sunday,4,93.0,0.0,13.95,106.95,MADA,DINE_IN,4,9
TXN107471,S002,2024-10-06,12:07,Sunday,2,42.0,0.0,6.3,48.3,DIGITAL_WALLET,DINE_IN,1,9
TXN107472,S002,2024-10-06,13:59,Sunday,2,56.0,0.0,8.4,64.4,CASH,DELIVERY,3,21
TXN107473,S002,2024-10-06,13:06,Sunday,3,58.0,0.0,8.7,66.7,DEBIT_CARD,DRIVE_THRU,1,6
TXN107474,S002,2024-10-06,11:32,Sunday,2,43.0,0.0,6.45,49.45,CREDIT_CARD,DELIVERY,3,28
TXN107475,S002,2024-10-06,18:41,Sunday,2,62.0,0.0,9.3,71.3,CREDIT_CARD,TAKEAWAY,5,10
TXN107476,S002,2024-10-06,18:09,Sunday,3,52.0,0.0,7.8,59.8,CASH,DELIVERY,5,33
TXN107477,S002,2024-10-06,16:26,Sunday,3,53.0,0.0,7.95,60.95,CREDIT_CARD,TAKEAWAY,4,5
TXN107478,S002,2024-10-06,19:45,Sunday,2,40.0,4.0,5.4,41.4,CASH,DRIVE_THRU,4,7
TXN107479,S002,2024-10-06,19:17,Sunday,2,42.0,0.0,6.3,48.3,CASH,DELIVERY,4,35
TXN107480,S002,2024-10-06,13:04,Sunday,2,27.0,0.0,4.05,31.05,CREDIT_CARD,DRIVE_THRU,3,7
TXN107481,S002,2024-10-06,11:51,Sunday,3,66.0,0.0,9.9,75.9,CASH,DINE_IN,5,14
TXN107482,S002,2024-10-06,23:29,Sunday,3,78.0,0.0,11.7,89.7,MADA,DRIVE_THRU,5,6
TXN107483,S002,2024-10-06,18:50,Sunday,2,28.0,0.0,4.2,32.2,MADA,DELIVERY,5,37
TXN107484,S002,2024-10-06,14:25,Sunday,3,70.0,0.0,10.5,80.5,DEBIT_CARD,DELIVERY,4,31
TXN107485,S002,2024-10-06,19:23,Sunday,3,52.0,0.0,7.8,59.8,MADA,DRIVE_THRU,4,7
TXN107486,S002,2024-10-06,11:09,Sunday,4,78.0,0.0,11.7,89.7,MADA,DELIVERY,4,28
TXN107487,S002,2024-10-06,18:20,Sunday,3,66.0,0.0,9.9,75.9,CASH,TAKEAWAY,3,9
TXN107488,S002,2024-10-06,19:59,Sunday,3,90.0,0.0,13.5,103.5,DEBIT_CARD,DRIVE_THRU,4,3
TXN107489,S002,2024-10-06,22:16,Sunday,2,35.0,0.0,5.25,40.25,CREDIT_CARD,DINE_IN,5,14
TXN107490,S002,2024-10-06,10:33,Sunday,4,83.0,0.0,12.45,95.45,DEBIT_CARD,TAKEAWAY,3,14
TXN107491,S002,2024-10-06,12:49,Sunday,2,40.0,0.0,6.0,46.0,CASH,DELIVERY,3,26
TXN107492,S002,2024-10-06,19:38,Sunday,4,88.0,0.0,13.2,101.2,DIGITAL_WALLET,DINE_IN,4,9
TXN107493,S002,2024-10-06,19:22,Sunday,3,52.0,0.0,7.8,59.8,CREDIT_CARD,DRIVE_THRU,4,7
TXN107494,S002,2024-10-06,13:13,Sunday,5,88.0,0.0,13.2,101.2,CREDIT_CARD,DELIVERY,5,20
TXN107495,S002,2024-10-06,18:54,Sunday,2,40.0,0.0,6.0,46.0,MADA,DELIVERY,4,32
TXN107496,S002,2024-10-06,12:49,Sunday,3,45.0,0.0,6.75,51.75,CASH,TAKEAWAY,3,12
TXN107497,S002,2024-10-06,19:55,Sunday,4,71.0,0.0,10.65,81.65,MADA,DELIVERY,5,32
TXN107498,S002,2024-10-06,17:07,Sunday,3,59.0,0.0,8.85,67.85,DEBIT_CARD,TAKEAWAY,5,7
TXN107499,S002,2024-10-06,15:45,Sunday,2,30.0,3.0,4.05,31.05,CASH,DRIVE_THRU,4,3
TXN107500,S002,2024-10-06,13:02,Sunday,2,42.0,0.0,6.3,48.3,CASH,TAKEAWAY,2,5
TXN107501,S002,2024-10-06,13:57,Sunday,3,34.0,0.0,5.1,39.1,DEBIT_CARD,DINE_IN,4,6
TXN107502,S002,2024-10-06,19:29,Sunday,3,66.0,0.0,9.9,75.9,MADA,TAKEAWAY,5,5
TXN107503,S002,2024-10-06,18:26,Sunday,3,73.0,0.0,10.95,83.95,MADA,DINE_IN,5,12
TXN107504,S002,2024-10-06,15:37,Sunday,2,27.0,0.0,4.05,31.05,DEBIT_CARD,DINE_IN,5,11
TXN107505,S002,2024-10-06,23:03,Sunday,3,28.0,0.0,4.2,32.2,MADA,DELIVERY,5,29
TXN107506,S002,2024-10-06,13:08,Sunday,2,53.0,0.0,7.95,60.95,MADA,TAKEAWAY,4,10
TXN107507,S002,2024-10-06,12:27,Sunday,3,45.0,0.0,6.75,51.75,DIGITAL_WALLET,DELIVERY,5,35
TXN107508,S002,2024-10-06,20:26,Sunday,4,84.0,0.0,12.6,96.6,DEBIT_CARD,DELIVERY,3,34
TXN107509,S002,2024-10-06,19:13,Sunday,4,83.0,0.0,12.45,95.45,CASH,TAKEAWAY,4,5
TXN107510,S002,2024-10-06,19:25,Sunday,2,18.0,0.0,2.7,20.7,DIGITAL_WALLET,TAKEAWAY,5,6
TXN107511,S002,2024-10-06,08:23,Sunday,3,35.0,0.0,5.25,40.25,CREDIT_CARD,DELIVERY,3,29
TXN107512,S002,2024-10-06,12:23,Sunday,3,30.0,3.0,4.05,31.05,CASH,DELIVERY,3,22
TXN107513,S002,2024-10-06,19:25,Sunday,2,36.0,0.0,5.4,41.4,DIGITAL_WALLET,DINE_IN,4,6
TXN107514,S002,2024-10-06,10:16,Sunday,1,8.0,0.0,1.2,9.2,MADA,TAKEAWAY,4,11
TXN107515,S002,2024-10-06,11:40,Sunday,4,82.0,0.0,12.3,94.3,DIGITAL_WALLET,DRIVE_THRU,4,6
TXN107516,S002,2024-10-06,18:15,Sunday,4,81.0,8.1,10.94,83.84,MADA,DRIVE_THRU,4,7
TXN107517,S002,2024-10-06,13:09,Sunday,3,49.0,0.0,7.35,56.35,MADA,DINE_IN,3,8
TXN107518,S002,2024-10-06,12:53,Sunday,2,40.0,0.0,6.0,46.0,DEBIT_CARD,DELIVERY,4,27
TXN107519,S002,2024-10-06,19:13,Sunday,5,88.0,0.0,13.2,101.2,MADA,DINE_IN,4,14
TXN107520,S002,2024-10-06,17:07,Sunday,2,25.0,0.0,3.75,28.75,MADA,TAKEAWAY,5,5
TXN107521,S002,2024-10-06,19:19,Sunday,3,70.0,0.0,10.5,80.5,DEBIT_CARD,DRIVE_THRU,4,7
TXN107522,S002,2024-10-06,13:23,Sunday,3,58.0,0.0,8.7,66.7,DEBIT_CARD,TAKEAWAY,3,11
TXN107523,S002,2024-10-06,17:45,Sunday,2,33.0,0.0,4.95,37.95,DEBIT_CARD,DINE_IN,4,9
TXN107524,S002,2024-10-06,19:29,Sunday,5,94.0,0.0,14.1,108.1,CREDIT_CARD,TAKEAWAY,5,6
TXN107525,S002,2024-10-06,13:01,Sunday,4,62.0,6.2,8.37,64.17,DIGITAL_WALLET,DINE_IN,5,8
TXN107526,S002,2024-10-06,14:32,Sunday,5,68.0,0.0,10.2,78.2,DEBIT_CARD,DRIVE_THRU,5,6
TXN107527,S002,2024-10-06,13:10,Sunday,3,54.0,0.0,8.1,62.1,CASH,DRIVE_THRU,5,8
TXN107528,S002,2024-10-06,18:16,Sunday,3,48.0,4.8,6.48,49.68,CASH,DRIVE_THRU,3,8
TXN107529,S002,2024-10-06,13:56,Sunday,2,45.0,0.0,6.75,51.75,MADA,DINE_IN,5,12
TXN107530,S002,2024-10-06,22:42,Sunday,3,53.0,0.0,7.95,60.95,CASH,DINE_IN,4,5
TXN107531,S002,2024-10-06,20:39,Sunday,3,50.0,0.0,7.5,57.5,DIGITAL_WALLET,DINE_IN,5,14
TXN107532,S002,2024-10-06,18:24,Sunday,2,28.0,0.0,4.2,32.2,DIGITAL_WALLET,DELIVERY,5,28
TXN107533,S002,2024-10-06,18:57,Sunday,4,76.0,0.0,11.4,87.4,MADA,DINE_IN,4,10
TXN107534,S002,2024-10-06,12:37,Sunday,1,18.0,0.0,2.7,20.7,DIGITAL_WALLET,DINE_IN,3,10
TXN107535,S002,2024-10-06,17:53,Sunday,4,80.0,0.0,12.0,92.0,MADA,DRIVE_THRU,5,3
TXN107536,S002,2024-10-06,14:21,Sunday,4,67.0,0.0,10.05,77.05,DEBIT_CARD,DINE_IN,5,12
TXN107537,S002,2024-10-06,19:27,Sunday,3,52.0,0.0,7.8,59.8,MADA,DRIVE_THRU,4,5
TXN107538,S002,2024-10-06,22:14,Sunday,2,18.0,0.0,2.7,20.7,DEBIT_CARD,DELIVERY,4,21
TXN107539,S002,2024-10-06,08:11,Sunday,5,82.0,0.0,12.3,94.3,CREDIT_CARD,DINE_IN,5,12
TXN107540,S002,2024-10-06,20:23,Sunday,3,38.0,0.0,5.7,43.7,DIGITAL_WALLET,DELIVERY,3,26
TXN107541,S002,2024-10-06,12:42,Sunday,2,34.0,0.0,5.1,39.1,DEBIT_CARD,DRIVE_THRU,5,6
TXN107542,S002,2024-10-06,09:29,Sunday,2,33.0,0.0,4.95,37.95,MADA,DELIVERY,4,27
TXN107543,S002,2024-10-06,21:04,Sunday,2,50.0,0.0,7.5,57.5,DEBIT_CARD,TAKEAWAY,4,14
TXN107544,S002,2024-10-06,12:08,Sunday,3,57.0,0.0,8.55,65.55,MADA,DELIVERY,4,23
TXN107545,S002,2024-10-06,15:49,Sunday,4,78.0,0.0,11.7,89.7,MADA,DINE_IN,5,8
TXN107546,S002,2024-10-06,12:27,Sunday,3,57.0,0.0,8.55,65.55,CASH,DINE_IN,4,10
TXN107547,S002,2024-10-06,13:02,Sunday,4,88.0,0.0,13.2,101.2,DIGITAL_WALLET,DINE_IN,2,12
TXN107548,S002,2024-10-06,17:47,Sunday,2,40.0,0.0,6.0,46.0,CASH,TAKEAWAY,3,12
TXN107549,S002,2024-10-06,15:13,Sunday,4,76.0,7.6,10.26,78.66,CREDIT_CARD,DELIVERY,4,33
TXN107550,S002,2024-10-06,13:28,Sunday,3,50.0,5.0,6.75,51.75,CREDIT_CARD,DINE_IN,3,9
TXN107551,S002,2024-10-06,08:31,Sunday,2,34.0,3.4,4.59,35.19,MADA,DELIVERY,5,29
TXN107552,S002,2024-10-06,12:04,Sunday,2,27.0,0.0,4.05,31.05,CASH,DINE_IN,5,9
TXN107553,S002,2024-10-06,08:19,Sunday,2,40.0,0.0,6.0,46.0,CASH,DINE_IN,4,13
TXN107554,S002,2024-10-06,15:59,Sunday,4,83.0,0.0,12.45,95.45,DEBIT_CARD,DINE_IN,5,5
TXN107555,S002,2024-10-06,10:29,Sunday,2,28.0,0.0,4.2,32.2,DIGITAL_WALLET,DINE_IN,4,8
TXN107556,S002,2024-10-06,12:07,Sunday,3,73.0,0.0,10.95,83.95,MADA,TAKEAWAY,5,13
TXN107557,S002,2024-10-06,10:29,Sunday,4,75.0,0.0,11.25,86.25,CREDIT_CARD,DRIVE_THRU,3,4
TXN107558,S002,2024-10-06,18:20,Sunday,3,66.0,0.0,9.9,75.9,DIGITAL_WALLET,DELIVERY,5,36
TXN107559,S002,2024-10-06,21:30,Sunday,5,88.0,0.0,13.2,101.2,CASH,DRIVE_THRU,4,4
TXN107560,S002,2024-10-06,18:45,Sunday,4,52.0,0.0,7.8,59.8,MADA,DINE_IN,4,13
TXN107561,S002,2024-10-06,18:18,Sunday,2,23.0,0.0,3.45,26.45,DIGITAL_WALLET,DRIVE_THRU,4,4
TXN107562,S002,2024-10-06,14:14,Sunday,3,40.0,0.0,6.0,46.0,DIGITAL_WALLET,DRIVE_THRU,2,3
TXN107563,S002,2024-10-06,12:20,Sunday,2,53.0,0.0,7.95,60.95,CASH,DINE_IN,5,9
TXN107564,S002,2024-10-06,21:33,Sunday,3,56.0,0.0,8.4,64.4,CREDIT_CARD,DRIVE_THRU,3,7
TXN107565,S002,2024-10-06,14:43,Sunday,5,109.0,0.0,16.35,125.35,CREDIT_CARD,DELIVERY,4,35
TXN107566,S002,2024-10-06,19:07,Sunday,1,25.0,2.5,3.38,25.88,DIGITAL_WALLET,DRIVE_THRU,5,7
TXN107567,S002,2024-10-06,20:53,Sunday,3,90.0,0.0,13.5,103.5,CASH,TAKEAWAY,4,5
TXN107568,S002,2024-10-06,19:01,Sunday,2,30.0,0.0,4.5,34.5,DIGITAL_WALLET,DRIVE_THRU,3,7
TXN107569,S002,2024-10-06,20:01,Sunday,3,83.0,0.0,12.45,95.45,MADA,DINE_IN,3,15
TXN107570,S002,2024-10-06,16:04,Sunday,3,76.0,7.6,10.26,78.66,CREDIT_CARD,DELIVERY,5,22
TXN107571,S002,2024-10-06,17:48,Sunday,1,12.0,0.0,1.8,13.8,DIGITAL_WALLET,DELIVERY,5,22
TXN107572,S002,2024-10-06,13:01,Sunday,3,32.0,0.0,4.8,36.8,CASH,DINE_IN,5,9
TXN107573,S002,2024-10-06,12:21,Sunday,2,44.0,0.0,6.6,50.6,CASH,DELIVERY,4,39
TXN107574,S002,2024-10-06,12:47,Sunday,3,66.0,0.0,9.9,75.9,MADA,TAKEAWAY,4,12
TXN107575,S002,2024-10-06,19:10,Sunday,4,78.0,0.0,11.7,89.7,MADA,DRIVE_THRU,4,6
TXN107576,S002,2024-10-06,13:10,Sunday,3,70.0,0.0,10.5,80.5,CREDIT_CARD,DELIVERY,5,27
TXN107577,S002,2024-10-06,13:33,Sunday,4,74.0,0.0,11.1,85.1,DEBIT_CARD,DINE_IN,4,9
TXN107578,S002,2024-10-06,20:47,Sunday,5,59.0,0.0,8.85,67.85,DIGITAL_WALLET,DRIVE_THRU,4,6
TXN107579,S002,2024-10-06,20:20,Sunday,4,86.0,0.0,12.9,98.9,DIGITAL_WALLET,DELIVERY,5,33
TXN107580,S002,2024-10-06,13:06,Sunday,2,58.0,5.8,7.83,60.03,DEBIT_CARD,DINE_IN,3,13
TXN107581,S003,2024-10-06,12:00,Sunday,2,44.0,0.0,6.6,50.6,MADA,DRIVE_THRU,5,4
TXN107582,S003,2024-10-06,13:19,Sunday,2,45.0,4.5,6.08,46.58,CASH,TAKEAWAY,4,10
TXN107583,S003,2024-10-06,17:59,Sunday,3,71.0,0.0,10.65,81.65,DIGITAL_WALLET,DELIVERY,4,31
TXN107584,S003,2024-10-06,10:29,Sunday,1,12.0,0.0,1.8,13.8,CREDIT_CARD,DINE_IN,1,7
TXN107585,S003,2024-10-06,17:12,Sunday,4,77.0,0.0,11.55,88.55,DEBIT_CARD,DELIVERY,4,21
TXN107586,S003,2024-10-06,15:53,Sunday,3,52.0,0.0,7.8,59.8,MADA,DINE_IN,3,12
TXN107587,S003,2024-10-06,22:43,Sunday,2,38.0,3.8,5.13,39.33,CASH,DELIVERY,4,38
TXN107588,S003,2024-10-06,21:30,Sunday,3,70.0,0.0,10.5,80.5,MADA,TAKEAWAY,4,7
TXN107589,S003,2024-10-06,22:09,Sunday,4,77.0,0.0,11.55,88.55,MADA,DRIVE_THRU,5,6
TXN107590,S003,2024-10-06,17:37,Sunday,4,81.0,0.0,12.15,93.15,DEBIT_CARD,TAKEAWAY,5,8
TXN107591,S003,2024-10-06,19:30,Sunday,2,42.0,0.0,6.3,48.3,DEBIT_CARD,DRIVE_THRU,5,8
TXN107592,S003,2024-10-06,14:23,Sunday,3,55.0,0.0,8.25,63.25,DEBIT_CARD,TAKEAWAY,4,6
TXN107593,S003,2024-10-06,23:02,Sunday,1,10.0,0.0,1.5,11.5,DIGITAL_WALLET,DELIVERY,2,28
TXN107594,S003,2024-10-06,23:31,Sunday,2,30.0,0.0,4.5,34.5,DEBIT_CARD,DINE_IN,5,7
TXN107595,S003,2024-10-06,19:51,Sunday,3,46.0,0.0,6.9,52.9,CASH,TAKEAWAY,5,14
TXN107596,S003,2024-10-06,19:45,Sunday,1,8.0,0.0,1.2,9.2,CREDIT_CARD,DRIVE_THRU,5,4
TXN107597,S003,2024-10-06,13:03,Sunday,3,54.0,0.0,8.1,62.1,CREDIT_CARD,DRIVE_THRU,5,4
TXN107598,S003,2024-10-06,12:08,Sunday,3,72.0,0.0,10.8,82.8,DEBIT_CARD,DRIVE_THRU,4,8
TXN107599,S003,2024-10-06,19:33,Sunday,4,116.0,0.0,17.4,133.4,CREDIT_CARD,DRIVE_THRU,4,4
TXN107600,S003,2024-10-06,18:41,Sunday,4,83.0,0.0,12.45,95.45,DEBIT_CARD,TAKEAWAY,5,12
TXN107601,S003,2024-10-06,12:32,Sunday,2,58.0,0.0,8.7,66.7,CREDIT_CARD,DELIVERY,4,35
TXN107602,S003,2024-10-06,18:05,Sunday,2,42.0,0.0,6.3,48.3,MADA,DINE_IN,5,6
TXN107603,S003,2024-10-06,12:28,Sunday,1,8.0,0.0,1.2,9.2,CREDIT_CARD,TAKEAWAY,4,8
TXN107604,S003,2024-10-06,22:27,Sunday,3,49.0,0.0,7.35,56.35,CASH,DINE_IN,5,10
TXN107605,S003,2024-10-06,19:28,Sunday,3,54.0,0.0,8.1,62.1,CASH,DRIVE_THRU,3,6
TXN107606,S003,2024-10-06,21:59,Sunday,2,34.0,3.4,4.59,35.19,DEBIT_CARD,DINE_IN,4,12
TXN107607,S003,2024-10-06,14:15,Sunday,3,58.0,5.8,7.83,60.03,DEBIT_CARD,DELIVERY,5,40
TXN107608,S003,2024-10-06,19:56,Sunday,1,26.0,0.0,3.9,29.9,CREDIT_CARD,DELIVERY,4,38
TXN107609,S003,2024-10-06,18:23,Sunday,2,38.0,3.8,5.13,39.33,DEBIT_CARD,TAKEAWAY,1,15
TXN107610,S003,2024-10-06,14:48,Sunday,5,90.0,0.0,13.5,103.5,MADA,TAKEAWAY,5,14
TXN107611,S003,2024-10-06,19:29,Sunday,4,87.0,0.0,13.05,100.05,CASH,DINE_IN,5,6
TXN107612,S003,2024-10-06,18:40,Sunday,4,78.0,0.0,11.7,89.7,CREDIT_CARD,DRIVE_THRU,4,5
TXN107613,S003,2024-10-06,12:44,Sunday,3,65.0,0.0,9.75,74.75,DEBIT_CARD,TAKEAWAY,2,7
TXN107614,S003,2024-10-06,13:45,Sunday,2,58.0,5.8,7.83,60.03,DIGITAL_WALLET,DRIVE_THRU,5,4
TXN107615,S003,2024-10-06,12:37,Sunday,4,78.0,0.0,11.7,89.7,MADA,DELIVERY,3,33
TXN107616,S003,2024-10-06,19:44,Sunday,3,43.0,0.0,6.45,49.45,DIGITAL_WALLET,DRIVE_THRU,4,3
TXN107617,S003,2024-10-06,08:06,Sunday,2,40.0,4.0,5.4,41.4,CASH,DINE_IN,4,10
TXN107618,S003,2024-10-06,12:55,Sunday,2,22.0,0.0,3.3,25.3,CASH,DELIVERY,5,26
TXN107619,S003,2024-10-06,18:09,Sunday,1,18.0,0.0,2.7,20.7,CREDIT_CARD,DELIVERY,4,24
TXN107620,S003,2024-10-06,18:40,Sunday,3,70.0,0.0,10.5,80.5,CREDIT_CARD,DINE_IN,2,11
TXN107621,S003,2024-10-06,13:33,Sunday,4,66.0,0.0,9.9,75.9,MADA,DRIVE_THRU,5,8
TXN107622,S003,2024-10-06,12:25,Sunday,3,52.0,0.0,7.8,59.8,CREDIT_CARD,TAKEAWAY,3,13
TXN107623,S003,2024-10-06,18:36,Sunday,3,68.0,0.0,10.2,78.2,DIGITAL_WALLET,TAKEAWAY,4,14
TXN107624,S003,2024-10-06,12:03,Sunday,1,25.0,0.0,3.75,28.75,DEBIT_CARD,DRIVE_THRU,5,7
TXN107625,S003,2024-10-06,13:09,Sunday,3,66.0,0.0,9.9,75.9,CREDIT_CARD,DRIVE_THRU,4,3
TXN107626,S003,2024-10-06,19:24,Sunday,2,28.0,2.8,3.78,28.98,MADA,DRIVE_THRU,5,4
TXN107627,S003,2024-10-06,18:55,Sunday,2,45.0,0.0,6.75,51.75,CASH,TAKEAWAY,4,7
TXN107628,S003,2024-10-06,23:37,Sunday,3,57.0,0.0,8.55,65.55,CASH,DRIVE_THRU,4,3
TXN107629,S003,2024-10-06,13:42,Sunday,1,12.0,0.0,1.8,13.8,CASH,TAKEAWAY,4,15
TXN107630,S003,2024-10-06,18:31,Sunday,2,22.0,0.0,3.3,25.3,MADA,DRIVE_THRU,4,5
TXN107631,S003,2024-10-06,09:29,Sunday,4,87.0,0.0,13.05,100.05,DIGITAL_WALLET,TAKEAWAY,5,12
TXN107632,S003,2024-10-06,19:26,Sunday,2,28.0,0.0,4.2,32.2,CREDIT_CARD,DINE_IN,5,6
TXN107633,S003,2024-10-06,19:08,Sunday,2,57.0,0.0,8.55,65.55,DEBIT_CARD,DELIVERY,5,23
TXN107634,S003,2024-10-06,16:51,Sunday,4,60.0,0.0,9.0,69.0,CREDIT_CARD,DRIVE_THRU,2,6
TXN107635,S003,2024-10-06,19:46,Sunday,2,48.0,0.0,7.2,55.2,CREDIT_CARD,DELIVERY,1,36
TXN107636,S003,2024-10-06,19:18,Sunday,3,49.0,0.0,7.35,56.35,MADA,DRIVE_THRU,4,3
TXN107637,S003,2024-10-06,14:56,Sunday,2,36.0,0.0,5.4,41.4,CREDIT_CARD,TAKEAWAY,4,5
TXN107638,S003,2024-10-06,12:07,Sunday,4,80.0,0.0,12.0,92.0,CASH,DRIVE_THRU,4,4
TXN107639,S003,2024-10-06,19:36,Sunday,2,25.0,0.0,3.75,28.75,CASH,TAKEAWAY,4,8
TXN107640,S003,2024-10-06,20:32,Sunday,2,42.0,0.0,6.3,48.3,MADA,TAKEAWAY,4,8
TXN107641,S003,2024-10-06,19:33,Sunday,3,48.0,0.0,7.2,55.2,CASH,TAKEAWAY,4,5
TXN107642,S003,2024-10-06,19:18,Sunday,4,80.0,0.0,12.0,92.0,CASH,DELIVERY,5,27
TXN107643,S003,2024-10-06,19:29,Sunday,2,40.0,0.0,6.0,46.0,DEBIT_CARD,DINE_IN,4,10
TXN107644,S003,2024-10-06,23:41,Sunday,4,91.0,0.0,13.65,104.65,CREDIT_CARD,DRIVE_THRU,5,5
TXN107645,S003,2024-10-06,19:25,Sunday,3,45.0,0.0,6.75,51.75,MADA,DINE_IN,3,9
TXN107646,S003,2024-10-06,16:05,Sunday,3,46.0,4.6,6.21,47.61,DIGITAL_WALLET,TAKEAWAY,4,9
TXN107647,S003,2024-10-06,17:41,Sunday,5,73.0,0.0,10.95,83.95,MADA,DELIVERY,5,23
TXN107648,S003,2024-10-06,12:49,Sunday,4,62.0,0.0,9.3,71.3,DIGITAL_WALLET,DINE_IN,4,8
TXN107649,S003,2024-10-06,19:55,Sunday,4,68.0,0.0,10.2,78.2,DIGITAL_WALLET,DELIVERY,3,28
TXN107650,S003,2024-10-06,18:53,Sunday,2,38.0,0.0,5.7,43.7,DEBIT_CARD,DELIVERY,2,29
TXN107651,S003,2024-10-06,12:40,Sunday,3,46.0,0.0,6.9,52.9,CASH,DELIVERY,5,22
TXN107652,S003,2024-10-06,18:06,Sunday,3,56.0,5.6,7.56,57.96,DEBIT_CARD,DELIVERY,5,37
TXN107653,S003,2024-10-06,11:19,Sunday,5,90.0,0.0,13.5,103.5,DIGITAL_WALLET,DRIVE_THRU,5,5
TXN107654,S003,2024-10-06,11:31,Sunday,4,88.0,0.0,13.2,101.2,DIGITAL_WALLET,DELIVERY,5,25
TXN107655,S003,2024-10-06,13:26,Sunday,3,28.0,0.0,4.2,32.2,DEBIT_CARD,TAKEAWAY,3,5
TXN107656,S003,2024-10-06,13:07,Sunday,3,55.0,0.0,8.25,63.25,DIGITAL_WALLET,DELIVERY,5,33
TXN107657,S003,2024-10-06,15:56,Sunday,3,60.0,0.0,9.0,69.0,CREDIT_CARD,TAKEAWAY,4,12
TXN107658,S003,2024-10-06,14:22,Sunday,4,67.0,0.0,10.05,77.05,CASH,DRIVE_THRU,5,6
TXN107659,S003,2024-10-06,14:05,Sunday,1,26.0,0.0,3.9,29.9,CREDIT_CARD,DELIVERY,3,39
TXN107660,S003,2024-10-06,19:48,Sunday,3,76.0,0.0,11.4,87.4,MADA,DRIVE_THRU,5,8
TXN107661,S003,2024-10-06,18:52,Sunday,3,60.0,0.0,9.0,69.0,DIGITAL_WALLET,DELIVERY,5,26
TXN107662,S003,2024-10-06,11:55,Sunday,4,77.0,0.0,11.55,88.55,CREDIT_CARD,DELIVERY,4,34
TXN107663,S003,2024-10-06,22:35,Sunday,2,22.0,2.2,2.97,22.77,MADA,DELIVERY,5,27
TXN107664,S003,2024-10-06,18:17,Sunday,1,26.0,0.0,3.9,29.9,DIGITAL_WALLET,DELIVERY,5,25
TXN107665,S003,2024-10-06,18:34,Sunday,2,33.0,0.0,4.95,37.95,CREDIT_CARD,DINE_IN,4,9
TXN107666,S003,2024-10-06,15:00,Sunday,3,68.0,0.0,10.2,78.2,CASH,DINE_IN,5,11
TXN107667,S003,2024-10-06,08:23,Sunday,3,65.0,0.0,9.75,74.75,DIGITAL_WALLET,DINE_IN,5,7
TXN107668,S003,2024-10-06,12:46,Sunday,3,50.0,0.0,7.5,57.5,DIGITAL_WALLET,DELIVERY,4,24
TXN107669,S003,2024-10-06,18:22,Sunday,2,28.0,0.0,4.2,32.2,CASH,DELIVERY,4,22
TXN107670,S003,2024-10-06,16:28,Sunday,4,65.0,0.0,9.75,74.75,DEBIT_CARD,DELIVERY,4,39
TXN107671,S003,2024-10-06,13:44,Sunday,4,85.0,8.5,11.47,87.97,CASH,DELIVERY,4,26
TXN107672,S003,2024-10-06,13:34,Sunday,2,42.0,4.2,5.67,43.47,DIGITAL_WALLET,TAKEAWAY,2,12
TXN107673,S003,2024-10-06,18:01,Sunday,2,22.0,0.0,3.3,25.3,DEBIT_CARD,DRIVE_THRU,1,8
TXN107674,S003,2024-10-06,19:29,Sunday,3,67.0,0.0,10.05,77.05,DEBIT_CARD,DRIVE_THRU,5,4
TXN107675,S003,2024-10-06,17:15,Sunday,2,46.0,0.0,6.9,52.9,CREDIT_CARD,DINE_IN,3,13
TXN107676,S003,2024-10-06,19:34,Sunday,5,87.0,0.0,13.05,100.05,CREDIT_CARD,TAKEAWAY,1,7
TXN107677,S003,2024-10-06,22:27,Sunday,3,47.0,0.0,7.05,54.05,MADA,TAKEAWAY,3,13
TXN107678,S003,2024-10-06,18:42,Sunday,5,104.0,0.0,15.6,119.6,DIGITAL_WALLET,DRIVE_THRU,5,3
TXN107679,S003,2024-10-06,19:48,Sunday,3,55.0,0.0,8.25,63.25,DEBIT_CARD,DRIVE_THRU,3,5
TXN107680,S003,2024-10-06,12:34,Sunday,2,36.0,0.0,5.4,41.4,CREDIT_CARD,DELIVERY,3,34
TXN107681,S003,2024-10-06,19:25,Sunday,4,85.0,0.0,12.75,97.75,CREDIT_CARD,DRIVE_THRU,4,8
TXN107682,S003,2024-10-06,20:19,Sunday,2,22.0,2.2,2.97,22.77,CASH,DINE_IN,3,8
TXN107683,S003,2024-10-06,19:42,Sunday,2,40.0,0.0,6.0,46.0,DEBIT_CARD,TAKEAWAY,4,13
TXN107684,S003,2024-10-06,13:44,Sunday,3,43.0,0.0,6.45,49.45,DIGITAL_WALLET,TAKEAWAY,3,11
TXN107685,S003,2024-10-06,22:52,Sunday,2,37.0,0.0,5.55,42.55,DIGITAL_WALLET,TAKEAWAY,3,5
TXN107686,S003,2024-10-06,20:11,Sunday,2,30.0,0.0,4.5,34.5,CASH,TAKEAWAY,5,8
TXN107687,S003,2024-10-06,12:26,Sunday,2,44.0,0.0,6.6,50.6,CREDIT_CARD,DELIVERY,4,29
TXN107688,S003,2024-10-06,13:51,Sunday,4,78.0,0.0,11.7,89.7,MADA,DINE_IN,4,5
TXN107689,S003,2024-10-06,20:03,Sunday,2,48.0,0.0,7.2,55.2,CASH,DINE_IN,4,5
TXN107690,S003,2024-10-06,14:14,Sunday,3,45.0,0.0,6.75,51.75,CASH,DRIVE_THRU,4,6
TXN107691,S003,2024-10-06,18:28,Sunday,3,52.0,0.0,7.8,59.8,MADA,TAKEAWAY,2,9
TXN107692,S003,2024-10-06,13:43,Sunday,2,20.0,0.0,3.0,23.0,CASH,DRIVE_THRU,4,6
TXN107693,S003,2024-10-06,18:37,Sunday,2,48.0,0.0,7.2,55.2,DIGITAL_WALLET,DELIVERY,3,30
TXN107694,S003,2024-10-06,16:37,Sunday,5,117.0,0.0,17.55,134.55,DEBIT_CARD,DRIVE_THRU,4,4
TXN107695,S003,2024-10-06,12:05,Sunday,2,60.0,0.0,9.0,69.0,CREDIT_CARD,TAKEAWAY,5,15
TXN107696,S003,2024-10-06,16:10,Sunday,2,38.0,0.0,5.7,43.7,DIGITAL_WALLET,DINE_IN,2,9
TXN107697,S003,2024-10-06,12:06,Sunday,2,25.0,0.0,3.75,28.75,DIGITAL_WALLET,DRIVE_THRU,4,5
TXN107698,S003,2024-10-06,21:13,Sunday,5,73.0,0.0,10.95,83.95,DIGITAL_WALLET,DINE_IN,4,13
TXN107699,S003,2024-10-06,12:25,Sunday,2,37.0,3.7,4.99,38.29,DIGITAL_WALLET,DINE_IN,3,12
TXN107700,S003,2024-10-06,15:03,Sunday,5,65.0,0.0,9.75,74.75,DIGITAL_WALLET,DELIVERY,5,21
TXN107701,S003,2024-10-06,12:23,Sunday,3,67.0,0.0,10.05,77.05,DIGITAL_WALLET,TAKEAWAY,3,9
TXN107702,S003,2024-10-06,19:05,Sunday,3,63.0,0.0,9.45,72.45,CASH,DRIVE_THRU,4,7
TXN107703,S003,2024-10-06,12:16,Sunday,4,68.0,0.0,10.2,78.2,MADA,DINE_IN,2,13
TXN107704,S003,2024-10-06,19:28,Sunday,3,30.0,0.0,4.5,34.5,DEBIT_CARD,DINE_IN,5,7
TXN107705,S003,2024-10-06,16:43,Sunday,3,59.0,0.0,8.85,67.85,MADA,TAKEAWAY,5,8
TXN107706,S003,2024-10-06,22:55,Sunday,2,20.0,0.0,3.0,23.0,DIGITAL_WALLET,DELIVERY,4,22
TXN107707,S003,2024-10-06,19:07,Sunday,2,40.0,4.0,5.4,41.4,DIGITAL_WALLET,DINE_IN,4,8
TXN107708,S003,2024-10-06,13:02,Sunday,4,68.0,0.0,10.2,78.2,DIGITAL_WALLET,DINE_IN,5,6
TXN107709,S003,2024-10-06,18:54,Sunday,2,24.0,0.0,3.6,27.6,CASH,DRIVE_THRU,4,8
TXN107710,S003,2024-10-06,15:02,Sunday,3,57.0,0.0,8.55,65.55,DIGITAL_WALLET,DELIVERY,4,24
TXN107711,S003,2024-10-06,18:22,Sunday,1,12.0,0.0,1.8,13.8,DIGITAL_WALLET,DRIVE_THRU,3,7
TXN107712,S003,2024-10-06,19:47,Sunday,2,18.0,0.0,2.7,20.7,DEBIT_CARD,DRIVE_THRU,1,6
TXN107713,S003,2024-10-06,16:16,Sunday,3,72.0,0.0,10.8,82.8,CREDIT_CARD,DELIVERY,4,23
TXN107714,S003,2024-10-06,11:04,Sunday,2,38.0,0.0,5.7,43.7,DEBIT_CARD,DRIVE_THRU,4,6
TXN107715,S003,2024-10-06,13:40,Sunday,3,74.0,0.0,11.1,85.1,CASH,TAKEAWAY,4,5
TXN107716,S003,2024-10-06,20:11,Sunday,3,70.0,0.0,10.5,80.5,CASH,DELIVERY,4,39
TXN107717,S003,2024-10-06,16:57,Sunday,3,65.0,6.5,8.78,67.28,MADA,DRIVE_THRU,4,3
TXN107718,S003,2024-10-06,10:15,Sunday,2,22.0,0.0,3.3,25.3,MADA,DRIVE_THRU,3,6
TXN107719,S003,2024-10-06,13:08,Sunday,2,25.0,0.0,3.75,28.75,MADA,DINE_IN,3,12
TXN107720,S003,2024-10-06,19:48,Sunday,3,77.0,0.0,11.55,88.55,DIGITAL_WALLET,DELIVERY,4,34
TXN107721,S003,2024-10-06,18:34,Sunday,1,30.0,0.0,4.5,34.5,DIGITAL_WALLET,DRIVE_THRU,4,3
TXN107722,S003,2024-10-06,16:48,Sunday,3,56.0,0.0,8.4,64.4,CASH,DINE_IN,5,13
TXN107723,S003,2024-10-06,19:20,Sunday,1,25.0,0.0,3.75,28.75,DEBIT_CARD,DRIVE_THRU,3,8
TXN107724,S003,2024-10-06,11:10,Sunday,1,8.0,0.0,1.2,9.2,CREDIT_CARD,DRIVE_THRU,4,5
TXN107725,S003,2024-10-06,13:56,Sunday,4,75.0,0.0,11.25,86.25,CREDIT_CARD,DRIVE_THRU,3,5
TXN107726,S003,2024-10-06,18:22,Sunday,3,81.0,0.0,12.15,93.15,DEBIT_CARD,DELIVERY,5,39
TXN107727,S003,2024-10-06,12:03,Sunday,5,90.0,0.0,13.5,103.5,CASH,DELIVERY,5,21
TXN107728,S003,2024-10-06,19:44,Sunday,3,39.0,0.0,5.85,44.85,CREDIT_CARD,TAKEAWAY,4,10
TXN107729,S003,2024-10-06,11:02,Sunday,3,50.0,0.0,7.5,57.5,CREDIT_CARD,DELIVERY,5,31
TXN107730,S003,2024-10-06,14:56,Sunday,4,77.0,0.0,11.55,88.55,CASH,DELIVERY,4,34
TXN107731,S003,2024-10-06,13:20,Sunday,3,48.0,0.0,7.2,55.2,DIGITAL_WALLET,DINE_IN,5,6
TXN107732,S003,2024-10-06,12:55,Sunday,1,15.0,0.0,2.25,17.25,CASH,TAKEAWAY,5,6
TXN107733,S003,2024-10-06,12:41,Sunday,4,71.0,0.0,10.65,81.65,CREDIT_CARD,TAKEAWAY,3,6
TXN107734,S003,2024-10-06,13:37,Sunday,3,66.0,0.0,9.9,75.9,MADA,DELIVERY,2,38
TXN107735,S003,2024-10-06,18:41,Sunday,3,47.0,0.0,7.05,54.05,CREDIT_CARD,DINE_IN,5,8
TXN107736,S003,2024-10-06,18:20,Sunday,3,86.0,0.0,12.9,98.9,MADA,DINE_IN,5,6
TXN107737,S003,2024-10-06,19:45,Sunday,2,43.0,0.0,6.45,49.45,CASH,DELIVERY,5,24
TXN107738,S003,2024-10-06,12:55,Sunday,2,42.0,4.2,5.67,43.47,CASH,DINE_IN,5,13
TXN107739,S003,2024-10-06,17:59,Sunday,1,15.0,0.0,2.25,17.25,MADA,DRIVE_THRU,4,3
TXN107740,S003,2024-10-06,19:55,Sunday,1,8.0,0.0,1.2,9.2,DEBIT_CARD,DELIVERY,3,40
TXN107741,S003,2024-10-06,20:51,Sunday,3,51.0,0.0,7.65,58.65,CASH,TAKEAWAY,5,9
TXN107742,S003,2024-10-06,16:01,Sunday,4,79.0,0.0,11.85,90.85,MADA,DELIVERY,5,40
TXN107743,S003,2024-10-06,17:28,Sunday,2,48.0,0.0,7.2,55.2,CASH,DINE_IN,4,14
TXN107744,S003,2024-10-06,13:44,Sunday,3,32.0,3.2,4.32,33.12,CASH,DELIVERY,3,39
TXN107745,S003,2024-10-06,13:48,Sunday,4,97.0,0.0,14.55,111.55,DIGITAL_WALLET,TAKEAWAY,4,15
TXN107746,S003,2024-10-06,13:01,Sunday,2,25.0,0.0,3.75,28.75,DEBIT_CARD,DINE_IN,4,15
TXN107747,S003,2024-10-06,19:15,Sunday,4,85.0,0.0,12.75,97.75,MADA,DELIVERY,3,23
TXN107748,S003,2024-10-06,12:29,Sunday,2,20.0,0.0,3.0,23.0,DIGITAL_WALLET,DRIVE_THRU,4,7
TXN107749,S003,2024-10-06,17:11,Sunday,4,71.0,7.1,9.58,73.48,MADA,DRIVE_THRU,3,8
TXN107750,S003,2024-10-06,10:29,Sunday,4,65.0,0.0,9.75,74.75,MADA,DRIVE_THRU,4,7
TXN107751,S003,2024-10-06,10:49,Sunday,3,59.0,0.0,8.85,67.85,MADA,TAKEAWAY,5,11
TXN107752,S003,2024-10-06,19:05,Sunday,2,50.0,5.0,6.75,51.75,CASH,TAKEAWAY,5,5
TXN107753,S003,2024-10-06,12:34,Sunday,3,55.0,0.0,8.25,63.25,CASH,DINE_IN,5,8
TXN107754,S003,2024-10-06,10:01,Sunday,3,32.0,0.0,4.8,36.8,MADA,DELIVERY,5,25
TXN107755,S003,2024-10-06,09:59,Sunday,3,64.0,0.0,9.6,73.6,DEBIT_CARD,TAKEAWAY,2,10
TXN107756,S003,2024-10-06,19:57,Sunday,2,40.0,4.0,5.4,41.4,DIGITAL_WALLET,DINE_IN,5,12
TXN107757,S003,2024-10-06,12:28,Sunday,2,20.0,0.0,3.0,23.0,DIGITAL_WALLET,TAKEAWAY,4,12
TXN107758,S003,2024-10-06,13:59,Sunday,2,36.0,0.0,5.4,41.4,CREDIT_CARD,TAKEAWAY,3,14
TXN107759,S003,2024-10-06,17:28,Sunday,2,43.0,0.0,6.45,49.45,DIGITAL_WALLET,DRIVE_THRU,5,7
TXN107760,S003,2024-10-06,20:49,Sunday,3,44.0,0.0,6.6,50.6,DEBIT_CARD,DINE_IN,5,14
TXN107761,S003,2024-10-06,15:46,Sunday,4,87.0,0.0,13.05,100.05,DIGITAL_WALLET,DRIVE_THRU,4,7
TXN107762,S003,2024-10-06,17:56,Sunday,3,83.0,0.0,12.45,95.45,DEBIT_CARD,DELIVERY,5,40
TXN107763,S003,2024-10-06,13:04,Sunday,3,59.0,0.0,8.85,67.85,CREDIT_CARD,DRIVE_THRU,4,6
TXN107764,S003,2024-10-06,19:22,Sunday,2,42.0,0.0,6.3,48.3,DEBIT_CARD,DRIVE_THRU,2,4
TXN107765,S003,2024-10-06,23:38,Sunday,4,98.0,0.0,14.7,112.7,CREDIT_CARD,DINE_IN,5,10
TXN107766,S003,2024-10-06,23:15,Sunday,1,12.0,0.0,1.8,13.8,DIGITAL_WALLET,DELIVERY,4,26
TXN107767,S003,2024-10-06,19:42,Sunday,3,55.0,0.0,8.25,63.25,CASH,TAKEAWAY,4,10
TXN107768,S003,2024-10-06,21:32,Sunday,4,55.0,0.0,8.25,63.25,DIGITAL_WALLET,TAKEAWAY,3,12
TXN107769,S003,2024-10-06,18:55,Sunday,3,65.0,0.0,9.75,74.75,DEBIT_CARD,TAKEAWAY,3,8
TXN107770,S003,2024-10-06,18:49,Sunday,4,85.0,0.0,12.75,97.75,MADA,DELIVERY,5,21
TXN107771,S003,2024-10-06,23:19,Sunday,2,40.0,0.0,6.0,46.0,CASH,DINE_IN,5,11
TXN107772,S003,2024-10-06,10:00,Sunday,5,93.0,0.0,13.95,106.95,CREDIT_CARD,DELIVERY,4,22
TXN107773,S003,2024-10-06,13:27,Sunday,2,20.0,0.0,3.0,23.0,CREDIT_CARD,DELIVERY,5,40
TXN107774,S003,2024-10-06,12:25,Sunday,3,48.0,0.0,7.2,55.2,CASH,DRIVE_THRU,5,6
TXN107775,S003,2024-10-06,08:33,Sunday,3,52.0,0.0,7.8,59.8,CASH,DELIVERY,2,36
TXN107776,S003,2024-10-06,12:24,Sunday,3,53.0,0.0,7.95,60.95,CASH,TAKEAWAY,4,11
TXN107777,S003,2024-10-06,13:59,Sunday,3,50.0,0.0,7.5,57.5,DEBIT_CARD,DRIVE_THRU,1,3
TXN107778,S003,2024-10-06,18:34,Sunday,1,28.0,0.0,4.2,32.2,CASH,DRIVE_THRU,4,3
TXN107779,S003,2024-10-06,18:11,Sunday,1,32.0,0.0,4.8,36.8,MADA,DINE_IN,5,13
TXN107780,S003,2024-10-06,17:56,Sunday,1,10.0,0.0,1.5,11.5,MADA,DINE_IN,5,7
TXN107781,S003,2024-10-06,12:26,Sunday,3,70.0,0.0,10.5,80.5,DEBIT_CARD,DELIVERY,2,40
TXN107782,S003,2024-10-06,13:02,Sunday,3,55.0,0.0,8.25,63.25,DEBIT_CARD,DRIVE_THRU,3,4
TXN107783,S003,2024-10-06,10:14,Sunday,3,64.0,0.0,9.6,73.6,DIGITAL_WALLET,DELIVERY,5,27
TXN107784,S003,2024-10-06,13:13,Sunday,2,47.0,0.0,7.05,54.05,MADA,DRIVE_THRU,5,6
TXN107785,S003,2024-10-06,10:50,Sunday,2,37.0,0.0,5.55,42.55,DIGITAL_WALLET,TAKEAWAY,3,9
TXN107786,S003,2024-10-06,18:46,Sunday,3,45.0,0.0,6.75,51.75,DEBIT_CARD,TAKEAWAY,5,11
TXN107787,S003,2024-10-06,18:41,Sunday,3,77.0,0.0,11.55,88.55,DEBIT_CARD,TAKEAWAY,4,7
TXN107788,S003,2024-10-06,18:40,Sunday,2,57.0,0.0,8.55,65.55,DEBIT_CARD,DELIVERY,5,22
TXN107789,S003,2024-10-06,18:21,Sunday,4,75.0,0.0,11.25,86.25,DIGITAL_WALLET,DRIVE_THRU,5,6
TXN107790,S003,2024-10-06,13:05,Sunday,2,34.0,0.0,5.1,39.1,CASH,DRIVE_THRU,3,7
TXN107791,S003,2024-10-06,16:39,Sunday,2,40.0,4.0,5.4,41.4,CASH,DINE_IN,4,15
TXN107792,S003,2024-10-06,18:47,Sunday,3,53.0,0.0,7.95,60.95,DEBIT_CARD,DRIVE_THRU,4,4
TXN107793,S003,2024-10-06,19:15,Sunday,3,69.0,6.9,9.31,71.41,DIGITAL_WALLET,DELIVERY,5,38
TXN107794,S003,2024-10-06,18:20,Sunday,3,63.0,0.0,9.45,72.45,CASH,DELIVERY,4,24
TXN107795,S003,2024-10-06,18:33,Sunday,2,44.0,0.0,6.6,50.6,DEBIT_CARD,TAKEAWAY,3,5
TXN107796,S003,2024-10-06,16:38,Sunday,3,48.0,0.0,7.2,55.2,DEBIT_CARD,DINE_IN,5,13
TXN107797,S003,2024-10-06,12:35,Sunday,5,115.0,0.0,17.25,132.25,CREDIT_CARD,TAKEAWAY,4,13
TXN107798,S003,2024-10-06,19:18,Sunday,3,47.0,0.0,7.05,54.05,DIGITAL_WALLET,DINE_IN,4,10
TXN107799,S003,2024-10-06,13:12,Sunday,3,66.0,0.0,9.9,75.9,DEBIT_CARD,DINE_IN,4,12
TXN107800,S003,2024-10-06,09:32,Sunday,5,95.0,0.0,14.25,109.25,CREDIT_CARD,TAKEAWAY,4,7
TXN107801,S003,2024-10-06,17:28,Sunday,2,20.0,0.0,3.0,23.0,CASH,TAKEAWAY,4,6
TXN107802,S003,2024-10-06,10:22,Sunday,2,62.0,0.0,9.3,71.3,MADA,DRIVE_THRU,4,7
TXN107803,S003,2024-10-06,12:40,Sunday,3,52.0,0.0,7.8,59.8,MADA,TAKEAWAY,3,11
TXN107804,S004,2024-10-06,12:24,Sunday,2,18.0,0.0,2.7,20.7,MADA,DINE_IN,3,15
TXN107805,S004,2024-10-06,12:23,Sunday,3,50.0,0.0,7.5,57.5,DIGITAL_WALLET,DINE_IN,4,12
TXN107806,S004,2024-10-06,13:06,Sunday,2,51.0,0.0,7.65,58.65,CASH,TAKEAWAY,5,5
TXN107807,S004,2024-10-06,18:01,Sunday,4,78.0,0.0,11.7,89.7,DIGITAL_WALLET,DELIVERY,5,34
TXN107808,S004,2024-10-06,18:33,Sunday,2,51.0,0.0,7.65,58.65,MADA,TAKEAWAY,5,13
TXN107809,S004,2024-10-06,23:57,Sunday,2,40.0,4.0,5.4,41.4,CREDIT_CARD,DELIVERY,5,31
TXN107810,S004,2024-10-06,18:46,Sunday,3,65.0,0.0,9.75,74.75,CASH,TAKEAWAY,5,7
TXN107811,S004,2024-10-06,19:30,Sunday,1,8.0,0.0,1.2,9.2,CREDIT_CARD,TAKEAWAY,5,7
TXN107812,S004,2024-10-06,11:43,Sunday,2,38.0,0.0,5.7,43.7,DIGITAL_WALLET,TAKEAWAY,4,13
TXN107813,S004,2024-10-06,23:48,Sunday,4,55.0,0.0,8.25,63.25,CASH,TAKEAWAY,3,7
TXN107814,S004,2024-10-06,12:26,Sunday,4,73.0,0.0,10.95,83.95,DIGITAL_WALLET,DELIVERY,3,36
TXN107815,S004,2024-10-06,18:24,Sunday,3,46.0,0.0,6.9,52.9,DEBIT_CARD,DRIVE_THRU,5,5
TXN107816,S004,2024-10-06,12:03,Sunday,5,101.0,0.0,15.15,116.15,CASH,DELIVERY,2,40
TXN107817,S004,2024-10-06,12:54,Sunday,5,105.0,0.0,15.75,120.75,DEBIT_CARD,DINE_IN,4,15
TXN107818,S004,2024-10-06,13:49,Sunday,3,48.0,0.0,7.2,55.2,DIGITAL_WALLET,DELIVERY,3,28
TXN107819,S004,2024-10-06,11:59,Sunday,3,44.0,0.0,6.6,50.6,CASH,DRIVE_THRU,2,4
TXN107820,S004,2024-10-06,14:41,Sunday,1,18.0,0.0,2.7,20.7,CREDIT_CARD,DRIVE_THRU,3,4
TXN107821,S004,2024-10-06,18:32,Sunday,3,47.0,0.0,7.05,54.05,CREDIT_CARD,DRIVE_THRU,4,8
TXN107822,S004,2024-10-06,18:00,Sunday,5,81.0,0.0,12.15,93.15,DIGITAL_WALLET,DELIVERY,4,24
TXN107823,S004,2024-10-06,19:58,Sunday,3,54.0,0.0,8.1,62.1,DEBIT_CARD,DRIVE_THRU,5,4
TXN107824,S004,2024-10-06,11:35,Sunday,3,50.0,5.0,6.75,51.75,DIGITAL_WALLET,DINE_IN,4,7
TXN107825,S004,2024-10-06,12:04,Sunday,4,63.0,0.0,9.45,72.45,DIGITAL_WALLET,DELIVERY,5,39
TXN107826,S004,2024-10-06,20:17,Sunday,2,22.0,0.0,3.3,25.3,DEBIT_CARD,DELIVERY,2,34
TXN107827,S004,2024-10-06,13:04,Sunday,3,81.0,0.0,12.15,93.15,MADA,DRIVE_THRU,5,8
TXN107828,S004,2024-10-06,08:34,Sunday,2,42.0,0.0,6.3,48.3,MADA,DELIVERY,4,31
TXN107829,S004,2024-10-06,19:57,Sunday,1,25.0,0.0,3.75,28.75,DEBIT_CARD,DRIVE_THRU,4,4
TXN107830,S004,2024-10-06,13:41,Sunday,2,34.0,0.0,5.1,39.1,CREDIT_CARD,DRIVE_THRU,4,4
TXN107831,S004,2024-10-06,18:41,Sunday,3,43.0,4.3,5.81,44.51,DEBIT_CARD,TAKEAWAY,4,15
TXN107832,S004,2024-10-06,17:42,Sunday,4,94.0,9.4,12.69,97.29,MADA,TAKEAWAY,4,6
TXN107833,S004,2024-10-06,11:43,Sunday,4,85.0,0.0,12.75,97.75,MADA,TAKEAWAY,4,15
TXN107834,S004,2024-10-06,19:41,Sunday,2,22.0,0.0,3.3,25.3,MADA,DELIVERY,5,34
TXN107835,S004,2024-10-06,18:06,Sunday,3,83.0,0.0,12.45,95.45,MADA,DRIVE_THRU,5,7
TXN107836,S004,2024-10-06,19:22,Sunday,2,22.0,0.0,3.3,25.3,MADA,DRIVE_THRU,5,6
TXN107837,S004,2024-10-06,14:15,Sunday,1,8.0,0.0,1.2,9.2,DEBIT_CARD,DINE_IN,4,7
TXN107838,S004,2024-10-06,19:49,Sunday,5,88.0,8.8,11.88,91.08,CASH,DINE_IN,4,11
TXN107839,S004,2024-10-06,12:40,Sunday,2,42.0,4.2,5.67,43.47,MADA,DELIVERY,4,30
TXN107840,S004,2024-10-06,15:38,Sunday,3,58.0,0.0,8.7,66.7,MADA,DINE_IN,5,9
TXN107841,S004,2024-10-06,09:50,Sunday,2,25.0,0.0,3.75,28.75,DIGITAL_WALLET,DELIVERY,4,33
TXN107842,S004,2024-10-06,11:21,Sunday,3,85.0,0.0,12.75,97.75,MADA,TAKEAWAY,5,6
TXN107843,S004,2024-10-06,15:12,Sunday,3,87.0,0.0,13.05,100.05,CASH,DRIVE_THRU,4,6
TXN107844,S004,2024-10-06,19:00,Sunday,4,105.0,0.0,15.75,120.75,CASH,TAKEAWAY,4,10
TXN107845,S004,2024-10-06,18:39,Sunday,3,56.0,0.0,8.4,64.4,CASH,TAKEAWAY,4,9
TXN107846,S004,2024-10-06,10:50,Sunday,1,15.0,0.0,2.25,17.25,DEBIT_CARD,DELIVERY,3,28
TXN107847,S004,2024-10-06,13:29,Sunday,3,46.0,0.0,6.9,52.9,CASH,DRIVE_THRU,4,5
TXN107848,S004,2024-10-06,18:52,Sunday,3,41.0,0.0,6.15,47.15,MADA,DRIVE_THRU,5,8
TXN107849,S004,2024-10-06,13:06,Sunday,2,44.0,4.4,5.94,45.54,CREDIT_CARD,TAKEAWAY,2,15
TXN107850,S004,2024-10-06,12:55,Sunday,2,25.0,0.0,3.75,28.75,DIGITAL_WALLET,TAKEAWAY,2,15
TXN107851,S004,2024-10-06,19:23,Sunday,5,88.0,0.0,13.2,101.2,CREDIT_CARD,DELIVERY,4,35
TXN107852,S004,2024-10-06,17:43,Sunday,1,10.0,0.0,1.5,11.5,CASH,TAKEAWAY,4,11
TXN107853,S004,2024-10-06,17:39,Sunday,2,18.0,0.0,2.7,20.7,DIGITAL_WALLET,DELIVERY,4,23
TXN107854,S004,2024-10-06,23:45,Sunday,3,43.0,0.0,6.45,49.45,DEBIT_CARD,DELIVERY,4,20
TXN107855,S004,2024-10-06,19:14,Sunday,2,62.0,0.0,9.3,71.3,MADA,DINE_IN,5,7
TXN107856,S004,2024-10-06,16:08,Sunday,4,68.0,0.0,10.2,78.2,MADA,TAKEAWAY,4,10
TXN107857,S004,2024-10-06,20:34,Sunday,2,42.0,0.0,6.3,48.3,CREDIT_CARD,DINE_IN,4,11
TXN107858,S004,2024-10-06,16:37,Sunday,2,35.0,0.0,5.25,40.25,CASH,DELIVERY,5,29
TXN107859,S004,2024-10-06,17:55,Sunday,1,15.0,1.5,2.02,15.52,DIGITAL_WALLET,DINE_IN,5,12
TXN107860,S004,2024-10-06,23:08,Sunday,2,34.0,0.0,5.1,39.1,CREDIT_CARD,DINE_IN,2,14
TXN107861,S004,2024-10-06,12:13,Sunday,2,36.0,0.0,5.4,41.4,MADA,DRIVE_THRU,5,6
TXN107862,S004,2024-10-06,09:09,Sunday,3,39.0,0.0,5.85,44.85,MADA,DRIVE_THRU,4,3
TXN107863,S004,2024-10-06,19:28,Sunday,3,54.0,0.0,8.1,62.1,DIGITAL_WALLET,DRIVE_THRU,4,7
TXN107864,S004,2024-10-06,19:41,Sunday,3,77.0,0.0,11.55,88.55,MADA,DELIVERY,4,33
TXN107865,S004,2024-10-06,17:10,Sunday,4,68.0,0.0,10.2,78.2,CASH,DELIVERY,4,35
TXN107866,S004,2024-10-06,17:13,Sunday,1,10.0,0.0,1.5,11.5,DEBIT_CARD,TAKEAWAY,4,6
TXN107867,S004,2024-10-06,13:38,Sunday,3,42.0,0.0,6.3,48.3,MADA,DRIVE_THRU,5,7
TXN107868,S004,2024-10-06,15:57,Sunday,3,52.0,0.0,7.8,59.8,CASH,DRIVE_THRU,5,3
TXN107869,S004,2024-10-06,19:08,Sunday,4,84.0,0.0,12.6,96.6,CREDIT_CARD,DINE_IN,4,8
TXN107870,S004,2024-10-06,18:58,Sunday,1,10.0,0.0,1.5,11.5,CREDIT_CARD,DRIVE_THRU,4,7
TXN107871,S004,2024-10-06,13:14,Sunday,5,112.0,11.2,15.12,115.92,DEBIT_CARD,DINE_IN,4,6
TXN107872,S004,2024-10-06,12:27,Sunday,5,68.0,0.0,10.2,78.2,MADA,TAKEAWAY,4,14
TXN107873,S004,2024-10-06,14:10,Sunday,3,70.0,0.0,10.5,80.5,DIGITAL_WALLET,TAKEAWAY,4,5
TXN107874,S004,2024-10-06,19:08,Sunday,3,60.0,0.0,9.0,69.0,MADA,TAKEAWAY,4,7
TXN107875,S004,2024-10-06,18:36,Sunday,1,12.0,0.0,1.8,13.8,CASH,DRIVE_THRU,4,4
TXN107876,S004,2024-10-06,19:59,Sunday,3,34.0,0.0,5.1,39.1,DIGITAL_WALLET,TAKEAWAY,3,10
TXN107877,S004,2024-10-06,10:34,Sunday,2,38.0,0.0,5.7,43.7,DEBIT_CARD,TAKEAWAY,5,8
TXN107878,S004,2024-10-06,09:37,Sunday,2,30.0,3.0,4.05,31.05,DIGITAL_WALLET,DELIVERY,5,36
TXN107879,S004,2024-10-06,12:06,Sunday,4,62.0,0.0,9.3,71.3,CREDIT_CARD,DINE_IN,4,15
TXN107880,S004,2024-10-06,10:41,Sunday,3,69.0,0.0,10.35,79.35,DEBIT_CARD,DRIVE_THRU,4,4
TXN107881,S004,2024-10-06,10:36,Sunday,4,66.0,0.0,9.9,75.9,DEBIT_CARD,DINE_IN,4,9
TXN107882,S004,2024-10-06,18:50,Sunday,3,53.0,5.3,7.16,54.86,DIGITAL_WALLET,TAKEAWAY,4,11
TXN107883,S004,2024-10-06,23:15,Sunday,3,75.0,0.0,11.25,86.25,CREDIT_CARD,DRIVE_THRU,4,7
TXN107884,S004,2024-10-06,19:11,Sunday,5,114.0,0.0,17.1,131.1,DIGITAL_WALLET,DELIVERY,5,31
TXN107885,S004,2024-10-06,11:16,Sunday,3,81.0,0.0,12.15,93.15,DIGITAL_WALLET,TAKEAWAY,5,9
TXN107886,S004,2024-10-06,14:33,Sunday,3,52.0,0.0,7.8,59.8,CASH,DRIVE_THRU,4,3
TXN107887,S004,2024-10-06,13:32,Sunday,4,96.0,0.0,14.4,110.4,DIGITAL_WALLET,DELIVERY,2,32
TXN107888,S004,2024-10-06,09:02,Sunday,3,28.0,0.0,4.2,32.2,CREDIT_CARD,TAKEAWAY,5,7
TXN107889,S004,2024-10-06,19:11,Sunday,3,75.0,0.0,11.25,86.25,DEBIT_CARD,TAKEAWAY,5,8
TXN107890,S004,2024-10-06,18:16,Sunday,2,48.0,0.0,7.2,55.2,DIGITAL_WALLET,DINE_IN,3,11
TXN107891,S004,2024-10-06,12:02,Sunday,3,60.0,0.0,9.0,69.0,DIGITAL_WALLET,DINE_IN,4,14
TXN107892,S004,2024-10-06,16:30,Sunday,4,78.0,0.0,11.7,89.7,CASH,TAKEAWAY,5,15
TXN107893,S004,2024-10-06,18:36,Sunday,5,107.0,0.0,16.05,123.05,DEBIT_CARD,TAKEAWAY,4,15
TXN107894,S004,2024-10-06,12:08,Sunday,5,101.0,0.0,15.15,116.15,DIGITAL_WALLET,DINE_IN,5,15
TXN107895,S004,2024-10-06,10:28,Sunday,4,58.0,0.0,8.7,66.7,CASH,DELIVERY,5,33
TXN107896,S004,2024-10-06,13:34,Sunday,3,77.0,0.0,11.55,88.55,DEBIT_CARD,DINE_IN,5,13
TXN107897,S004,2024-10-06,18:30,Sunday,3,64.0,0.0,9.6,73.6,MADA,DRIVE_THRU,4,6
TXN107898,S004,2024-10-06,10:48,Sunday,2,40.0,0.0,6.0,46.0,CASH,DINE_IN,5,7
TXN107899,S004,2024-10-06,12:04,Sunday,2,58.0,0.0,8.7,66.7,MADA,DRIVE_THRU,3,7
TXN107900,S004,2024-10-06,19:39,Sunday,4,68.0,0.0,10.2,78.2,DIGITAL_WALLET,DRIVE_THRU,4,7
TXN107901,S004,2024-10-06,12:14,Sunday,3,64.0,0.0,9.6,73.6,CREDIT_CARD,DELIVERY,3,24
TXN107902,S004,2024-10-06,13:02,Sunday,2,36.0,0.0,5.4,41.4,DIGITAL_WALLET,DELIVERY,5,32
TXN107903,S004,2024-10-06,10:25,Sunday,2,30.0,0.0,4.5,34.5,CREDIT_CARD,DELIVERY,4,33
TXN107904,S004,2024-10-06,18:40,Sunday,4,82.0,0.0,12.3,94.3,MADA,DINE_IN,5,9
TXN107905,S004,2024-10-06,20:02,Sunday,3,62.0,0.0,9.3,71.3,CREDIT_CARD,TAKEAWAY,5,14
TXN107906,S004,2024-10-06,12:35,Sunday,2,30.0,0.0,4.5,34.5,DEBIT_CARD,DRIVE_THRU,4,4
TXN107907,S004,2024-10-06,18:31,Sunday,2,42.0,0.0,6.3,48.3,CASH,DRIVE_THRU,4,5
TXN107908,S004,2024-10-06,19:02,Sunday,4,58.0,0.0,8.7,66.7,CASH,TAKEAWAY,5,10
TXN107909,S004,2024-10-06,21:14,Sunday,2,33.0,0.0,4.95,37.95,MADA,DRIVE_THRU,5,7
TXN107910,S004,2024-10-06,10:40,Sunday,4,77.0,0.0,11.55,88.55,MADA,DELIVERY,4,26
TXN107911,S004,2024-10-06,19:08,Sunday,2,47.0,0.0,7.05,54.05,DEBIT_CARD,DRIVE_THRU,4,8
TXN107912,S004,2024-10-06,19:43,Sunday,3,42.0,0.0,6.3,48.3,CREDIT_CARD,DELIVERY,4,30
TXN107913,S004,2024-10-06,12:00,Sunday,2,51.0,0.0,7.65,58.65,CASH,DELIVERY,3,35
TXN107914,S004,2024-10-06,12:41,Sunday,4,73.0,0.0,10.95,83.95,CREDIT_CARD,DINE_IN,5,13
TXN107915,S004,2024-10-06,19:44,Sunday,2,22.0,0.0,3.3,25.3,DEBIT_CARD,DELIVERY,5,20
TXN107916,S004,2024-10-06,19:57,Sunday,2,54.0,0.0,8.1,62.1,DIGITAL_WALLET,TAKEAWAY,4,13
TXN107917,S004,2024-10-06,19:37,Sunday,2,38.0,0.0,5.7,43.7,CASH,DELIVERY,4,25
TXN107918,S004,2024-10-06,16:40,Sunday,1,12.0,0.0,1.8,13.8,MADA,DRIVE_THRU,5,3
TXN107919,S004,2024-10-06,10:42,Sunday,1,18.0,1.8,2.43,18.63,CASH,DINE_IN,2,5
TXN107920,S004,2024-10-06,10:11,Sunday,4,116.0,0.0,17.4,133.4,MADA,TAKEAWAY,4,10
TXN107921,S004,2024-10-06,11:18,Sunday,2,26.0,0.0,3.9,29.9,DIGITAL_WALLET,DELIVERY,4,21
TXN107922,S004,2024-10-06,19:55,Sunday,4,78.0,0.0,11.7,89.7,DEBIT_CARD,DELIVERY,5,36
TXN107923,S004,2024-10-06,15:36,Sunday,3,60.0,0.0,9.0,69.0,CREDIT_CARD,DRIVE_THRU,5,8
TXN107924,S004,2024-10-06,19:23,Sunday,3,64.0,0.0,9.6,73.6,CASH,DELIVERY,5,35
TXN107925,S004,2024-10-06,13:16,Sunday,4,96.0,0.0,14.4,110.4,DEBIT_CARD,TAKEAWAY,4,9
TXN107926,S004,2024-10-06,16:38,Sunday,2,51.0,0.0,7.65,58.65,CASH,DINE_IN,1,9
TXN107927,S004,2024-10-06,12:06,Sunday,5,105.0,0.0,15.75,120.75,DIGITAL_WALLET,DINE_IN,4,8
TXN107928,S004,2024-10-06,08:17,Sunday,2,48.0,0.0,7.2,55.2,CASH,DINE_IN,4,7
TXN107929,S004,2024-10-06,12:49,Sunday,2,57.0,0.0,8.55,65.55,MADA,DINE_IN,5,9
TXN107930,S004,2024-10-06,21:43,Sunday,3,50.0,5.0,6.75,51.75,DEBIT_CARD,TAKEAWAY,5,8
TXN107931,S004,2024-10-06,17:56,Sunday,3,52.0,0.0,7.8,59.8,MADA,DINE_IN,5,15
TXN107932,S004,2024-10-06,20:52,Sunday,3,35.0,0.0,5.25,40.25,CASH,DINE_IN,4,13
TXN107933,S004,2024-10-06,12:07,Sunday,4,96.0,0.0,14.4,110.4,DEBIT_CARD,DINE_IN,4,12
TXN107934,S004,2024-10-06,23:42,Sunday,3,38.0,0.0,5.7,43.7,CREDIT_CARD,DELIVERY,5,28
TXN107935,S004,2024-10-06,19:47,Sunday,1,10.0,0.0,1.5,11.5,DIGITAL_WALLET,DRIVE_THRU,5,3
TXN107936,S004,2024-10-06,17:28,Sunday,1,15.0,0.0,2.25,17.25,CREDIT_CARD,TAKEAWAY,4,11
TXN107937,S004,2024-10-06,11:02,Sunday,3,47.0,0.0,7.05,54.05,CASH,TAKEAWAY,5,14
TXN107938,S004,2024-10-06,16:37,Sunday,5,79.0,0.0,11.85,90.85,DEBIT_CARD,DRIVE_THRU,4,8
TXN107939,S004,2024-10-06,18:59,Sunday,3,36.0,0.0,5.4,41.4,CREDIT_CARD,DELIVERY,5,37
TXN107940,S004,2024-10-06,16:19,Sunday,3,51.0,0.0,7.65,58.65,DEBIT_CARD,DINE_IN,5,6
TXN107941,S004,2024-10-06,19:14,Sunday,3,72.0,0.0,10.8,82.8,CREDIT_CARD,DINE_IN,3,7
TXN107942,S004,2024-10-06,10:46,Sunday,3,34.0,3.4,4.59,35.19,DEBIT_CARD,DRIVE_THRU,5,3
TXN107943,S004,2024-10-06,18:11,Sunday,4,85.0,0.0,12.75,97.75,DIGITAL_WALLET,DRIVE_THRU,3,5
TXN107944,S004,2024-10-06,15:27,Sunday,3,61.0,0.0,9.15,70.15,DIGITAL_WALLET,TAKEAWAY,1,6
TXN107945,S004,2024-10-06,18:59,Sunday,5,90.0,0.0,13.5,103.5,MADA,DINE_IN,5,12
TXN107946,S004,2024-10-06,13:21,Sunday,4,58.0,0.0,8.7,66.7,DEBIT_CARD,DINE_IN,5,10
TXN107947,S004,2024-10-06,13:05,Sunday,1,12.0,0.0,1.8,13.8,MADA,DINE_IN,5,8
TXN107948,S004,2024-10-06,08:43,Sunday,2,37.0,3.7,4.99,38.29,DEBIT_CARD,TAKEAWAY,4,5
TXN107949,S004,2024-10-06,12:29,Sunday,2,42.0,0.0,6.3,48.3,MADA,DELIVERY,5,34
TXN107950,S004,2024-10-06,11:03,Sunday,2,25.0,0.0,3.75,28.75,CASH,TAKEAWAY,3,13
TXN107951,S004,2024-10-06,18:30,Sunday,3,50.0,0.0,7.5,57.5,DEBIT_CARD,TAKEAWAY,5,5
TXN107952,S004,2024-10-06,13:40,Sunday,4,72.0,0.0,10.8,82.8,DEBIT_CARD,DRIVE_THRU,4,5
TXN107953,S004,2024-10-06,18:38,Sunday,1,15.0,0.0,2.25,17.25,CASH,DELIVERY,3,40
TXN107954,S004,2024-10-06,18:57,Sunday,2,55.0,0.0,8.25,63.25,DIGITAL_WALLET,DRIVE_THRU,4,3
TXN107955,S004,2024-10-06,19:00,Sunday,1,12.0,0.0,1.8,13.8,CREDIT_CARD,DINE_IN,4,7
TXN107956,S004,2024-10-06,12:00,Sunday,4,51.0,0.0,7.65,58.65,MADA,DRIVE_THRU,2,5
TXN107957,S004,2024-10-06,18:12,Sunday,3,37.0,0.0,5.55,42.55,DEBIT_CARD,DELIVERY,2,24
TXN107958,S004,2024-10-06,11:38,Sunday,4,81.0,0.0,12.15,93.15,CASH,TAKEAWAY,4,14
TXN107959,S004,2024-10-06,13:57,Sunday,4,94.0,9.4,12.69,97.29,CREDIT_CARD,DINE_IN,3,6
TXN107960,S004,2024-10-06,13:08,Sunday,2,51.0,0.0,7.65,58.65,MADA,DINE_IN,3,6
TXN107961,S004,2024-10-06,09:37,Sunday,3,86.0,0.0,12.9,98.9,DEBIT_CARD,DRIVE_THRU,5,4
TXN107962,S004,2024-10-06,14:44,Sunday,2,27.0,0.0,4.05,31.05,CREDIT_CARD,DRIVE_THRU,4,6
TXN107963,S004,2024-10-06,11:15,Sunday,3,56.0,0.0,8.4,64.4,DEBIT_CARD,DINE_IN,5,9
TXN107964,S004,2024-10-06,12:24,Sunday,3,35.0,0.0,5.25,40.25,DEBIT_CARD,DINE_IN,3,11
TXN107965,S004,2024-10-06,19:23,Sunday,4,75.0,7.5,10.12,77.62,CASH,DINE_IN,4,15
TXN107966,S004,2024-10-06,15:41,Sunday,2,27.0,0.0,4.05,31.05,CREDIT_CARD,DELIVERY,3,24
TXN107967,S004,2024-10-06,12:17,Sunday,4,93.0,0.0,13.95,106.95,DEBIT_CARD,DRIVE_THRU,4,8
TXN107968,S004,2024-10-06,19:22,Sunday,1,30.0,0.0,4.5,34.5,DEBIT_CARD,DELIVERY,5,29
TXN107969,S004,2024-10-06,18:07,Sunday,4,72.0,0.0,10.8,82.8,DEBIT_CARD,DRIVE_THRU,4,6
TXN107970,S004,2024-10-06,18:38,Sunday,2,56.0,0.0,8.4,64.4,DIGITAL_WALLET,TAKEAWAY,3,6
TXN107971,S004,2024-10-06,19:29,Sunday,3,45.0,4.5,6.08,46.58,DEBIT_CARD,DELIVERY,4,36
TXN107972,S004,2024-10-06,13:33,Sunday,2,58.0,0.0,8.7,66.7,DEBIT_CARD,TAKEAWAY,4,8
TXN107973,S004,2024-10-06,10:28,Sunday,2,26.0,0.0,3.9,29.9,CREDIT_CARD,DINE_IN,4,12
TXN107974,S004,2024-10-06,19:41,Sunday,3,70.0,0.0,10.5,80.5,MADA,DINE_IN,5,6
TXN107975,S004,2024-10-06,18:09,Sunday,3,38.0,3.8,5.13,39.33,MADA,DINE_IN,5,11
TXN107976,S004,2024-10-06,12:48,Sunday,2,54.0,0.0,8.1,62.1,CASH,DRIVE_THRU,2,8
TXN107977,S004,2024-10-06,13:31,Sunday,4,78.0,0.0,11.7,89.7,CREDIT_CARD,DRIVE_THRU,5,5
TXN107978,S004,2024-10-06,16:41,Sunday,4,98.0,0.0,14.7,112.7,CASH,DELIVERY,5,29
TXN107979,S004,2024-10-06,16:45,Sunday,4,93.0,0.0,13.95,106.95,MADA,DRIVE_THRU,4,7
TXN107980,S004,2024-10-06,19:35,Sunday,1,10.0,0.0,1.5,11.5,DIGITAL_WALLET,DRIVE_THRU,3,6
TXN107981,S004,2024-10-06,12:55,Sunday,3,65.0,0.0,9.75,74.75,CREDIT_CARD,DINE_IN,4,11
TXN107982,S004,2024-10-06,19:59,Sunday,3,38.0,0.0,5.7,43.7,DEBIT_CARD,DRIVE_THRU,2,5
TXN107983,S004,2024-10-06,19:49,Sunday,4,67.0,0.0,10.05,77.05,DIGITAL_WALLET,DRIVE_THRU,5,8
TXN107984,S004,2024-10-06,19:23,Sunday,3,50.0,0.0,7.5,57.5,MADA,TAKEAWAY,5,5
TXN107985,S004,2024-10-06,15:15,Sunday,2,42.0,0.0,6.3,48.3,CASH,DINE_IN,5,5
TXN107986,S004,2024-10-06,20:37,Sunday,2,62.0,0.0,9.3,71.3,MADA,DRIVE_THRU,5,7
TXN107987,S004,2024-10-06,18:36,Sunday,1,25.0,0.0,3.75,28.75,MADA,DRIVE_THRU,5,6
TXN107988,S004,2024-10-06,21:45,Sunday,2,50.0,0.0,7.5,57.5,MADA,DINE_IN,2,6
TXN107989,S004,2024-10-06,16:00,Sunday,4,100.0,0.0,15.0,115.0,DEBIT_CARD,DINE_IN,4,6
TXN107990,S004,2024-10-06,18:44,Sunday,2,23.0,2.3,3.1,23.8,CASH,TAKEAWAY,5,12
TXN107991,S004,2024-10-06,13:23,Sunday,4,65.0,0.0,9.75,74.75,DIGITAL_WALLET,DINE_IN,4,12
TXN107992,S004,2024-10-06,16:44,Sunday,5,120.0,0.0,18.0,138.0,MADA,DELIVERY,4,37
TXN107993,S004,2024-10-06,15:04,Sunday,3,80.0,0.0,12.0,92.0,CASH,TAKEAWAY,2,10
TXN107994,S004,2024-10-06,18:18,Sunday,2,33.0,0.0,4.95,37.95,DEBIT_CARD,TAKEAWAY,4,12
TXN107995,S004,2024-10-06,18:12,Sunday,4,84.0,0.0,12.6,96.6,CREDIT_CARD,DRIVE_THRU,5,4
TXN107996,S004,2024-10-06,18:22,Sunday,3,65.0,0.0,9.75,74.75,CASH,DELIVERY,5,30
TXN107997,S004,2024-10-06,12:19,Sunday,2,57.0,0.0,8.55,65.55,CREDIT_CARD,DINE_IN,5,11
TXN107998,S004,2024-10-06,19:22,Sunday,2,28.0,0.0,4.2,32.2,MADA,DELIVERY,2,32
TXN107999,S004,2024-10-06,18:52,Sunday,5,119.0,0.0,17.85,136.85,DIGITAL_WALLET,DRIVE_THRU,3,6
